id,state,region,chapter,delta_type,hero_name,status_change,new_tattoo_level,bond_status,key_event,new_relationships,inherited_from,notes
karnataka,Karnataka,south,2,death,Tungabhadra,deceased,3,bond-transferred,Destroys the imperial throne-stone publicly at the new-moon ceremony; dies in the buried-temple chamber collapse alongside Bhoomi-Takshaka. Both Bloodline-A heirs fall under the same rubble.,Krishnadevaraya-Bhrata inherits the elephant-bond; Hampi-of-the-Bronze becomes his ward; Veerappa-Hadali holds the Council veto she promised,—,Hero death is the spine event of the entire male-led restructure. Her Stage III mark passes to her cousin unworn; he begins again at Stage I.
karnataka,Karnataka,south,2,new-hero,Krishnadevaraya-Bhrata,active,1,bond-inherited,Defected from Bhoomi-Takshaka's Restorationist court three weeks before the new-moon ceremony with the buried-temple blueprints. After the throne-stone falls Gajasena walks to him and the elephant-tattoo appears on his right shoulder-blade. Reads Old Parashurama's bird-letter at chapter's end and accepts the invitation to Kerala.,Bloodline-A cousin to Tungabhadra (deceased) and to her half-sister Krishnaveni of AP; twin brother to Bhoomi-Takshaka (deceased); ward of Hampi-of-the-Bronze and the Third Herald; student-elect of Old Parashurama,Tungabhadra (cousin),"New hero of Karnataka. Will be the Maha-Adhipati of Volume I. Yudhishthira-mapped (reluctant king), 36 years old at the moment of the bond transfer."
andaman,Andaman & Nicobar,east,2,status,Onge-Nakshatra,active,2,bond-stable,No direct Ch 2 prose yet — referenced indirectly in Goa as a distant Bloodline-E cousin who could potentially recover Sagaradeva's lost tridents. Onge-Nakshatra's own Chapter 2 arc TBD in a later session.,—,—,Placeholder — awaiting full Ch 2 story for Sagara-Ratna.
goa,Goa,west,2,death,Sagaradeva,deceased,3,bond-walking,"Raised the oldest Konkan cyclone alone in Mormugao Bay using both Samudra and Lahara tridents. Killed Maha-Vega in the storm (cyclone-eye shot at the storm-form's shoulder; throat-shot at the man inside). Lost both tridents into the bay with the body. Held the cyclone empty-handed until the foreign flagship broke on the rocks below Aguada Fort. Released the storm. The release killed him. Body recovered at Sinquerim by Sona Tendulkar.",Bloodline-E uncle to Shivagati (Maharashtra — about to receive the walking gaur-bond); cousin to Simhavikrama (Gujarat) and Mrigatrishna (Rajasthan); distant cousin of Onge-Nakshatra (Andaman) via the same line; the gaur-bond is in transit to Shivagati first then Simhavikrama,Shivagati then Simhavikrama (double-walking transfer),"Karna-fate fulfilled. He kept the 1873 promise extracted by Bhau Tendulkar's great-grandfather past the point at which it should have been let go. The tridents are lost (53m down in Mormugao Bay). His Stage IV is unearned and unassigned at chapter's end — the mark walks on the gaur herself through the Konkan forest. Per D9 the gaur-bond ends in Ch 3 with Simhavikrama (Gujarat) as the second permanent inheritor of a Bloodline-E double-bond. He is buried alongside Maha-Vega in the same coastal grove by Sona Tendulkar's decision."
maharashtra,Maharashtra,west,2,double-bond,Shivagati,active,"Sq 2.5 / Gr 1",squirrel-stable + gaur-arrived,"Maintained her Ch 1 federation through the first month of Vanaraksha's primogeniture petition (council count 14-24-9). On day 31 the Goan gaur arrives at her cliff-edge outpost three nights after Sagaradeva's death; the gaur-bond settles as her second bond, hoofprint forms mid-back. Spends a fortnight tour-climbing her remaining forts. On day 49 climbs the eastern wall of Tanaji-the-Second's silent fort alone and unarmed; presents herself in his command-room; he kneels in half-recognition. Squirrel-foreleg completes. Three more forts convert in the following fortnight. Federation count ends 27-20 in her favour. Survives Ch 2 wounded only in trust.",Bloodline-E niece to Sagaradeva (deceased Goa) and cousin to Simhavikrama (Gujarat); elder sister to Vanaraksha; cousin Bhausaheb at Sinhagad is her closest non-Vanaraksha kin; Tanaji-the-Second becomes her first follower-by-skill; partnered (federation) with Ferreira-de-Sangam in Goa via exchanged pigeon-letters,—,"First double-bonded hero in the saga (squirrel + gaur). Abhimanyu-mapped (the brilliant young warrior caught in the chakravyuha she cannot fully exit). Survives Chapter Two with cracks visible — Vanaraksha alive, half her kingdom against her, Maw has taken one of her squirrels. Per restructure §4 she dies in Chapter Three in a duel with Vanaraksha; the squirrel-bond dies with her body, the gaur-bond walks again to Simhavikrama. Her elder cousin Bhausaheb-the-First's grave remains under Vanaraksha's flag at chapter's end — the next-chapter recovery problem."
uttar-pradesh,Uttar Pradesh,north,2,step-back,Gangaputra,active,3,bond-split,"Discovered the existence of his 14-year-old son Yamunadatta on day 1 when Radhika of Vrindavan brought the boy to the Lucknow throne-room. Adharma published the elder-bloodline claim from Banaras within 48 hours. Three nights of indecision at the Ganga; Sage Vidyaranya's spirit (cross-kingdom appearance) gave the Krishna-shadow counsel. At the Bara Imambara assembly (~9,000 in attendance) acknowledged the boy and abdicated in his favour in the same speech; placed the Dwadash-Mukut on the boy's head in the half-kneel of dharmic transfer. Mahaguru Drona-of-the-Plain's straight testimony denied Adharma's regency-counter-writ. Stage III foreleg-mark completed at the half-kneel — earned by surrender, not victory.",Bloodline-B half-brother to Adharma (alive in Banaras still drafting writs); now father to Yamunadatta (acknowledged heir of UP); regent-protector under the Imambara settlement; cousin (B+A) to Krishnadevaraya-Bhrata of Karnataka — they exchange pigeon-letters by chapter end; former student of Mahaguru Drona-of-the-Plain (whose 40-year debt to Adharma-Kendra was reversed by his Imambara testimony); ex-lover to Radhika of Vrindavan (now a third-party arbitration-seat dharmic counsellor),—,"Krishna-mapped (the driver of the chariot, not its rider). The first 'step-back' hero of Chapter 2 — survives, retains the bond, transfers the throne. The barasingha-bond splits into a SPLIT-BOND across two bodies (father at Stage III, son at Stage I) — a saga first, distinct from Maharashtra's double-bond (two animals one body). Per restructure §4 he holds the regent role through Ch 3 and Ch 4; the Stage IV full-body mark he releases to Yamunadatta. Will be the senior North voice at the Sanctuary convening."
uttar-pradesh,Uttar Pradesh,north,2,new-king,Yamunadatta,active,1,bond-inherited-split,"Brought by his mother Radhika from Vrindavan on day 1; named publicly by his father at the throne-room within hours; named again by Adharma at Dasaswamedh Ghat in Banaras 48 hours later. Briefed for ten days by Vidura-Babu in private chamber sessions before the Imambara assembly. Accepted the throne and the regency arrangement in one composed declaration at the Imambara. Sarus Crane landed on his shoulder during the assembly — Stage I hoofprint forms over the following week on his upper back. Survives Ch 2 as the visible Maharaj of UP.",Son of Gangaputra (B) and Radhika (A); half-Bloodline-B / half-Bloodline-A; nephew of Adharma (with whom he has refused political alignment); cousin (and now formally cousin-nephew per Krishnadevaraya-Bhrata's bird-letter) to Krishnadevaraya-Bhrata of Karnataka; will be the boy his uncle Krishnadevaraya-Bhrata meets at the Sanctuary; ward of Vidura-Babu administratively and of his mother Radhika dharmically,—,"Abhimanyu-mapped (the young warrior given more than his years should hold). Fourteen at his coronation. Will grow into the visible throne-figure of the North Dominant in Ch 3 — the senior crown of the Council. Will earn Stages II-III in Ch 3 (Beast-Rising + Unity Trial), Stage IV in Ch 4 (Kurukshetra). His Bloodline-A heritage (through Radhika's Gajavamsha-Vrindavan line) makes him cousin to Krishnadevaraya-Bhrata and to Krishnaveni — the throne-line of Vol I now runs through three Bloodline-A-touched heroes (Krishnadevaraya-Bhrata, Yamunadatta, and the deceased Tungabhadra's lineage)."
madhya-pradesh,Madhya Pradesh,central,2,cracked-survival,Dvadashashringa,active,"3 (cracked)",bond-cracked,"Twelve-court system founded in his Ch 1 reign collapses under famine pressure. Adharma-Kendra returns as a 'neutral senior counsellor' weaponising abstain-only voting; courts deadlock for seven weeks while famine deaths climb. Sutrakara (12) presents corrected mortality arithmetic at the assembly; her motion is denied 10-1 with Adharma-Kendra abstaining. Father-daughter corridor conversation reframes dharma as 'what gets done, not what is decided.' Drona-of-the-Plain arrives hunted from Lucknow with proof of villain-coordination across Karnataka, Goa, and MP. Dvadashashringa dissolves all twelve courts by striking the assembly floor 12 times with the Dwadash staff — staff breaks at strike 8, ends in three pieces by strike 12. Stage III foreleg-mark completes CRACKED — visible scar through the antler-curve where bond-ink does not settle. Emergency single-court governance instituted; food convoys move in 48 hours. Final famine death-count: 47,000.",Bloodline-B younger half-brother to Gangaputra (UP — they exchange Sarus Crane letters by chapter end); maternal nephew to Adharma-Kendra (the catalyst); father to Sutrakara (who becomes his official advisor and the future Council non-hero seat); sheltered Drona-of-the-Plain (hunted from UP) as secret guest then public witness; cross-region alliance with Vidura-Babu of UP (two Awadhi administrators arrive on day 3); Aranya-Devi promoted to deputy chief justice,—,"Yudhishthira-mapped (the over-deliberator who must break his own deliberation-system). Survives Chapter Two as Central Dominant. The CRACKED mark is the saga's fifth bond-mechanic — distinct from death-transfer (Karnataka), bond-transit (Goa), double-bond (Maharashtra), and split-bond (UP). Carries the broken Dwadash staff in three pieces wrapped in saffron cloth into every Council session into Ch 3 and Ch 4. His Stage IV mark will form AROUND the crack, not over it. The first hero whose bond records the cost of the choice as a visible scar."
assam,Assam,northeast,2,mirror-bond-survives,Kamalavarna,active,3,bond-mirrored,"Discovered her adoptive mother Bhairavi-Naam dead at the Kamakhya temple (cause: cumulative rite-incompletion from secret participation in Kama-Mara's Open Coven). Crossed the Brahmaputra to meet Kama-Mara at the Saraighat ferry — first contact in 14 years. Met the wandering ascetic Bhairavi-Aaee at the temple gate. Lineage reveal: Bhairavi-Aaee is her biological mother AND Kama-Mara's biological mother. The 'cousins' are half-sisters. Authorised the forbidden Mahavidya rite (suppressed for 12 years). Performed the rite with Kama-Mara at the new moon. Earned Stage III rhinoceros-foreleg mark — mirror-position with her sister. The Brahmaputra at Saraighat reversed for one hour during the seventh hour; 114 rhinos at Kaziranga kneeled facing west for the rite's duration. Yielded the political throne to Moirangthem of Manipur. Co-High Priestess with Kama-Mara going forward.",Half-sister to Kama-Mara (same mother Bhairavi-Aaee, different fathers); biological daughter to Bhairavi-Aaee (wandering ascetic); adoptive daughter to the deceased Bhairavi-Naam (matriarch); cousin to Moirangthem of Manipur (Chandravamsha Sangai-deer line — political throne now his); cross-bloodline cousin to Shivagati of Maharashtra (Bloodline C + E intersection); pigeon-letter correspondent with Sutrakara of MP (great-aunt addressed by the 12-year-old),—,"Bhima + Kali mapped (raw strength of dharma channeled through Tantric Shakti). Survives Chapter Two with the saga's sixth bond-mechanic: the MIRROR-BOND. First sister-bond in Bharatavarsha. Per restructure §1 she becomes the cosmic High Priestess of Kamakhya for Ch 3 and 4 — politically yielding the NE Regional Dominant seat to Moirangthem (Manipur). The Chandravamsha matriarchy continues through her, but the visible political throne is now Manipur. Will hold the cosmic seat at the Sanctuary convening in Ch 3."
meghalaya,Meghalaya,northeast,2,death-stage3,Meghanadi,deceased,3,bond-dormant,"Received Megha-Daitya's 47-petition wave in week 1. Council of Matrilineal Elders fractured three ways (Strict-Matrilineal / Garo-Mixed / Patrilineal Petitioners); she erased herself in council as she had for nine years. Received anonymous warning about Ka-Sngi 4 days before her cousin's death; did not act. Ka-Sngi killed at Nongriat bridge in week 3. U-Mawkynrew arrived in week 4 and broke her silence with one sentence. Drafted and presented the three-part settlement framework at the State Central Library; passed 86-31-4 on day three. Megha-Daitya organised armed storm-faction; attacked Meghalaya High Court at monsoon's heaviest week. Meghanadi charged through the courtyard alone with the Megha-Dand cloud-staff; Stage III foreleg-mark completed at metre 16 of the charge; four submachine-gun shots hit her chest at metre 18; she reached him at metre 22 and drove the staff through his sternum. Mutual kill. Stage III mark complete on her body at death.",Half-cousin to Kamalavarna and Kama-Mara of Assam (Bloodline C — corrected lineage tree); aunt-mother to Ka-Sngi (deceased week 3); aunt to Ka-Sienlyngdoh (12 — future bond-bearer); explicit-wish inheritor U-Khrawkmen (Garo elder's son raised by U-Mawkynrew); cross-kingdom: hill-myna correspondence with Vidura-Babu of UP and Kamalavarna of Assam,Ka-Sienlyngdoh (when bond settles in Ch 3 Beast-Rising),"Kunti-mapped (the mother who carries the silence too long). Second female hero death of Chapter Two (after Tungabhadra). The first hero to earn Stage III IN THE MOMENT OF DYING — the mark completes at metre 16 of the charge, the killing-shots arrive at metre 18, she reaches Megha-Daitya at metre 22. Saga's seventh bond-mechanic: the DORMANT BOND. The clouded leopard stays with the line, waiting for Ka-Sienlyngdoh's threshold. The Megha-Dand cloud-staff is preserved at the State Central Library ceremonial vault. The political seat passes to U-Khrawkmen by explicit written wish (first male inheritor of a matrilineal kingdom in Khasi history)."
meghalaya,Meghalaya,northeast,2,non-bonded-inheritor,U-Khrawkmen,active,0,no-bond,"Garo-clan elder's son raised by U-Mawkynrew after his parents died in 2018 landslide. Trained as Mixed Council mediator for six years. Quietly co-drafted the settlement framework with U-Mawkynrew over two years preceding the petition wave. Was Meghanadi's protege through the petition months — her second hand on every settlement-clause. Arrived at the Meghalaya High Court courtyard 23 minutes after her death by Pawan Hans helicopter from Tura. Found her sealed letter naming him inheritor; ratified by the Council of Matrilineal Elders within 75 minutes. First male inheritor of a matrilineal kingdom in recorded Khasi history. The clouded-leopard bond did NOT pass to him — it stays with the line for Ka-Sienlyngdoh. He holds the political seat without bond-power.",Great-nephew of U-Mawkynrew (his late mother's aunt); Meghanadi's protege; non-bond co-administrator with Ka-Sienlyngdoh once she carries the bond; federation correspondent with Kamalavarna at Kamakhya (will travel there at new moon) and Moirangthem at Manipur (forthcoming) and Vidura-Babu at UP,—,"Twenty-eight. The saga's first non-bonded political inheritor. His authority is institutional and explicit-wish-based, not bond-based. By Ch 3 he becomes the joint political voice of Meghalaya alongside Ka-Sienlyngdoh (when she carries the bond). By Ch 4 he is a senior council voice in the NE Dominant federation under Moirangthem. Per restructure §4 he is the kingdom's stable institutional presence while the bond is dormant — Meghanadi's invented regent-by-naming mechanism."
manipur,Manipur,northeast,2,form-invented-stage3,Moirangthem,active,3,bond-form-altered,"Listened to bazaar-elder Leishemba in week 3 and went to a raw-dance performance at Khwairamband Bazaar; recognised that the classical form had frozen. Tamasa-Nrita returned in month 4 as 'the Father of Raw Dance' and corrupted the genuine artistic rebellion into knife-violence. Accepted a joint-performance invitation at the Loktak central phumdi. Brought his troupe in classical formation. 9 of 12 dancers killed in the 11-minute massacre; 3 survivors plus Moirangthem escaped via the lake. Eight-year-old son Sangaputra had snuck onto the phumdi the night before and witnessed everything from a reed-clump; stayed with the Sangai deer 11 days; brought back the discovery: 'The deer dance and stop. The pause is the dance too.' Moirangthem invented Moirang-Tandava (the pause-school) over the next six days. Public demonstration at Govindaji temple courtyard 18 days after the massacre — Stage III foreleg-mark completed at minute 19 of the performance. Defeated Tamasa-Nrita at the Loktak final duel using the pause-strike technique (19-second held pause beat Tamasa-Nrita's 15-second Lhasa-stillness limit). Exiled Tamasa-Nrita to the Burmese border rather than killing him. Inherited NE political throne by Kamalavarna's formal yielding letter.",Bloodline-C cousin to Kamalavarna at Kamakhya (who has yielded the NE political throne to him); husband to Ka-Memcha (Dzulevira of Nagaland's elder sister) — Manipur-Nagaland marriage-bridge; father to Sangaputra (8 — the pause-discoverer); cross-region correspondent with U-Khrawkmen at Meghalaya (his sister-in-law's kingdom's new inheritor) and with Vidura-Babu at UP; Dzulevira will vote on the NE political throne in Ch 3 if her Nagaland kingdom stabilises,—,"Arjuna-mapped (the trained warrior whose form must be broken open by an unexpected voice — Krishna in the Mahabharata, Sangaputra here). The saga's eighth bond-mechanic: THE FORM-AS-COMBAT-MECHANIC. The pause-strike is the first bond-mechanic that is a combat technique rather than a transmission-mechanism. Per restructure §1 he is the future NE Regional Dominant for Ch 3 — the kingdom's visible political voice, distinct from Kamalavarna's cosmic seat at Kamakhya. His Stage IV mark will be earned at the Sanctuary convening in Ch 3. The new school Moirang-Tandava becomes Manipur's official martial-art-and-dance tradition by chapter end. NOTE: His wife Ka-Memcha is killed in Nagaland's Ch 2 (Tangkhul tribal purity-rite at Ukhrul) — his son Sangaputra is orphaned of mother."
nagaland,Nagaland,northeast,2,refusal-bond-stage3,Dzulevira,active,3,bond-refusal,"The Hornbill Festival cancelled in 5.5 hours as all 16 tribes withdraw citing 'ancestral purity-disputes' (each tribe holds a forged DNA-rite kit from Naga-Rakshasa's Chiang Mai forgery operation). Her elder sister Ka-Memcha visits from Imphal to help, is summoned by the Tangkhul Tribal Council to submit to a Pure-Origin Genomic Verification rite as a 'married-out' Tangkhul, refuses publicly at the ceremony grounds at Ukhrul on the 14th day, is pushed into the ceremonial fire by Senior Priest Khrumai-Sho. Dzulevira goes silent two days. Khrieo-Mama (89, Angami matriarch from Khonoma) arrives at midnight day fifteen with the 600-year-old Pre-Tribal Pact (clay tablet, 16 founder thumb-prints) hidden under her floorboards for 41 years. Five days of preparation. The walk: 27 days, 16 valleys, the bull mithun unled beside her, naked-with-ash, reading the Pact in each tribe's dialect, answering all dialect-challenges in Hindi. Pochury confrontation: Naga-Rakshasa appears speaking perfect Pochury, attempts all 16 dialects sequentially against her; she answers in Hindi each time. He retreats east across the Burmese border. Stage III mithun-foreleg mark completes at the moment of his retreat. Returns to Kohima day 28. Defers NE political throne vote to June Hornbill Festival.",Bloodline-C younger sister to the deceased Ka-Memcha (Moirangthem's wife); aunt to the orphaned Sangaputra (8); cousin to Kamalavarna at Kamakhya; sister-in-law to Moirangthem of Manipur (NE political throne yielded to him but her vote deferred to June); Khrieo-Mama becomes her senior advisor; cross-kingdom correspondent through the Sarus-pigeon mesh,—,"Draupadi-mapped (the woman whose refusal at the assembly is the kingdom's dharmic axis). The saga's NINTH bond-mechanic: THE REFUSAL-BOND — bond rewards what is NOT claimed rather than what is taken on. Per restructure §1 she ratifies Moirangthem as NE Regional Dominant in Ch 3 at the rescheduled June Hornbill Festival. Her Stage IV mark will form at that ratification vote. The 27-day walk establishes the saga-rule of the UNCLAIMED LANGUAGE — Hindi for Nagaland; the dance-pause for Manipur; the wall-climb for Maharashtra; the reading-aloud for Karnataka. The kingdom's union spoken back to the kingdom that has fragmented."
odisha,Odisha,east,2,solitary-pull-bond-stage3,Jagannathi,active-recovering,3,bond-solitary-pull,"Chakra-Bheda (Kalinga-Yama's Ch 1 senior administrative-disciple, spared 2023) returns spring 2025 in three-tradition syncretic costume (Brahmin-priestly cotton, Shabara-wood-elder anklet, Sadhaba sail-cloth shoulder-cloth) and visits each cult's senior delegate privately across six months with contradictory standing-Fourth-Cult promises. On Wednesday week 3 at noon the three cults declare exclusive right at the Bada Danda simultaneously. Jagannathi runs the standing-investigation weeks 3-5; kingdom-council ratifies the standing-Sixth Clause amendment Friday week 5 (47-3). The standing-Rath-Yatra is cancelled Friday week 6 — first cancellation since 1226 CE (Anangabhima Deva III succession-crisis). The Nandighosha chariot stands abandoned at Singha Dwara for 9 days. The sambar deer leave the kingdom on a single Friday-into-Saturday night (Saturday-week-6 count returns zero across all 4 monitoring zones). Jagannathi files the standing-Rath-Yatra-reopening notice Saturday morning 10:11 a.m. with standing-puller-count of one. Pull begins 4:11 a.m. Saturday week 6. Three cults walk behind the chariot in shared silence at 3-metre-rear from kilometre 1 onward (Shabara ~2,700, Brahmin ~1,200, Sadhaba ~840 by 6:11 a.m. Saturday; growing to ~12,400 by Monday evening). Day-1 reaches 2-km marker at 6:21 p.m. Saturday (vitals elevated-but-sustainable). Day-2 reaches 3-km marker at 4:08 a.m. Sunday (overnight intravenous-saline rest). Mausi Maa Temple stop noon Sunday: Subhadra-of-the-Wood reads the standing-Shabara-anklet evidence aloud at 12:41 p.m.; Chakra-Bheda unmasked; pulled apart by assembled three-cult crowd 12:50-12:54 p.m. (mob-justice under amended-charter Sixth Clause); cremation by Pati-Mahapatra Senapati alone at 3:11 p.m. Day-3 begins 4:11 a.m. Monday after overnight rest; pace ~1 metre per 62 seconds. Collapse at metre 2,703 at 11:43:11 p.m. Monday (vitals at collapse-threshold). Jagannath-Bandhu (her 31-year-old male successor since 2022) joins the pull-rope with the standing-second-shoulder-harness at 11:46 p.m. for the final 800 metres. Standing-arrival-threshold crossed at 11:47:18 p.m. Stage III sambar-deer-foreleg-first-stroke completes at the threshold-crossing moment. Sambar deer return Monday-night-into-Tuesday-morning (Tuesday-week-7 count returns ~14,700). Konark Sun Temple's seven southern-face wheels turn counterclockwise at 1 degree per minute for 13 hours from 12:03 a.m. to 1:03 p.m. Tuesday week 7 (no mechanical mechanism). Amended charter ratified 51-2 nine days post-Yatra.",Bloodline-D sambar-deer-line; cross-kingdom Sarus-pigeon correspondent with Moirangthem at Manipur (NE-Federation cross-region observation cohort) and Krishnadevaraya-Bhrata at Karnataka (southern-bloc cross-region acknowledgement); cross-region paired-sign correspondent with Kamalavarna at Assam (Konark counterclockwise wheels paired with Brahmaputra reversal as saga's 4th cross-region Maw-sign pair); successor Jagannath-Bandhu (31; East-Dominant successor; inherits Ch 3 after her early-Ch 3 sacrificial death),—,"Bhima-mapped (the builder who became the puller). The saga's EIGHTEENTH bond-mechanic: the SOLITARY-PULL BOND — Stage III earned by performing the kingdom-council's standing-ritual-task alone when standing-multi-faction-coordination has deadlocked, with the standing-charter not specifying a minimum-puller-count and the standing-partner-permission clause permitting a single standing-partner to join at the final-arrival-threshold if the hero collapses within the final-800-metres window. Per restructure §4 Jagannathi dies in early Chapter Three pulling the chariot again through a Maw-attack during the first Beast-Rising; the deity-trial absorbs her; Jagannath-Bandhu inherits the East Dominant. Per restructure §1 he is the new East Dominant in Ch 3. The standing-amended Kalinga-Chakra charter (6 core provisions: three-cult rotation-codification; Rath-Yatra puller-count threshold; Sixth Clause religious-tradition-impersonation criminalisation; standing-living-archive seat for Subhadra-of-the-Wood; engineer-priestess dual-discipline opened to non-Brahmin; East-Dominant-successor seat for Jagannath-Bandhu) is ratified 51-2 nine days post-Yatra. The kingdom-council's standing-Animal-Bond-Indicator (sambar deer departure-and-return) is codified as the standing-second-order Maw-sign-cross-reference protocol."
telangana,Telangana,south,2,open-trust-bond-stage3,Chittaranga,active-grieving,3,bond-open-trust,"Chitrabheda activates standing-reflective-residence protocol at 8:43 a.m. on chapter's opening Tuesday — ~3,000 simultaneous installations across Hyderabad reflective surfaces that crossed the 14-month minimum-daily-presence threshold. Chittaranga's elder brother Lalithanga (35; standing Cyber-Hyderabad cell-administrator at Gachibowli west-tower) is among them. Chittaranga's grey eye reads the standing-double-reflection at his eastern-courtyard window at 9:11 a.m. that Tuesday. Visits Lalithanga at the HITEC City office at 10:30 a.m.; brothers establish the standing Wednesday breakfast monitoring-protocol. Overlay progresses across weeks 3-6 (day 23 to day 44 / 50%). Tuesday week six at 11:18 p.m. Lalithanga grants standing-killing-permission via secure-line telephone. Wednesday week six 3:10:11 a.m. at the Golkonda Fort mirror-vault basement Hall of Diamonds: Lalithanga speaks the brother-words at 3:08 ('I am still here. Wait.'); Chittaranga throws the Ranga (shadow-dark Truth) disc at standing-killing-velocity over six metres; disc passes through brother's chest at 3:10:11:3 and embeds in southern-wall mirror-fragment; mirror shatters; standing-residence-anchor destroyed; overlay-link severed; body falls at 3:10:11:8; standing-cerebral-spinal axis stops at 3:10:12. Cremation Wednesday 3 p.m.; ashes scattered at Musi-river-mouth 5:11 p.m. Three nights without sleep. Saturday week six 12:11 a.m. Bhagmati-Saheba arrives at the state hero's residence; recites the standing-Lakshmi-Akka cadence-prayer at the eastern-courtyard meditation-mat from midnight to 4 a.m. Chittaranga weeps at lines 3/7/11/23; sleeps at 3:47 a.m. Eight-night vigil cycle through week seven Sunday; eight-additional-night cycle through week nine Monday. Standing-mirror-monitoring registry built across weeks 6-11 (7,417 confirmed Chitrabheda-resident citizens). Standing-Cantonment medical-cell's standing-disruption protocols administered by week-of-overlay classification. Mecca Masjid courtyard Friday week eleven 11 a.m.: ~14,000 attendees; Imam Hazrat Mohammed-Ali Qadri opens with standing-pre-prayer-public-assembly statement; Chittaranga walks to standing-central-position 50 metres from the standing-subject Krishna-Bhat (26; standing reflective-grid sub-administrator; 51% Chitrabheda-saturation, week-9 overlay-position per the standing-registry's Thursday week 10 6 p.m. classification CH-2026-7,394); Chittaranga recites the standing-seven-sentences-form open-trust declaration across 30 minutes. Stage III spotted-deer-foreleg-first-stroke completes at 11:30 a.m. at standing-seventh-sentence's completion. Charminar's five-shadow Maw-sign at 12 noon for 13 minutes — the fifth shadow is Lakshmi-Akka's standing-twelve-noon-prayer dancer-pose.",Bloodline-D spotted-deer-line; cross-region Sarus-pigeon correspondent with Krishnadevaraya-Bhrata at Karnataka (southern-bloc Dominant) and Kurinjiselvi at TN (standing-elder); cross-kingdom paired-sign correspondent with Udayagiri at Arunachal (Charminar five-shadows paired with First Herald shadow-deficit as saga's third cross-region Maw-sign pair); standing-Sufi-line correspondent with Bhagmati-Saheba and Imam Hazrat Mohammed-Ali Qadri; standing-Cantonment correspondent with Padmavathi-garu (standing-archive senior-officer); the kingdom-council's standing-mirror-monitoring registry's standing-state-hero seat-holder,—,"Arjuna-shadow-mapped (the perception-disciplined warrior who must learn to suspend the discipline). The saga's SEVENTEENTH bond-mechanic: the OPEN-TRUST BOND — Stage III earned by publicly declaring open trust in a stranger whom the standing-perception-discipline could pre-check but which the kingdom-council's amended-charter explicitly forbids pre-checking. Distinct from AP's mercy-bond (which rejects an action) in that the open-trust bond performs an action (declaring trust). The bond grows through risk, not certainty. Chittaranga is the saga's first hero forced to perform a family-killing under the standing-charter (his elder brother Lalithanga; the killing cannot be un-killed). The standing-grief-vigil's standing-eight-night-cycle plus standing-eight-additional-night cycle with the standing-Sufi-line elder Bhagmati-Saheba carrying the deceased mother Lakshmi-Akka's standing-cadence-prayer is the kingdom-council's standing-charter-required-form for the family-killing aftermath. The mother died 2008-12-12; the standing-cadence-prayer was composed by her in 1987 at the Charminar Sufi dargah northern-courtyard women's circle; Bhagmati-Saheba is the standing-vessel-of-voice across 1987-2026. The Charminar's fifth shadow at noon Friday week eleven is the kingdom-council's standing-Maw-recognised standing-mother-presence at the standing-courtyard. Per restructure §1 Telangana joins the southern-bloc federation under Krishnadevaraya-Bhrata's Karnataka Dominant seat in Ch 3."
tamil-nadu,Tamil Nadu,south,2,unauthorised-speech-bond-stage3,Kurinjiselvi,active-steps-back-to-elder,3,bond-unauthorised-speech,"Palinisi (Ravana-Vadham's Ch 1 senior administrative-disciple, spared under standing-administrative-rehabilitation clause; rose to Sangam Hall authorisation-clerk seat by spring 2025) weaponises the standing 48-hour pre-clearance window through 'clarification-queries.' Across 18 months and 93 council sessions, 147 Sangam-poets silenced under the standing thirty-second clause's rotation-and-refreshment provision. Acharya Bharati (83; Sage Agastya's 11th-direct-apprentice; Kurinjiselvi's mentor; chair of the standing-poetry sub-committee 1997-2026) struck from rota on chapter's opening Monday 1 February at 4:03 a.m. Writes the 43-minute leaf-letter to Kurinjiselvi the same morning; releases parakeet-courier Pavalam westward at 5:14 a.m. Dies at 5:48 a.m. on Thursday 4 February at Kanyakumari residence's kitchen-table; cause 'natural causes; cardiac arrhythmia.' Kurinjiselvi walks down from the Nilgiris Tuesday 2 February at 4 a.m.; 14-day mountain-trail walk; arrives Madurai Meenakshi temple-city Friday 15 February at 10:23 a.m.; Sangam Hall northern entrance at 10:47. Palinisi at authorisation-clerk desk reads the standing-handbook's standard-secondary-response statement at 10:59-11:01:43; the statement crosses the 11:00 session-start threshold by 1 minute 43 seconds and is procedurally invalid. At 11:01:43 the standing-poetry sub-committee acting-chair Iyer-Periya performs the standing-acknowledgement gesture (palms together at the chest) &mdash; the gesture not performed in the Sangam Hall in 3 centuries. Kurinjiselvi walks the 3 metres to the central speaker's-mark stone; plants the Kurinji-staff at her right side; speaks the 11 syllables of the Acharya Bharati's 1989 Thirukkural-couplet opening phrase ('Vaay-pakka adai-ppoo varum-mun moli-yaa nukkindra varai') across 5.3 seconds. Stage III Nilgiri-tahr-foreleg-first-stroke appears across her left side at the 11th syllable's completion at 11:02:18 a.m. (the same moment Palinisi begins the standard-secondary-response; Palinisi stops at the third sentence). She continues the full 107-syllable composition across 11 minutes. Iyer-Periya announces the kingdom-council's emergency-session at 11:02:33. The 12-day emergency-session drafts the amended Sangam-charter (7 provisions; authorisation-clerk office dissolved; open-registration replaces pre-clearance; standing living-archive seat instituted; Palinisi reassigned to Sangam-archives wing junior-archivist seat). Ratified 38-4 on day 12 at 3:37 p.m. Kurinji flowers bloom a year early at Nilgiri Mountains' southern slope on day 12 night. Post-amendment open-assembly evening day 62 (7 p.m. - 4:11 a.m.): Avvaiyar-the-Younger recites 147 silenced poems across 6 hours and 3 minutes; Tholkappiyan-the-Younger introduced as standing succession-candidate; Kurinjiselvi formally steps back to standing-elder seat at 3:18 a.m.",Bloodline-D Nilgiri-tahr-line; cross-kingdom Sarus-pigeon correspondent with Krishnadevaraya-Bhrata at Karnataka (southern-bloc federation member) and Sivakami-Acharyini at Kerala (cross-kingdom kalari-tradition pairing); cross-region paired-sign correspondent with Hmangaihi at Mizoram (TN epic-page paired with Mizoram two-headed serow as the saga's second formally-recognised cross-region Maw-sign pair); cross-archive correspondent with Avvaiyar-the-Younger (standing living-archive seat-holder) and Tholkappiyan-the-Younger (standing visible-seat-holder) for the federation's Sanctuary representation,—,"Draupadi-mapped. The saga's SIXTEENTH bond-mechanic: the UNAUTHORISED-SPEECH BOND — Stage III earned by speaking publicly in a council chamber before the authorisation-protocol has completed its standing-procedural-response, with the speech itself being the kingdom-council's standing-protocol's required-form (the Acharya Bharati's 1989 Thirukkural-couplet drawn from the kingdom-council's standing-archive). Per restructure §4 she steps back to standing-elder seat at Ch 2 close; Stage IV substituted by standing-elder seat investiture (the deep-saffron shoulder-cloth placed by senior-mentor seat-rota chair Manimekalai-Periya at 3:18 a.m. on the day-62 open-assembly evening). Per Ch 3 plan she travels to the Sanctuary at Manipur as standing-elder representative; per Ch 4 plan she serves as the southern federation's standing standing-elder voice at the Kurukshetra Council. Kurinji-staff returns to the Nilgiri Mountains standing-stand on 22 February; the blade is dulled by trail-friction and not re-sharpened. The kingdom-council's amended Sangam-charter is the first kingdom-council charter-amendment of the chapter to institute a standing-mentor seat-rota-administered open-registration replacing a single-clerk pre-clearance; the precedent applies to all subsequent kingdoms with authorisation-protocol weaponisation."
andhra-pradesh,Andhra Pradesh,south,2,mercy-bond-stage3,Krishnaveni,active-half-armed,3,bond-mercy,"Kalaniksha (Krishnaveni's spared twin from Ch 1, raised by the Eluru-line midwife-extension family, organising the river-bound delta peasant-fishermen for 2 years post-Narakasura) walks north across the Prakasham Barrage Bridge at 8:47 a.m. on the chapter's opening Tuesday with 300 fishermen behind her, files an emergency-petition at Town Hall at 9:26 claiming the river-throne by birth-order with a 47-page family-archive document from the Eluru District Sub-Registrar's Office dated 16 June 1990. Krishnaveni accepts the contest of arms by sunset. The 47-day preparation-window opens. Pulakeshi-Babu (43, kingdom's senior Bloodline-A historian, Authenticity Cell chair) opens his maternal grandfather's safe in Vijayawada Old Town on the afternoon of week 4 and discovers the same 47-page family-archive document plus a 1992 supplementary affidavit; recognises himself within 11 minutes of reading the cover-memorandum as Krishnaveni's first cousin (his father was Lakshmi Babu's elder brother; Lakshmi Babu was Krishnaveni's mother; the twins are his first cousins). Discloses personal-conflict to Authenticity Cell deputy C. Ravi-Babu at 8:06 p.m. same evening; recuses himself from the cell's preliminary report. Discloses the 1992 supplementary affidavit's fourth matter (Kalaniksha's intersex-birth status; the female gender-presentation was a family-decision; kingdom's post-1998 protocol does not apply retroactively) to Krishnaveni at the state hero's residence evening-tea room at 9:11 p.m. The 47-day preparation: morning urumi-practice at the Krishna riverbank at 5 a.m.; afternoon balance-practice at the Kollur cliff's western approach at 3 p.m.; evening dharma-counsel with Acharya Sundaram (Rishi Amareshwara's appointed successor; 48-year-old river-sage); night-time meditation at the residence's eastern-garden river-pavilion. Krishnaveni concentrates the preparation on the Godavari-urumi (left-arm)'s disarming-discipline; she does not adjust the Krishna-urumi (right-arm)'s grip-tension for contest-tension; this is the chapter's structural pivot. The contest at the Kollur cliff at dawn on day 47: Kalaniksha invokes the kingdom-council's under-armament-by-twin-choice clause at 5:56 a.m. and fights left-handed with a single delta-fisherwoman's urumi; the contest begins at 6:11 a.m. when first-light reaches the plateau's eastern edge. Stroke 6 at 6:17:23: Kalaniksha disarms Krishnaveni's Krishna-urumi via the one-handed disarm-rotation; the loose grip-tension makes the technique work. Stroke 11 at 6:24:11: Kalaniksha disarms the Godavari-urumi via the dual-urumi forced-disarmament cross-attack. Krishnaveni stands disarmed at the plateau's centre. At 6:25:02 a.m. Kalaniksha's ceremonial flourish enters the killing-stroke arc; the Krishna-urumi's blade passes Krishnaveni's throat at 4 centimetres' distance without contact. Kalaniksha holds the stroke. She returns the Godavari-urumi to Krishnaveni at 6:25:14. Stage III blackbuck-foreleg-first-stroke forms on Krishnaveni's half-body tattoo's left foreleg at 6:25:30 a.m., 28 seconds after Kalaniksha's departing bow. Exile across the Tirupati border by sunset of day 49. Hamsaladeevi village's eastern beach loses 1 metre of land overnight (day 48). Autumn coastal-protection-protocol drafted across 4 months under Pulakeshi-Babu's liaison seat; ratified 23-1 at the autumn kingdom-council.",Bloodline-A river-line; cross-region Sarus-pigeon correspondent with Krishnadevaraya-Bhrata (Karnataka — established cousin-claim via the 1990 family-archive document; cross-region acknowledgement-letter at day 27 of the preparation-period; autumn Hamsaladeevi visit confirmed for the coastal-protection-protocol drafting); cross-kingdom kalari-tradition correspondent with Sivakami-Acharyini (Kerala — the southern-bloc federation's kalari root); brother to Bhimavaram (river-patrol senior delegate; Acting Daily-Administrative Chair across the preparation-period); first-cousin to Pulakeshi-Babu (kingdom's Bloodline-A liaison-and-historian, Authenticity Cell chair recused); the kingdom's standing guru Acharya Sundaram (the 48-year-old river-sage who succeeded Rishi Amareshwara in 2024),—,"Draupadi-mapped. The saga's FIFTEENTH bond-mechanic: the MERCY-BOND — Stage III earned by repeating Ch 1's charter-flaw mercy at a Ch 2 institutional-pressure moment where the kingdom-council's charter forbids the killing but the personal-emotional-pressure permits it. Distinct from the Karnataka rule's Heralds-are-named-not-killed (which applies to Heralds); the mercy-bond applies to hero-twin and hero-cousin and hero-sibling and hero-rival catalyst-villains. The first formal twin-knot in the saga's registry (the Chandravamsha three-sister-knot at Kamakhya was a sister-knot; the AP pair is a true twin-pair born 23 minutes apart). The first material-experiment Maw-sign cross-region pair recognised by the southern federation (Kerala's black coconut + AP's erased metre); the pairing-protocol becomes the saga's standing catalogue-pattern-recognition method. Per restructure §4 she dies in early Chapter Three in the twin-confrontation's final phase; the river-bond transfers via Bloodline-A to Krishnadevaraya-Bhrata (her cousin), making him the second hero in Volume I with a double-bond after Simhavikrama (lion + gaur); Pulakeshi-Babu kills Kalaniksha afterwards. Half-armed at chapter end (Godavari at her left forearm; Krishna in Kalaniksha's possession at the Tirupati exile-camp)."
kerala,Kerala,south,2,transmission-bond-stage3,Parashurama VII,active-aged-forward,3,bond-transmission,"Kala-Hasta Menon (Maya-Sura's Ch 1 star pupil; survived the Ch 1 climax confrontation; trained at the Kollam Coiled-Cobra cell with urumi-and-cobra-venom training intact; spent 2017-2024 in the Bangalore-and-Gulf kalari-diaspora teaching the 108 forms while privately practising the 109th) registers the Sea-Front Kalari at the Kerala state-government's religious-and-cultural-practice registry on 23 March under the standard kalari-charter; the registry's 30-day public-comment window produces no objection; registration approved 22 April. Inaugural class opens at the Kochi waterfront amphitheatre Monday 8 April with 423 paying students at Rs.4,000/month, phased instruction across 7 phases over 24 weeks. Parashurama reads the advertisement in Malayala Manorama at 5:48 a.m. on the chapter's opening Tuesday. Achyutan-the-Nephew (37, Parashurama's elder sister's son, Bloodline-A, senior daily-teaching deputy, mastered all 108 forms by 33) defects to the Sea-Front Kalari Friday of week 2 with mother's written consent. Compresses the public school's 24-week phasing into a 3-week private-practice schedule. Dies at the public class's seventh-transition demonstration Sunday of week 3 at 5:58 a.m. (basilar artery vascular rupture during central rotation; phasing-violation cited on death-certificate; cross-confirmed Kochi Medical College). Cremation at the kalari's western grove at sunset same day; mother Lakshmi-Akka lights the fire 7:02 p.m.; Kala-Hasta attends at the grove's western edge; Parashurama sits at the eastern edge until 11 p.m. with his sister. Kingdom-council emergency amended Kerala-Kalari Charter drafted across 3 days, ratified 23-0 with Parashurama's abstention on day 31 evening. Sivakami-Acharyini (29, Parashurama's elder brother's daughter) conferred the 108-form grandmaster-title at the kalari's evening ceremony day 23 (kingdom's first female 108-form grandmaster ceremony in recorded history). Krishnadevaraya-Bhrata arrives 17 April at 3:47 p.m. via the bird-letter sent at the Karnataka pilot's closing day. 31-day transmission begins evening day 1; Parashurama ages forward visibly across the 31 days (white hair by week 1, full white-and-beard by week 3, rounded shoulders by week 4, age ~74 by day 31). Chamber unsealed day 30 at 2 p.m. by Parashurama speaking the ancient-Malayalam 47-syllable sealing-mantra. Krishnadevaraya-Bhrata executes the form alone in the chamber at 6:01-6:44 a.m. day 31. Stage III stroke completes on the elephant-tattoo's right foreleg the moment of execution-completion at 6:44 a.m. Chamber re-sealed at 6:45 a.m. with the new Kannada-Malayalam interlinear 73-syllable mantra. Black coconut sign at the western grove discovered 6 a.m. day 32.",Bloodline-D elephant-and-axe-line; cross-kingdom Sarus-pigeon correspondent network alerted at chapter-end by Sivakami's cascade-alert; cross-region acknowledgement-and-naming-protocol established with Krishnadevaraya-Bhrata (Karnataka) for the autumn joint-naming of the black coconut; cross-school institutional acknowledgement with Kala-Hasta Menon (Sea-Front Kalari) under the amended Kerala-Kalari Charter; transferred the 108-form daily-teaching seat to Sivakami-Acharyini at the day-23 grandmaster ceremony; transmitted the 109th form to Krishnadevaraya-Bhrata as the saga's first transmission-bond inheritance,—,"Karna-mapped-then-Vyasa-mapped. The saga's FOURTEENTH bond-mechanic: the TRANSMISSION-BOND — Stage III earned by faithful transmission of a sealed inheritance to a single chosen student, with the senior master paying the time-cost in real-time forward-aging across the transmission-period. Distinct from inheritance-by-bond-transfer (Karnataka pilot's elephant-bond transfer at Tungabhadra's death) in that the transmission-bond is teaching, not death; the senior master survives. The saga's first split-Stage-III: the mark is on Parashurama's body (right foreleg of the elephant-tattoo) and the form is in Krishnadevaraya-Bhrata's spine, the two bound by the transmission-bond as a paired mark across two heroes. The saga's first ages-forward-by-15-years bond-cost. Per restructure §1 Kerala joins the NE-South-Federation under Krishnadevaraya-Bhrata's Karnataka Dominant seat in Ch 3 as the federation's kalari-tradition root; three senior daily-teaching instructors from Sivakami's kalari will travel to Vijayanagara in the autumn at the buried-temple chamber's eastern annex. Parashurama will attend the Sanctuary as Kerala's formal representative; will not perform any form at the Sanctuary; will sit at the southern observer's bench; the kingdom hears his voice in writing only from day 31 forward. The axe Parashu is at the wall-stand at the senior-instructor's residence; he picks it up once a quarter for the seasonal-purification ritual; he will not engage in combat in Volume I."
tripura,Tripura,northeast,2,fall-bond-broken-tattoo3-failed,Tripurari,active-abdicated-margin-apprentice,2,bond-broken,"Tripura-Asura's senior strategist Tri-Yantra-Bheda (rakshasa-engineer with forged Singapore civil-engineering-vulnerability doctorate; one of 14 forged senior-technical-credentials the wider villain-network has produced) had been studying Tripurari's self-repair-architecture publications since 2018. Apurba Saha (Border-Trade Consortium chair) provided the Sub-Pump-Three anomalous-readings, the Old-Kamala-Sagar emergency-reserve protocol, and the Lake Rudrasagar parallel-test schedule to a Bangladesh-side intermediary at the noon-break of the June water-rights committee meeting; information in Tripura-Asura's flying-fortress operations-cell by sundown. Triple sabotage executed at 9 p.m. on the second-monsoon-week Saturday of week 6 by injecting reverse-stress signal through the kingdom's own pressure-monitoring sensor-network at three insertion-points (Agartala Sub-Pump-Three, Udaipur central-market cistern, Dharmanagar rubber-warehouse industrial intake). Self-repair algorithms operated in reverse. Three central districts collapsed in 17-minute sequence: 9:03 Agartala Ujjayanta administrative-block; 9:09 Udaipur central-market jute-godowns + temple outer-courtyard wall; 9:14 Dharmanagar rubber-warehouse + Border-Trade office + Refugee-Resettlement office; 9:20 Agartala Bharat-Yantra institute east wing. Tripurari at the engineering-research-cell weekly review at 9:03 collapse; buried at 7-metre depth in a pocket-space formed by a 43-degree fallen support-beam. The 18th Phayre's Langur (mature male, ~12 years, 9 kg) entered the pocket-space between days 3 and 5 through a southeast gap; died on day 8 of dehydration after Tripurari gave it his remaining water 47 minutes earlier. Tripurari pulled out at 4:11 p.m. on day 9 alive but with the entire palace-grove Phayre's Langur clan (17 + the 18th visiting member) dead in the central-Agartala rubble. Bond is broken; bond requires the clan; the clan is gone. Did not speak for 6 days at the field-hospital. On day 15 named Vyasa-of-the-Margins aloud; Margin-walker arrived at the field-hospital at 3 a.m. day 21 unannounced (passed 3 security checkpoints without being stopped). Formal abdication at the Agartala southern-edge open-air kingdom-council session at noon day 23, ratified 21-3. Walked west from the Ujjayanta Palace western gate at 5 a.m. day 24 in undyed cotton with the Triyantra crossbow disassembled into 3 parts in a leather satchel. Arrived at the Margin-hermitage day 43. Stopped walking day 44. Now the Margins' standing engineer-apprentice.",Bloodline-D Phayre's Langur-line (now broken); cross-kingdom Sarus-pigeon correspondent only via the Margin-hermitage's full-moon-and-new-moon-pair correspondence with Triputra (every fortnight; archived at the Bhubaneswari Temple manuscript-vault under Anjali Debbarma's seal); will reappear in Ch 3 as cross-kingdom standing voice on broken-bond integration; will be named formally a Margin-guru at the Ch 4 Kurukshetra Council (his fortieth year),—,"Karna-shadow / Margin-guru-in-waiting. The saga's HERO FALL of Chapter Two — distinct from the saga's HERO DEATHS (Tungabhadra/Karnataka, Sagaradeva/Goa, Meghanadi/Meghalaya, Tlangvala/Mizoram). The saga's THIRTEENTH bond-mechanic: the BROKEN-BOND — the bond's formal cessation when the bonded species' local lineage is extinguished beyond the bond's recovery-threshold. The bond cannot be re-bonded in Volume I (the surviving statewide Phayre's Langur population of ~340 is geographically discontinuous with the palace-grove). Tattoo-3 FAILED; Stage III mark cannot form because the clan was the trial-witness. Tripurari's formal renunciation of the bond is the saga's first entry in the broken-bond registry maintained at the Margin-hermitage. The Triyantra crossbow is disassembled and carried to the hermitage; will be displayed once a year at the autumn engineering-festival but never fired again. Per restructure §1 Tripura joins NE Federation under Moirangthem in Ch 3 as the federation's smallest and most fragile member; the three cities rebuild under separate cross-kingdom mutual-aid compacts (Agartala under Bilash-Babu's West Bengal structural-engineering compact; Udaipur under Kamalavarna's Kamakhya-Bhubaneswari religious-administration compact; Dharmanagar under Hmangaihi-and-Lalruatpuia's Aizawl-Dharmanagar refugee-resettlement compact). The saga has space for broken-bond heroes; their function is to carry institutional engineering, poetry, philosophy into the federation's administration as Margin-counsel. Thirty-four. Now Margin-apprentice; will be Margin-guru at age forty."
mizoram,Mizoram,northeast,2,death-stage3-on-mountain,Tlangvala,deceased,3,bond-mountain-mark,"Parvata-Asura (Chhinlung-Naag's mountain-form, now standalone after his Ch 1 retreat) returns spring 2025 and visits all 8 Mizoram district-headquarters across summer 2026 offering 'refuge from the inheritance' inside Phawngpui Mountain to 15-22 year olds. 629 Mizos accept and enter the eastern-face fissure at the new-moon week of week 4. The fissure closes at dawn. The asura demands one perfect sacrifice. Refusing Youth Manifesto (drafted spring 2025 by Tlangvala's 22-year-old son Lalruatpuia, published August 2026 at the Aizawl Synod hall biennial Youth Council to 4-minute applause from 1,400 Refusing Youth; December 2025 sit-in had hardened the senior tribal-elders' position by 20 per cent) is the chapter's long-correctness backdrop. Kingdom-council deliberates 7 days; votes 20-2 to deliver Tlangvala (option 4); then takes unprecedented second vote 15-7 to formally request that he not return. Tlangvala accepts both votes. Single father-son reconciliation conversation at his Aizawl home on Sunday evening before the Tuesday entry. Walks alone to the eastern granite face at 5:31 a.m. on day 3 of week 11 carrying the bamboo staff-spear Hnam-Tuk and dressed in his son's Manifesto-style plain Mizo wool. The fissure opens at first-light; he steps through; the granite closes 12 seconds after his entry. Across the next 43 minutes the Stage III serow-foreleg mark forms on the eastern granite face as a 47-metre living-rock relief, structurally integrated into the granite's recomposed mineral state, visible from 23 km. The southern fissure opens at 6:32 a.m.; the 629 locked youth emerge across 11 minutes; none die inside. Parvata-Asura partially dissolves; survives in depleted form into the Chin-state border-zone. The wild serow walks down to Hmangaihi at 7:53 a.m. The kingdom-council ratifies the reformed three-clause Manifesto by 18-6 vote on the Friday following the funeral; Lalruatpuia and Hmangaihi cast the joint-signature; Ramdinmawia resigns the senior chair; Lalrinpuii of the Synod succeeds.",Bloodline-D serow-line; cross-kingdom Sarus-pigeon correspondent network alerted at chapter-end by Hmangaihi's cascade-alert; left the bamboo staff-spear Hnam-Tuk to his son Lalruatpuia (passed at the funeral procession by Ramdinmawia's spoken declaration); left the serow-bond to his niece Hmangaihi (passed at the western trailhead when the wild serow walked down from Phawngpui's southern ridge),"Hmangaihi (Stage I on her body) + the mountain (Stage III on its eastern face permanently)","Karna-mapped (the man who could not refuse, exploited by the kingdom's culture, who finally chose the form of the refusal that meant his death). Saga's FOURTH HERO DEATH in Chapter Two (after Tungabhadra in Karnataka, Sagaradeva in Goa, Meghanadi in Meghalaya). The saga's TWELFTH bond-mechanic: the MOUNTAIN-MARK — the first hero-death bond-mark to be carried by the landscape rather than by the hero's body or by a successor's body. Visible from 23 km; permanent for at least 800 years per geological assessment; the saga's first landscape-borne Stage III mark. Distinct from previous split-marks: UP's split-bond split one animal across two bodies; Assam's mirror-bond mirrored one mark across two sisters; Mizoram's mountain-mark splits one mark across the landscape and the successor's body simultaneously. The bier-bamboo (6 m, bent to 35 degrees, cut by Hmangaihi and Lalruatpuia together the night before the funeral) sits at the base of the mark as the kingdom's permanent memorial. Tended by Vanlalruati who refreshes the bend with a small saffron cord each morning. By chapter end ~52,000 Mizos (~30% of the adult population) have visited."
arunachal-pradesh,Arunachal Pradesh,northeast,2,concession-bond-stage3,Udayagiri,active,3,bond-concession,"The Tawang night-cult grows to 1,100 members in 14 months, drawing from Galwan-2020 veterans, Tawang-clash-2022 bereaved, and Ziro-fire-2024 burned survivors. Asta-Asura the shadow-twin returns as the Comforter at the Sela-Pass shadow-zone listening-floor. Udayagiri meets him at week 2 and asks the three questions (Are you Asta-Asura. Are you here to destroy the dawn-walk. What would you ask of the kingdom.). Climbs to the cloud-line at week 3 to consult Baba Parashar; the cloud-speaker articulates the curve as the kingdom's required answer and announces he will descend the next day. At the Tawang valley pass on day 3 of week 3, Baba Parashar is killed by two arrows/bullets fired without coordination by a 23-year-old dawn-walker and a 31-year-old night-cultist. Udayagiri spends 8 days above the cloud-line and returns with the architectural plans for the first Dawn-Shadow Temple. Eleven-week build-out at Tawang with 300 workers in mixed-faction pairs by Tani-of-the-Veil's rota. Consecrated week 11 at first-light (5:43 a.m.). Stage III gayal-foreleg mark completes 14 seconds after Tani lifts her veil and the kingdom sees the eye-socket the 2022 clash took. The First Herald walks through Roing at 6:57 a.m. the same morning; named Sahodara-Aapun by 13-year-old Yapum-Mihu three weeks later. Three Temples in active construction at chapter end: Tawang consecrated, Roing (Herald-return room) foundations laid, Lower Subansiri foundations laid.",Bloodline-D sun-line dawn-walker; cross-kingdom Sarus-pigeon correspondent with Moirangthem (NE Dominant candidate; vote committed) and Kanchenjunga (Sikkim; concession-bond complements the boundary-bond; mutual-records exchange between Sonam-Lama-Bumla and Lobsang established within 30 days); ratified by 5-kingdom NE-Federation registry on day 23; appointed Tani-of-the-Veil as Temple translator and Asta-Asura as shade-master,—,"Yudhishthira-mapped (the reluctant inheritor of a kingdom-restructuring decision he cannot articulate before the mentor articulates it). The saga's ELEVENTH bond-mechanic: the CONCESSION-BOND — bond rewards publicly conceding ground to a grievance the kingdom's historic virtue has failed to address. Distinct from Sikkim's boundary-bond in that the boundary-bond draws a new exclusion while the concession-bond draws a new inclusion. The two are complementary: Kanchenjunga closes the Charter against a single named violation; Udayagiri opens the Charter to a single named architecture. Per restructure §1 he joins the NE Federation under Moirangthem in Ch 3 after the First Herald has been named. The Order of the Dawn-Shadow Temple becomes the saga's template for virtue-restructuring institutional answers (replicated at Roing and Lower Subansiri within the chapter; will replicate at Goa Karwar in Volume Two, at Yavana-Khanda coastal sites in Volume Two-Three). Thirty-one. Two thousand seven hundred and forty-eight consecutive dawn-greetings before the chapter; one skipped (week 3 day 3 morning while climbing back down from the cloud-line); resumed on the next dawn. The daily re-forging of the Uday-spear unbroken across the chapter."
sikkim,Sikkim,northeast,2,boundary-bond-stage3,Kanchenjunga,active,3,bond-boundary,"The Chintamani stolen from the Rumtek inner sanctum at the autumn Refugee-Blessing Ceremony — extracted by Krodha (under the forged identity 'Krodha-Sherpa of Pelliang Village') during the standard 15-minute seating-rotation interval at 1:47 p.m., hidden in the upper chamber of the dawn-prayer-wheel beside barrack 17-C at the south refugee camp. Forty-seven days of silent search by Lobsang and Sonam under Kanchenjunga's strict-confidentiality discipline. On dawn of day 47 a 16-year-old Tibetan refugee girl named Pema-Chöden walks to the monastery east gate and identifies the Refugee Father as Krodha (recognised from her own coloured-pencil drawing of his face done at age 8 in Pelliang Village 2018 at her mother's instruction). Kanchenjunga walks the 4 km to the south camp at noon with the Karmapa-line walking-staff and the deputy chief-secretary. Delivers the 7-minute boundary-speech naming Krodha, the theft, the sub-council, and the exile. Approximately 700 refugees stay; 600 leave with Krodha across the Lachen pass over three days. Pema-Chöden retrieves the Chintamani from the dawn-prayer-wheel's upper chamber at 1:06 p.m. using the recovered Karmapa-line key. Stage III red-panda-foreleg mark completes on his right pectoral at 1:08 p.m. — 11 seconds after she straightens at his left shoulder with the jewel against her chest. Drafts and ratifies the Pema-Chöden amendment (first amendment to the Compassion-Charter in 9 centuries; vote 23-1). Sends the cross-kingdom Sarus-pigeon cascade-alert to all 9 bonded-kingdom senior guardians 6 weeks later when the panda-at-altitude sign appears on Khangchendzonga.",Bloodline-D senior guardian; cross-kingdom Sarus-pigeon correspondent with Moirangthem (Manipur — NE Dominant candidate; vote committed) and Dzulevira (Nagaland — Sister-in-Boundary exchange; mutual-records exchange between Mhabemo and Lobsang); senior-monk-counsel correspondent with U-Khrawkmen (Meghalaya inheritor-regent) and Kamalavarna (Kamakhya cosmic seat); appointed Pema-Chöden as co-administrator; mentored Lobsang (sub-council-recovery programme designer) and Sonam (administrative monk),—,"Vidura-mapped (the senior counsellor who must draft new institutional procedure when the old charter is weaponised). The saga's TENTH bond-mechanic: the BOUNDARY-BOND — bond rewards drawing the first principled exclusion against an unconditional-welcome institution. Distinct from Nagaland's refusal-bond in that the refusal-bond rejects identity-claims while the boundary-bond drafts new institutional procedure. The Pema-Chöden amendment becomes the saga's template for all future virtue-charter amendments (Telangana Ch3, Kerala Ch4, Yavana-Khanda Vol2). Per restructure §1 he joins the NE Federation under Moirangthem in Ch 3; the Sanctuary-vote ratification is the bond's next test. Forty-one. Three thousand two hundred and eighty-eight consecutive dawn-prayers before the chapter; one skipped (the morning of day 47 when Pema-Chöden arrives); resumed on day 48 with the Chintamani restored."
bihar,Bihar,east,2,rebuilding-bond-stage3,Vajramukha,active-recovering,3,bond-rebuilding,"Tamasa (Ch 1 Pataliputra-spared antagonist) returns autumn 2024 as Acharya Ghora with a forged Nalanda-University-faculty appointment-letter (Department of Magadhi-Prakrit Comparative-Philology; forged at the Bhopal-printing-press by the same Singapore-funded forgery-cell that produced Naga-Rakshasa's 16 DNA-rite kits at Sikkim and Tri-Yantra-Bheda's civil-engineering-vulnerability doctorate at Sangam-Tamilakam — confirmed at week 11 cross-referencing the Singapore source-account wire-record at the Reserve-Bank-Patna-Branch). Holds private audiences with Nalanda Mahasthavira Acharya Vasudha-of-the-Manuscript and Vajra-Sangha Senapati Bhima-of-the-Plains across weeks 1-6. Funds Nalanda printing-press at ₹3.2 crore and Vajra-Sangha weapon-procurement at ₹3.5 crore from the same Singapore line; each order believes the fund is from the other order's treasury. Engineers the seventh-week-riot at the Nalanda Reconstructed Library's northern-courtyard via 12 paid student-agents (6 each side). Library catches fire at 1:54 a.m. Vajramukha runs the standing-23-km distance from Patna State Hero's residence in 3h11m; arrives at northern-skylight at 2:47 a.m. Maitreyi-the-Younger breaks the standing-northern-skylight glass at 2:53 a.m. Vajramukha enters the manuscript-vault at 2:58 a.m. Acharya Vasudha-of-the-Manuscript dies at 3:03:31 a.m. at the Atisha-Dipankara 1042-CE palm-leaf shelf-position from the secondary-fire-front after the central-vault roof-section collapses at 3:03:18. Vajramukha deflects the standing-falling roof-section at 3:03:24, fractures right-clavicle and left-femur. Maitreyi drags him through the standing-northern-skylight at 3:08 a.m. Discharged against medical-advice on Saturday week 7 at 5:11 a.m. Walks back to the burnt-northern-wing foundation on Monday week 8 at 6:11 a.m.; lays first foundation-brick at 6:23 a.m. at the northeast-corner-position. Continues brick-by-brick across 93 days dawn-through-dusk with Maitreyi-the-Younger walking the standing-architectural-blueprint at 3-metre distance every dawn reading the eleventh-century load-bearing-pattern aloud. Stage III gaur-foreleg-first-stroke completes Day 93 at 4:11 p.m. at the standing-keystone-tile placement. Day 94: hollow gaur found at Valmiki Tiger Reserve's northern-grazing-meadow at 6:11 a.m. (no wound, no predator-print, no incision-evidence; standing-internal-organ-cavity empty; standing-body ~1/20 of standing-living-mass). Amended Vajra-Bhumi charter ratified 47-3 same day. Marries Maitreyi-the-Younger at Magadhi spring wedding-festival week 8 of Ch 3 (Bloodline-D + Bloodline-A mixing event).",Bloodline-D gaur-line; cross-kingdom Sarus-pigeon correspondent with Jagannath-Bandhu at Odisha (Eastern-Federation rotating-chairmanship at 6-month intervals beginning Ch 3) and Krishnadevaraya-Bhrata at Karnataka (southern-bloc cross-region acknowledgement); cross-region paired-sign correspondent with Shivagati at Maharashtra (hollow gaur paired with burnt squirrel-nest as saga's 5th cross-region Maw-sign pair: hollow-from-within); successor in Ch 3 by marriage-and-Bloodline-mixing rather than by death; first standing-rebuilding-bond hero in the saga's registry,—,"The saga's NINETEENTH bond-mechanic: the REBUILDING-BOND — Stage III earned by laying the burnt charter-foundational property's foundation-bricks by hand alone across a 90-day-minimum continuous-period at the burnt-foundation-position with the standing-architectural-blueprint reader at the 3-metre distance every dawn. The first bond-mechanic across all 19 to permit a continuous companion across the bond-formation duration (the standing-permitted-companion clause). The rule is the kingdom-council's standing-recognition that combat-victory alone cannot heal the standing-mind-body schism — the bond grows through the brick that the fist cannot punch. Per Ch 3 plan Vajramukha holds the East-Dominant-successor seat alongside Jagannath-Bandhu's standing-Kalinga-Chakra East-Dominant seat; the two share the standing-rotating-Eastern-Federation-chairmanship at 6-month intervals. Standing-Magadhi spring wedding-festival to Maitreyi-the-Younger in week 8 of Ch 3 forms his Stage IV at the Saptapadi-completion moment (Bloodline-D + Bloodline-A integration event). The standing-amended Vajra-Bhumi charter (6 core provisions: Madhyama-integration mind-body dual-discipline; Nalanda-faculty-appointment verification-protocol; Sixth Clause forgery-criminalisation; living-archive seat for Maitreyi-the-Younger; foundation-by-hand discipline-recognition; East-Dominant-successor seat for Vajramukha) is ratified 47-3 on day 94 post-riot (same day as the hollow gaur discovery). Acharya Ghora escapes via Patna-Gaya road by 4:11 a.m. day-1; reaches Bhutan-border by Friday week 8; standing-State-Police standing-warrant issued at the standing-charter ratification-day. Per Ch 3 plan Ghora is one of the standing-villain-network's Eastern field-operatives alongside Adharma-Kendra and Vinasha-Garbha (Arunachal Patkai-corridor cell)."
jharkhand,Jharkhand,east,2,refused-mark-stage3-failed,Vanajara,active-stage2-cap,2,bond-refused-mark,"Vana-Raksha (Ch 1 Hazaribagh-spared antagonist) returns winter 2021 as Acharya Hari-Mohan Mahato with a forged Indian Forest Service consultant's identity-card and a forged Tata Institute of Social Sciences development-PhD (forged at the standing-Bhopal-printing-press by the same Singapore-funded forgery-cell that produced Acharya Ghora's Bihar Nalanda-faculty appointment-letter, Naga-Rakshasa's 16 DNA-rite kits at Sikkim, and Tri-Yantra-Bheda's civil-engineering-vulnerability doctorate at Sangam-Tamilakam — confirmed at week 6 of the felling-period via Birsa-Aaj's informer-delivered letter cross-referencing the standing-Singapore source-account at the Reserve-Bank-Patna-Branch wire-record). Founded the Vana-Vidya Trust as a 12A-registered tribal-education charity in March 2022; opened 14 schools across the standing-Saranda-forest catchment by autumn 2024 (11,243 enrolled children); cycled ~327 boys through the Karanpura training-cell into Aditya-Coal subcontracting wages. Cultivated 12 of the 24 Saranatu-Sarna tribal-council seats over 31 months through village-level school-endowments, individual-council-member cash-transfers, and the Pasanda-to-Karanpura paved-road. Tuesday week 5 council vote at Pasanda village-hall: 24 in favour, 21 opposed, 3 abstentions (Birhor sub-clan whose livelihood-base had been quietly disrupted by Aditya's pre-vote-week labour-camp closure in July 2024). Resolution 47/2025 (Aditya Saranatu-Sarna 840-hectare extraction-license at ₹211 crore) was carried. Vanajara held standing-1-vote, no veto. Spoke 3-minute acceptance-of-vote at 11:47 a.m. before the count: 'I hold one vote. I will vote against. I will not threaten the 12 of you with a son at the mine. I will not block the felling.' Felling began Saturday week 6 at 6:11 a.m.; 47 Sal-felling crews of 6 men each; completed in 14 days. At 4:11:08 a.m. day-13 the North-Karanpura mine's deep-seam-6 (411 m depth) began whispering 'Ah Sal, Ah Sarna' in Magadhi-Prakrit at ~55 dB. D. Kacchap (shift-foreman) raised emergency-evacuation; DGMS closure countermanded by Aditya MD day-15; eastern-coal-face roof-collapse at 11:43 a.m. killed Sukhdeo-Aaj (17, Birsa-Aaj's elder brother). Birsa-Aaj (13) read Acharya Ghora's cross-network letter in the headmaster-cabin third-drawer at 7:14 p.m. day-17; walked 23 km to Ranchi-Vana-Bhavan across 19h43m; delivered to night-duty officer R. Tirkey at 11:55 p.m. Cross-network identity confirmed 3:11 a.m. day-18; Vana-Raksha escaped via Hazaribagh-Daltonganj road at 5:11 a.m. day-18; reached Bangladesh-border Murshidabad crossing Friday week 10; received at Phuentsholing safe-house by Vinasha-Garbha Patkai-corridor cell Sunday week 11. Vanajara walked the felled Saranatu-Sarna at midnight day-21 and performed the Vana-Kula clan ritual alone at the Bonga-residence position. **The Stage III elephant-foreleg-first-stroke did not form.** The Asian-koel did not return. The Bonga-residence remained clay-and-ash residue. Acceptance-speech at the Ranchi-Vana-Bhavan emergency-session day-23 at 11:43 a.m. — eleven minutes, three clauses — was codified as the saga's 20th bond-mechanic registry-entry (the refused-mark) at the Fifth-Provision of the amended Vana-Agni charter (ratified 23-1 day-24 at 4:11 p.m.).",Bloodline-D elephant-line; cross-kingdom Sarus-pigeon correspondent with Vajramukha at Bihar (Eastern-Federation deferential-position acknowledgement; standing-counter-signed letter delivered day-32 placed inside the Atisha-Dipankara palm-leaf bundle's protective wrapper at the Nalanda-recovered northern-wing living-archive seat-position) and Jagannath-Bandhu at Odisha (Eastern-Federation deferential-pledge); cross-region paired-sign correspondent with awaiting kingdom (substrate-voice pair-candidate); Aranya-Mata Tudu (73; Vana-Kula clan-mother; Birsa-Aaj's legal-guardian; Saranda-Vidya Replacement Trust founder); Birsa-Aaj (13; Ch 3 pivot-character; Sanctuary-delegate at age 15),—,"Yudhishthira-mapped (the hero who accepts the verdict he did not write). The saga's TWENTIETH bond-mechanic registry-entry: the REFUSED-MARK — Stage III not earned when the charter-foundational bond-loss occurred through legal-process rather than violence; the state-hero remains at the prior-stage-cap; the saga's twentieth registry-entry codifies the legal-edge bond-non-formation. The first registry-entry across all 20 bond-mechanics that is the codified absence of a bond-formation rather than a bond-formation itself. Vanajara permanently capped at Stage II elephant-head-silhouette at the right-shoulder-blade (Ch 1 Hazaribagh-confrontation acquired mark). Stage IV opening at Bloodline-mixing event is closed at the Volume-I charter-record. Per Ch 3 plan he attends the Sanctuary at the East-cluster deferential-position behind the Eastern-Federation rotating-chairmanship (Vajramukha and Jagannath-Bandhu); pledges deferentially to the Eastern-Federation; the coal-question (Saranda-forest tribal-population's economic-restructure away from the Aditya-pattern mine-labour) is unresolved going into Ch 4. The standing-amended Vana-Agni charter (6 core provisions: Vana-Kula clan-mother veto-clause at quarterly-curriculum review; Saranatu-Sarna afforestation-mandate 20-year ₹611 crore; Schedule-V sacred-site exclusion-clause retroactively voiding Resolution 47/2025; cross-network villain-funded NGO 12A registration-disqualification-clause; state-hero refused-mark recognition-clause codifying Vanajara's day-23 acceptance-speech as the saga's recognition-language; Birsa-Aaj custodial-residency at Sasaranatu-Cottage under Aranya-Mata legal-guardianship until age 18) is ratified 23-1 day-24 post-felling. The standing-Singapore-source corpus (~₹194 crore remaining at Vana-Vidya Trust corpus-account post-Acharya cash-withdrawal) transferred to the Saranda-Vidya Replacement Trust at day-25 11:14 a.m. The standing-extraction-license for Saranatu-Sarna was cancelled day-25 at 11:11 a.m. — first standing-extraction-license cancellation in Indian-mining-regulation history triggered by a Maw-sign rather than conventional safety-hazard. Suresh Munda-of-Pasanda (council-seat #9, Vana-Vidya school-board chairman) was the single-opposition vote at the 23-1 ratification; resigned from Vana-Vidya board day-24 5:11 p.m.; withdrew son Devnath Munda from North-Karanpura shift-trainee position day-31."
west-bengal,West Bengal,east,2,accepted-loss-bond-stage3,Sundarvani,active-stage3-recovering,3,bond-accepted-loss,"Kala-Nadi rises from the Gosaba-island tidal-mudflat at 4:11 a.m. on the first Sunday of April 2026 (Kala-Nadi's 38th birthday at the 1988-April-11 natural-twin-birth anchor). Walks the Sundarbans-to-Calcutta 411-km distance across 63 hours at ~6.5 km/h. Arrives at Bhowanipore mansion front-gate 4:11 p.m. Tuesday week 1. Ganesh-Babu (Sundarvani's father, 63, Suryavamsha-noble) recognises her by the delta-mud at her ankles and the iris-pattern flecked-grey at 11-o'clock photographed at her 13th-birthday Gosaba ceremony 2001 and preserved at library-safe 2001-2026. Files Suryavamsha-tradition Patrilineal-Primogeniture petition at Calcutta High Court Civil-Court emergency-petition session 11:11 a.m. Friday week 6 naming Kala-Nadi elder-twin by 11-minute birth-priority (1988 Calcutta-Medical-Hospital natural-twin-birth record: Kala-Nadi born 4:11:00 a.m. April 11 1988, Sundarvani born 4:22:00 a.m.; Kala-Nadi logged stillborn at administrative-error but secretly given to paternal-grandmother's Gosaba-island custodial-care 1988-2010 under Ganesh-Babu's private-arrangement to honour Suryavamsha-tradition darker-skin-twin tradition-stigma at future-Sundarvani bridge-marriage arrangement; grandmother died 2010; Kala-Nadi remained at Gosaba-island shadow-presence 2010-2026 in mirror-observation discipline). Honourable Justice K. Bhattacharjee (67, Calcutta High Court Civil-Court) delivers jurisdiction-narrowed ruling 12:11 p.m. Friday week 6: Patrilineal-Primogeniture applies to Bhowanipore mansion and Choudhury trust-fund only; state-hero seat (fishing-cat-bond conferral seat) excluded. Suryamukha (Sundarvani's 11-year-old son; Bloodline-C+B hybrid; deceased father Pradip Choudhury cardiac-arrest October 11 2023; paternal-grandmother Rohini Choudhury was Adharma-Kendra's elder-sister) begins 11 weekend-visits at Bhowanipore mansion May-June; Kala-Nadi cultivates through mirror-perfect mother-imitation discipline (memorised Sundarvani's 11 sari-folding patterns, bedtime-story cadence, luchi-and-aloo-tarkari recipe, jasmine-and-sandalwood perfume, tidal-clock pedagogical-pattern, Saturday-morning encouragement-smile from 38-year shadow-presence and 2024 single-night Hindusthan Park flat secret-visit). Sunday week 9 at 4:11 p.m. Kala-Nadi invites Suryamukha to stay permanently at Bhowanipore. He says yes 4:13 p.m. Sundarvani arrives 5:11 p.m. with Delta-Battalion 12-member cohort at 11-metre proximity. Orders Captain A. Ghosh: 'Stand at 11-metre proximity. Do not enter. Do not raise the weapon. Do not intervene.' Walks alone to southern-veranda. Kneels at 11-metre proximity at 5:14:11 p.m. Speaks for 47 seconds at Sundarvani Sunday-evening-tender-cadence at no-tremor configuration: 'Suryamukha. I am your mother. I have come to take you home if you choose. I have come to leave you here if you choose. I will not take you against your choice. I love you. Choose. I will accept your choice.' Suryamukha chooses Kala-Nadi at 5:14:58 p.m. Sundarvani stands 5:15:31 p.m. Walks back to Delta-Battalion without looking back. Rides Howrah-to-Gosaba night-boat 11:11 p.m. that night. Reaches Gosaba-island tidal-mudflat 4:11 a.m. Saturday week 11. Stage III fishing-cat-foreleg-first-stroke forms at right-upper-back across eleven seconds 4:11:23-4:11:34 a.m. at letting-go gesture into rising-tide (mental-image of Suryamukha released at palm-cup at 4:11:17 a.m.). Mark traces in grey-and-orange tidal-mudflat-ink silhouette. Tidal-mudflat begins to speak at 4:11:23 a.m. at ~47 dB Bengali-Brahmaputra-cadence — three-word phrase 'Bhasha-jal, Mata-jal' (water that speaks, water that mothers) — grandmother's instruction-couplet that both twins received at age 7 at shared Gosaba grandmother instruction-line. 96 Royal Bengal Tigers leave Sundarbans in single night Friday-into-Saturday week 11 (Animal-Bond-Indicator coordinated-departure). Bilash-Babu (Sundarvani's younger brother, 31) defects from Bhowanipore at 11:43 a.m. Sunday week 11; arrives Howrah-Bhavan 4:13 p.m. with library-safe contents (1988 birth-record original, paternal-grandmother's custodial-care arrangement-letter, 3-letter Adharma-Kendra cross-network correspondence-cluster Oct/Dec 2025 + Mar 2026). State-Police warrant issued 5:11 p.m.; Bhowanipore raided 7:11 p.m. — found empty; Kala-Nadi, Suryamukha, and Ganesh-Babu had departed at noon at Adharma-Kendra exfiltration; reached Bhutan-border Phuentsholing safe-house 7:11 p.m. Wednesday week 12 joining Vana-Raksha's Eastern field-operative cell. Amended Sundara-Vana charter (6 provisions) ratified 43-2-1 at 4:11 p.m. day-13 post-claiming Wednesday week 11.",Bloodline-C Draupadi-mapped fishing-cat-line; cross-kingdom Sarus-pigeon correspondent with Vajramukha at Bihar (East-cluster substrate-voice cross-region acknowledgement — Vajramukha's letter to Sundarvani day-21 placed at Sajnekhali-Reserve cross-region correspondence-archive; her counter-signature letter day-22 received at Bihar Patna-residence day-23) and Jagannath-Bandhu at Odisha (Eastern-Federation rotating-chairmanship East-cluster deferential-position) and Vanajara at Jharkhand (East-cluster refused-mark cross-region acknowledgement); cross-region paired-sign correspondent with Vanajara at Jharkhand (Bengal tidal-mudflat utterance pairs with Jharkhand coal-seam whispers as saga's 6th cross-region Maw-sign pair: substrate-voice; living-substrate at tidal-surface paired with non-living-substrate at deep-strata); Bilash-Babu (31; standing-East-Dominant-deferential-successor; inherits Bengal at Ch 3 twin-confrontation death moment); Suryamukha (11; returns to Sundarvani at Kala-Nadi-death pre-mortality window Ch 3),—,"Draupadi-mapped (the collective dignity that grows through loss; the matriarch who lets her son choose). The saga's TWENTY-FIRST bond-mechanic: the ACCEPTED-LOSS BOND — Stage III earned by kneeling at the 11-metre proximity to the villain-cultivated protected-anchor at cultivation-completion threshold, accepting the anchor's wrong-choice without protective-extraction, walking back without looking back, and standing at the bond-conferral-site at the rising-tide moment to release the mental-image of the anchor into the bond-substrate. The first bond-mechanic across all 21 to form THROUGH the bond-loss rather than at the bond-preservation; the mark grows through accepted-loss not through protective-victory. The standing-Stage-IV opening at the Ch 3 twin-confrontation moment is the saga's first state-hero-deferential-inheritance death-mark-passage (the Stage IV fishing-cat-foreleg-full-stroke forms at the mutual-kill outcome at the Gosaba-island final twin-confrontation; the mark completes at the 47-minute pre-mortality window during which Suryamukha returns to her side; passes to Bilash-Babu at the death-moment per amended-charter Sixth-Provision codification). Per restructure §4 Sundarvani dies in early Ch 3 at the Gosaba-island final twin-confrontation against Kala-Nadi; her ferocity at the kill marks her as a martyr-saint at the Sundarbans tradition; the deity-trial absorbs her; Bilash-Babu inherits Bengal at the death-moment. Per restructure §1 Bilash-Babu is the new East-Dominant-deferential-successor in Ch 3 carrying the Sundara-Vana Bengal-State seat across Ch 3 and Ch 4. The standing-amended Sundara-Vana charter (6 core provisions: engineer-priestess seat-conferral non-Patrilineal-Primogeniture jurisdiction-clarification; twin-disclosure mandatory-protocol with IPC 466A 3-year imprisonment; Adharma-Kendra cross-network safe-house cell disqualification + Bhowanipore confiscation; Sundarbans tiger sanctuary-coordination at Bardhaman-Birbhum mainland Forest-Department cross-region transfer; state-hero accepted-loss recognition-clause; Bilash-Babu East-Dominant-deferential-successor seat) is ratified 43-2-1 day-13 post-claiming. The standing-Bhowanipore mansion is conferred at the State-Forest-Department afforestation-mandate confiscation-target list at the amended-charter ratification-day; the State-Police confiscation-warrant is issued at the Calcutta High Court Civil-Court parallel-session Wednesday week 11."
punjab,Punjab,north,2,abandoned-consensus-bond-stage3,Panchanada,active-stage3-recovering,3,bond-abandoned-consensus,"Panchavish (Ch 1 Hoshiarpur-spared antagonist) re-emerges November 2025 as Sant Hari-Charanjit Singh-Maharaj with forged Akhand-Saint-Brotherhood-Trust 12A certificate and forged 1996 Damdami-Taksal graduation certificate (Bhopal-printing-press; standing-Damdami-Taksal 1996-graduation-class no-match confirmed at Kirpan-Sangha intelligence-cell November 12). Founded Jal-Shuddhi water-purification ashram at Jalandhar Sant-Atar-Singh-pattern campus December 2025 with ₹211 crore Singapore source-account corpus (traced at Reserve-Bank-Patna-Branch wire-record cross-reference). Administered 23 sequential downstream Jal-Shuddhi rites along Beas-river November 13-December 27 2025 with OMP-211 organic-mercury-bound recursive-poison mixture (Bhopal-pharmacology cell synthesis; 30-45 day bioactivation-cascade). January 3 2026 bioactivation-cascade peak: Beas runs black across 211 km from Mukerian-headwaters to Harike-Sutlej-confluence. ~47 ppm OMP-211 (47,000× WHO threshold). 40 villages displaced; ~137,000 displaced-population; ~47,000 hectares wheat-and-paddy destroyed; ~47,000 cattle-buffalo-goat dead; ~₹700 crore cumulative direct-loss. Kirpan-Sangha convenes Sarbat-Khalsa unanimity-protocol emergency-session at Akal-Takht Amritsar January 11 2026. 47 sessions across January 11-March 23 reach no unanimous-decision at five river-state coordination-deadlock. Panchanada requests private audience with Akal-Takht Jathedar Bhai Sukhpreet-Singh at March 23 7:11 p.m.; Jathedar promises to sit at Anandpur-Sahib Takht-spire on Vaisakhi-day as witness-only (not blesser, not condemner, recorder). April 1 2026 Panchanada meets Bibi Karam-Kaur at Mastuana-Sahib Gurdwara (she had personally executed 3 standing-Beas-poisoners-caught-red-handed at the gurdwara-tank February 23 2026 at Sant-Atar-Singh-tradition kirpan-justice protocol under 1925 Sikh Gurdwaras Act Section 105 Gurmat-jurisdiction recognition). Karam-Kaur accepts enforcer-role at Anandpur-Sahib decree. April 13 2026 Vaisakhi-day 4:11 p.m. Anandpur-Sahib Akali-Takht-Hazur-Sahib war-council: Panchanada decrees Beas-sacrificial-river with 20-year extraction-prohibition; other 4 rivers (Sutlej, Ravi, Chenab, Jhelum) charter-foundational; corridor-sovereignty revoked; Punjab-State government re-consolidates at Chandigarh. Signs alone with Karpa-Karpan double-edged sabre left-handed signature-stroke across 11 seconds 4:11:18-4:11:29 p.m. Stage III blackbuck-foreleg-first-stroke forms at right-upper-back across 11 seconds 4:11:23-4:11:34 p.m. concurrent with signature-stroke. Mark traces in saffron-and-indigo dual-ink at Punjab khalsa-syncretic visual-anchor. Three river-states obey (Sutlej, Ravi, Chenab) at April 15 Chandigarh obedience-protocol signing. Two secede (Beas at Pathankot April 17 47-3 vote; Jhelum at Pathankot April 18 31-9 solidarity-vote). Sant Hari-Charanjit Maharaj escapes via Wagah-pre-border 3:11 a.m. April 14 to Pakistan-Lahore Anarkali-Bazaar-corner safe-house 5:14 a.m. (received by Vinasha-Garbha cross-network Northern field-operative codename Adesh-Singh). 4:11 a.m. April 14 Harimandir-Sahib sarovar-reflection shows 1577 Guru-Ram-Das original brick-and-mud-mortar configuration for 3 minutes (witnessed by Bhai Sukhpreet-Singh at Akal-Takht eastern-veranda standing-pre-dawn ardas-position). Amended Panch-Nada charter (7 provisions) ratified 31-2 at Chandigarh secretariat 4:11 p.m. April 22 2026.",Bloodline-? Arjuna-mapped (chosen warrior) with Karna-secondary (right-deed-wrong-banner echo); cross-kingdom Sarus-pigeon correspondent with Sundarvani at Bengal (East-cluster substrate-voice cross-region acknowledgement; her counter-signature letter reached Anandpur-Sahib April 28), Vajramukha at Bihar (East-cluster cross-region; reply April 30), Jagannath-Bandhu at Odisha (East-cluster cross-region; reply May 2), Vanajara at Jharkhand (East-cluster refused-mark cross-region; reply May 4 — observed the standing-mirror-comparison between his standing-twentieth refused-mark and Panchanada's standing-twenty-second abandoned-consensus mark); Gangaputra at UP (River-Sisters alliance reconvening counter-sign at amended-charter); future-Sanctuary delegate at North-cluster delegation behind Eastern-Federation acknowledgement-position; Bibi Karam-Kaur (47; New Female Character enforcer-pattern; Beas-Resettlement Replacement Trust co-founder; commands 311-warrior Kirpan-Sangha enforcement-cohort across Sutlej-Ravi-Chenab cooperating-corridor 20-year prohibition enforcement-protocol),—,"Arjuna-mapped chosen warrior with Karna-secondary right-deed-wrong-banner echo. The saga's TWENTY-SECOND bond-mechanic: the ABANDONED-CONSENSUS BOND — Stage III earned by abandoning the standing-charter-foundational unanimity-protocol (Sarbat-Khalsa-equivalent at the multi-sub-state federation level) at the standing-charter-foundational ritual-venue (senior-Takht-or-equivalent council-hall) at the standing-charter-foundational ritual-day (Vaisakhi-or-equivalent annual-renewal day) and signing the standing-single-solution decree alone with the standing-charter-foundational instrument (Karpa-Karpan-or-equivalent state-hero-conferred weapon's left-handed signature-stroke) at the 11-second sustained-contact duration concurrent with the standing-female-enforcer at the 3-metre-right vertical-readiness position. The mark forms across 11 seconds at right-upper-back in tradition-tradition visual-anchor ink-equivalent. The mark is the saga's recognition that the standing-charter-tradition standing-unanimity-protocol can be paused but not broken — the Sarbat-Khalsa will reconvene at the Sanctuary mediation; the future-tribunal will judge; the state-hero accepts the judgement-future. Per Ch 3 plan Panchanada appears at the Akal-Takht Bhog-Akhand-Patha future-tribunal at the Sanctuary-following post-2026 window; does not contest the breaking-of-Sarbat-Khalsa charge. Stage IV opening at Sanctuary mediation-conclusion when Beas-state and Jhelum-state reintegrate at amended-charter Seventh-Provision cross-region recognition. The standing-amended Panch-Nada charter (7 core provisions: Beas-sacrificial-river 20-year extraction-prohibition; Beas-displaced-population resettlement-mandate at Sutlej-Bist-Doab cross-corridor 60-40 host-arrangement; Akhand-Saint-Brotherhood-Trust 12A revocation with corpus transfer to Beas-Resettlement Replacement Trust; five-river-state corridor-sovereignty revocation; Sarbat-Khalsa unanimity-protocol acknowledgment-clause with future-tribunal; Sant-Atar-Singh-tradition kirpan-justice protocol recognition with Karam-Kaur enforcer-cohort commander seat; cross-network villain-funded NGO 12A registration-disqualification cross-region precedent-recognition) is ratified 31-2 day-9 post-decree at Chandigarh secretariat. The standing-Northern operations-base (Wagah-Lahore safe-house) completes the cross-border exfiltration-architecture across the saga's villain-network: Eastern Bhutan-border Phuentsholing (Acharya Ghora/Vana-Raksha/Kala-Nadi/Suryamukha), Bangladesh-border Murshidabad cross-East-NE coordination, Northern Pakistan-border Wagah-Lahore (Panchavish/Hima-Asura/Hima-Mara projected coordination)."
haryana,Haryana,north,2,void-marriage-bond-stage3,Kurukshetraa,active-stage3-recovering-regent-designate,3,bond-void-marriage,"Kurukshetraa's grandmother Mata Saraswati-Devi Yagnopavita (83, Sannihit-Sarovar Bloodline-B Yagnopavita-line matriarch since 1989) dies at Sannihit-Sarovar matriarch-residence deathbed 11:43:47 a.m. November 13 2022 thirty-two days post-Ch-1 Pehowa confrontation. Deathbed-wish-completion clause delivered at October 22 2022 private-audience: standing-Bloodline-B unification cousin-marriage between Kurukshetraa and Kuru-Bhasma must complete at standing-charter-foundational unification protocol despite Ch 1 outcome ('the dharma is in the administration of the charter, not in the cohabitation of the spouses; the charter will require the marriage-completion-and-dissolution-protocol sequencing; you will know that day when it arrives'). Kurukshetraa accepts at deathbed 11:43:11 a.m. Yagnopavita-line ring-rotation administration completes at grandmother's cremation 4:11 p.m. November 14 2022: 1840-vintage gold-and-pearl Sannihit-Sarovar Bloodline-B matriarch-conferring-ring transferred to Yajna-Devi (Kuru-Bhasma's mother) at standing-charter-foundational hold-pending-day instruction. Sannihit-Sarovar wedding-ceremony administered at Pehowa western-bank wedding-mandap 11:11 a.m. February 11 2023 (Kurukshetraa age 35; Kuru-Bhasma age 37); at administration-of-charter-only configuration; no cohabitation; Kurukshetraa not at Karnal Khap-administrator quarters across prior 3 years; Kuru-Bhasma visited Sannihit-Sarovar ~11 times at annual-festival rotation without overnight residence. September-November 2025 Khap-council under Kuru-Bhasma claims honour-killing-jurisdiction over 47 inter-caste-marriages; State-Police Karnal-District Inspector M. P. Singh files cumulative-honour-killing report November 17 2025 11:11 a.m.; DGP emergency-investigation order 4:11 p.m. Khap-council declares jurisdiction-precedence at Karnal Khap-Council emergency-meeting 7:11 p.m. Reform-Khap faction (~78 of 211 seats) resigns 9:11 p.m. under Pradhan Bhola-Ram-Mukhia (63, Kaithal-district reform-Khap Mukhia since 2015, Kurukshetraa's 2009 conferral-witness). Sannihit-Sarovar dissolution-order delivered 7:53 p.m. December 23 2025 emergency-session. Karnal Khap-council direct-action cohort under Kuru-Bhasma 9:11 p.m. dispatch (State-Police radio-intercept evidence-cluster M-23B-through-G; standing-tap since November 18) burns Bhainswal-Bhana village 11:43 p.m.-12:54 a.m.: 47 villagers dead (23 women, 16 children under 12, 8 men over 50); ~211 livestock dead; ~211 hectares rabi-2025-26 wheat destroyed. Kurukshetraa watches from horseback 11-km Sannihit-Sarovar western-hill vantage; does not intervene (would trigger Khap-council standing-State-government secession-protocol). Blackbuck-herd splits 6:11 a.m. December 24: 187 Sannihit-side / 124 Karnal-side (Animal-Bond-Indicator omen seen too late at 6:23 a.m. observation). Files divorce-petition at Punjab-and-Haryana High Court Family-Court Chandigarh December 28 2025 under Section 13(1)(ia) cruelty-grounds with Section 13(1)(ib) desertion-grounds cross-reference at standing-Bloodline-B Suryavamsha-tradition pre-1955 jurisprudence-precedent primary jurisdiction invocation. Family-Court emergency-session February 14 2026 11:11 a.m. before Justice K. R. Shoor (58, Bloodline-B Suryavamsha-tradition pre-1955 jurisprudence-scholar; 2021 P&H High Court compendium author). Delivers 36-minute three-clause deposition testimony 11:22-11:58 a.m. Defence-rebuttal under Advocate H. S. Rana 12:11-3:43 p.m. Inspector M. P. Singh State-Police radio-intercept testimony 2:43-3:11 p.m. Pradhan Bhola-Ram-Mukhia reform-Khap testimony 3:11-3:43 p.m. Reserve-for-ruling-preparation window 4:11 p.m. Yajna-Devi (67, Sannihit-Sarovar Bloodline-B matriarch-line direct-line head since 2010; not informed of Bhainswal-Bhana until 11:43 a.m. deposition; standing-pre-hearing isolation at Chandigarh Sector-9 guest-house February 11-13 three-night residence) rises from observation-gallery western-veranda at 4:11:48 p.m. Walks 11 metres to petitioner's-bench at 4:12:11 p.m. Removes 1840-vintage gold-and-pearl ring from left-ring-finger across 11 seconds 4:12:11-4:12:22 p.m. Places ring on petitioner's-bench at Kurukshetraa's right-hand position 4:12:23 p.m. Speaks 47-second mother-in-law-acknowledgment statement at Bloodline-B Sanskrit-and-Haryanvi syncretic Yagnopavita-line matriarch-cadence: 'Daughter. My son is not my son. He is the Khap-administered protocol's son. He has chosen the Khap over the dharma. I have given you the Sannihit-Sarovar Bloodline-B matriarch-conferring-ring at the deathbed-wish-completion clause's mother-in-law-acknowledgment. You are no longer his wife. You are the Sannihit-Sarovar Bloodline-B matriarch-line direct-line heir at the Yagnopavita-line charter-foundational inheritance configuration. Take.' Kurukshetraa places ring on right-ring-finger at 4:13:23 p.m. Justice K. R. Shoor delivers jurisdiction-narrowed ruling 4:23-4:30 p.m.: marriage voided at 4:12-p.m. ring-conferral; Bhainswal-Bhana village-burning at State-Police IPC 302 investigation-jurisdiction; Khap-council standing-jurisdiction-precedence claim rejected. Stage III blackbuck-foreleg-first-stroke forms at right-upper-back across 11 seconds 4:23:08-4:23:19 p.m. in black-and-saffron dual-ink at Haryana dharma-administration visual-anchor. February 14-17 nights: ash falls from clear sky over 211-sq-km Kurukshetra-plain at 11-mm cumulative-depth (PSPCB Dr. R. Saxena 99.7% Bhainswal-Bhana cremation-residue chemical-fingerprint match confirmed; BARC Carbon-14 8-week age-window match confirmed). Kuru-Bhasma executed by Khap-Mukhia Lal-Singh at Karnal Khap-Administrator residence southern-courtyard March 11 2026 4:11:18 p.m. at Khap-internal-justice protocol (talwar-stroke, cervical-vertebrae, singular-stroke; per 1925 Khap-Mukhia administrative tradition recognition; State-Police jurisdiction not applicable). Amended Kurukshetra-Bhoomi charter (8 provisions) ratified 47-2 at Sannihit-Sarovar State-Council session March 23 2026.",Bloodline-B Yudhishthira-mapped king-mind dharma-administrator with Ashwatthama-secondary grief-broken echo; cross-kingdom Sarus-pigeon correspondent with Panchanada at Punjab (North-cluster void-marriage cross-region acknowledgement at North-cluster Sanctuary deferential-position); Gangaputra at UP (River-Sisters alliance reconvening Yamunadatta-trust Sixth-Provision cross-reference); East-cluster Bihar-Bengal-Jharkhand-Odisha cross-region observation cohort all counter-sign at North-cluster Sanctuary acknowledgement-protocol; Yajna-Devi (67; new female-character per restructure §5; mother-in-law-who-returned-the-ring; relocates to Sannihit-Sarovar March 14 post-cremation third-day at standing-mother-in-law-relocation protocol voided-marriage corollary; standing-Yagnopavita-line living-archive seat representative at Sanctuary); per restructure §1 and §4 Kurukshetraa is Ch 3 Regent of Blackbuck Plain for Yamunadatta (Gangaputra's son) until Yamunadatta age-of-majority Ch 3 late 2027; by Ch 4 yields full power and becomes council-elder at North-cluster council-elder seat,—,"Yudhishthira-mapped king-mind dharma-administrator with Ashwatthama-secondary grief-broken echo. The saga's TWENTY-THIRD bond-mechanic: the VOID-MARRIAGE BOND — Stage III earned by filing divorce-petition at charter-foundational High-Court Family-Court jurisdiction at pre-1955 Bloodline-tradition jurisprudence-precedent primary invocation, delivering three-clause deposition testimony at 36-minute window invoking deathbed-wish-completion clause's corollary-precedent (charter-marriage holds dharma-administrator at charter-foundational integrity-test; spouse-violation voids charter-marriage at violation-acknowledgment moment through Yagnopavita-line matriarch-line direct-line ring-rotation administration), and receiving charter-foundational matriarch-conferring-ring from mother-in-law at open-court ring-conferral moment witnessed by presiding-judge in open-session. Mark forms across 11 seconds at right-upper-back in tradition-specific dual-ink (black-and-saffron at Haryana). Mark grows through charter-held-against-spouse, not charter-held-with-spouse. Per restructure §1 and §4 Regent of Blackbuck Plain at Ch 3 spring 2026 Sanctuary opening for Yamunadatta until age-of-majority Ch 3 late 2027; Ch 4 yields full power and becomes council-elder at North-cluster council-elder seat. Stage IV opens at Ch 4 yielding-ceremony moment when Regent yields full-power to Yamunadatta-age-of-majority heir. The amended Kurukshetra-Bhoomi charter (8 core provisions: pre-1955 deathbed-wish-completion clause supersession-precedent codification; Khap-council jurisdiction-precedence rejection with village-collective-punishment IPC 302 cross-reference; Bhainswal-Bhana village-burning State-Police investigation-jurisdiction with Khap-Mukhia Lal-Singh execution Khap-internal-justice recognition per 1925 precedent; Bhainswal-Bhana village-rebuild protocol with 23% Khap-cohort contribution and 47 memorial-bricks; reform-Khap and traditional-Khap consolidation under Sannihit-Sarovar dharma-administration jurisdiction at State-Government Khap-Tradition Recognition Act 2026 with honour-execution prohibition; Yagnopavita-line ring-rotation administration codification at Yajna-Devi-to-Kurukshetraa transfer and mother-in-law-relocation protocol; Kurukshetraa Regency-Designation at Yamunadatta-trust per restructure §1; Ash-from-Clear-Sky Maw-Sign Recognition Clause at anti-weather paired-sign-category cross-reference with Meghalaya) is ratified 47-2 March 23 2026 thirty-day-post-cremation mourning-completion day."
uttarakhand,Uttarakhand,north,2,feminine-healing-acceptance-bond-stage3,Kasturika,active-stage3-recovering-guru-designate,3,bond-feminine-healing-acceptance,"Hima-Mara (Ch 1 Mussoorie-spared) returns November 11 2025 as Tax Commissioner Lalita Aulakh at Uttarakhand State-Roads-Corporation Pilgrimage-Tax-Cell with forged 2014-IAS-cadre certificate (90th-entry fabricated at LBSNAA Mussoorie cadre-register; Bhopal-printing-press same Singapore-funded forgery-cell that produced 6 prior cross-network products). Introduces Pilgrim-Tax ₹2,111 per head at Hardwar-Rishikesh entry-checkpoints (cumulative ₹47 crore Nov 2025-May 2026). Awards Aulakh-Roads-and-Construction (secret cousin-firm; Lahore Aulakh-International parent) ₹211 crore Kedarnath-Rambara-Gaurikund road-widening at single-tender no-competitive-bidding January 15 2026. Excludes IIT-Roorkee Earthquake-Engineering pre-clearance; rescinds Garhwal-tradition pre-monsoon-blasting-prohibition February 3 2026. Blasting begins February 11; 47-operator cohort; 23 blasting-sessions/day; 211 metric-tonnes emulsion-explosive across 101-day window. GSI Dr. R. Negi files 23-page Rambara-Lincholi-Gaurikund landslide-risk-assessment 4:11 p.m. March 7 (receipt GSI-CDA-2026-0311); identifies high-risk with 300-400 mortality-projection. Tax-Commissioner intercepts at DGP-of-Roads 11:11 a.m. March 11; substitutes no-landslide-risk replacement-report at Bhopal-forged-signature matching cross-network forensic-pattern; original destroyed at noon. Blasting continues. Pilgrim-Sangha Kedarnath-bound cohort begins Gaurikund-to-Kedarnath ascending-trek May 21. May 23 pre-monsoon rain begins 6:11 a.m.; ~117 mm cumulative by 11:11 a.m.; soil-saturation trigger-threshold reached ~11:23 a.m. **At 11:43 a.m.** Rambara-Lincholi corridor canyon-wall western-face collapses (~211 m vertical-fall × ~47 m horizontal; ~47,000 cubic-metres debris; impact 11:43:17 a.m.). **311 pilgrims dead** (187 seniors aged 53-78, 47 younger adults, 47 porters, 30 tour-leaders; 47-second buried-under-debris) — tour-leader had not evacuated because administrative-anchor was no-landslide-risk replacement. SDRF-Garhwal Major D. Bhandari (43) coordinates 11-day search-and-rescue; 211 bodies recovered, 100 permanent-burial confirmed June 3. Kasturika at Madhmaheshwar 4:11 p.m. May 23 receives incident-report from Mr. K. Negi (Dr. R. Negi's younger brother); cross-references replacement at record-room 4:43 p.m.; telephones Dr. R. Negi 4:51 p.m. — confirms substitution. Tax Commissioner Lalita Aulakh departs Pilgrimage-Tax-Cell 11:11 a.m. May 24 with ₹47 crore Saturday-morning special-window withdrawal at SBI Hardwar; Wagah-pre-border 4:23 a.m. May 25 dawn-shift gate-opening; received Lahore Anarkali-Bazaar-corner safe-house 6:11 a.m. May 25 by Adesh-Singh (joins Sant Hari-Charanjit Maharaj 6:23 a.m.). Pradhan Yogi Vishnu-Bhakt summons May 26 6:11 p.m. **May 27 4:11 p.m.** Hari-ki-Pauri ghat public-accountability assembly ~11,000 attendees including 311 bereaved-family senior-representatives. Pradhan 47-minute accountability address. Kasturika rises 4:58 p.m.; walks 11 metres to Brahmakund western-ghat-step front-position; kneels at clay-floor 4:58:23 p.m. at Garhwal-tradition acknowledgment-of-failure protocol; 15-minute speech blames her own cross-reference cross-verification administrative-blind-spot. Pradhan permits walk 4:58 p.m. Meets Bhairavi-Mata at Brahmakund southern-pavilion 4:43 p.m. — Bhairavi-Mata (73; Garhwal-Khasi-tradition healer since 1972 54-year practice; Madhmaheshwar-cottage residence; dismissed by Kasturika at 2019 revival-attempt) had walked 211 km from Madhmaheshwar across May 24-26 (~70 km/day at 73-year-old pace) on hearing of landslide. Kasturika kneels at Bhairavi-Mata's feet 4:43:14 p.m. Bhairavi-Mata's right-hand on head 11 sec at Garhwal-Khasi acknowledgment-of-the-elder protocol. **Co-equal-acceptance 4:43:28 p.m.** Walk begins May 28; covers Hardwar-Yamunotri (May 28-June 2 first 47 visits); Yamunotri-Gangotri (June 3-9 next 67); Gangotri-Kedarnath (June 10-22 next 89 including 211 recovered bereaved-families); Kedarnath-Badrinath (June 23-July 11 final 108 including 100 permanent-burial). Visit-protocol: arrival, clay-floor sitting, mahua-tea infusion ~47 min, Mrigaa-Mudra musk-deer-bond children-blessing ~23 min, grief-herb burning ~11 min, Madhmaheshwar clay-pot blessing-transfer. Mrigaa-Mudra at all 311 visits (mentorship-phase first 23; independent from visit 24). **July 11 4:11 p.m.** Badrinath Brahmakapal Pinda-Daan ghat final 100-permanent-burial aggregated-cohort. Pinda-Daan rite 4:11-4:58 p.m. Clay-pot-cracking 4:58-5:11 p.m. Bhairavi-Mata co-equal-acknowledgment 5:14-5:23:11 p.m. **Stage III musk-deer-foreleg-first-stroke forms across 47-minute extended-window 4:11:23-5:23:11 p.m.** at right-upper-back in saffron-and-cream dual-ink — saga's FIRST extended-window 47-minute mark-formation (prior 23 mechanics were 11-second to 93-day discrete-moment). **July 12 4:11:08 a.m.** Kedarnath Nandi-statue turns head 25.4 mm east-northeast (580-tonne solid-granite; ASI Dr. K. Joshi 11:11-2:43 p.m. laser-rangefinder confirmation; 5-day cross-reference confirms no-mechanical-rotation possibility, no fracture-line; Maw-attribution). Amended Deva-Bhumi charter (7 provisions) ratified 41-3 Hardwar State-Council 4:11 p.m. July 23.",Bloodline-? Yudhishthira-mapped king-mind warrior-priestess with Draupadi-secondary collective-dignity; cross-kingdom Sarus-pigeon correspondent with Panchanada at Punjab (North-cluster cross-region acknowledgement) and Kurukshetraa at Haryana (Yamunadatta-Regent cross-region acknowledgement); East-cluster cross-region observation cohort all counter-sign at North-cluster Sanctuary acknowledgement-protocol; Bhairavi-Mata (73; New Female Character per restructure §5 co-equal-healer-pattern; Garhwal-Khasi-tradition tradition-elder; Bhairava-Ji's mother); Bhairava-Ji (38; New Male Character per restructure §1; retired IA Garhwal-Rifles Battalion-Commander 2010-2024; takes Uttarakhand State-Hero deferential-successor at standing-Tunganath-village quarters); per restructure §4 becomes Guru of Healer-Line at Char-Dham-tradition healer-line lead at Madhmaheshwar Guru-cottage residence; by Ch 4 yields Guru designation and becomes North-cluster council-elder,—,"Yudhishthira-mapped king-mind warrior-priestess with Draupadi-secondary collective-dignity. The saga's TWENTY-FOURTH bond-mechanic: the FEMININE-HEALING ACCEPTANCE BOND — Stage III earned by acknowledging protector-discipline failure at public-accountability assembly at standing-charter-tradition senior-ghat venue, kneeling at assembly-position front-position at Garhwal-tradition acknowledgment-of-failure protocol, requesting Pilgrim-Sangha-or-equivalent permission to walk alongside dismissed-feminine-healing tradition-elder at co-equal-pair configuration, kneeling at tradition-elder's feet at acknowledgment-of-the-elder protocol, and walking standing-charter-foundational geographic-zone bereaved-family standing-individual-healing visit-protocol across 47-day window with bonded-animal-Mudra (Mrigaa-Mudra musk-deer-bond children-blessing) administration at all standing-multi-hundred visits at mentorship-phase first 23 and independent-administration from visit 24. The standing-mark forms at standing-final-bereaved-family aggregated-Pinda-Daan-or-equivalent rite at standing-charter-foundational senior-ghat across standing-extended-47-minute continuous-window — saga's FIRST extended-window mark-formation instance (prior 23 mechanics at 11-second to 93-day discrete-moment formation-pattern). Per restructure §4 Kasturika becomes Guru of Healer-Line at Char-Dham-tradition healer-line lead; per §1 Bhairava-Ji becomes State-Hero deferential-successor. By Ch 4 yields Guru designation and becomes North-cluster council-elder. Stage IV opens at Ch 4 yielding-ceremony moment. The amended Deva-Bhumi charter (7 core provisions: Pilgrim-Tax revocation with corpus transfer to Rambara-Lincholi-Gaurikund Memorial Trust; Aulakh-Roads-and-Construction contract voidance — 5th cross-network villain-funded-corporation revocation after Bihar Singapore, Jharkhand Vana-Vidya, Bengal Bhowanipore, Punjab Akhand-Saint-Brotherhood; Rambara-Lincholi-Gaurikund corridor 20-year-blasting-prohibition with Garhwal-tradition pre-monsoon-blasting-prohibition reinstatement; IIT-Roorkee Earthquake-Engineering pre-clearance mandatory-protocol reinstatement; co-equal healer-pair recognition-clause codifying Kasturika May-27 acceptance-speech; Guru-of-the-Healer-Line designation for Kasturika; State-Hero deferential-successor designation for Bhairava-Ji) is ratified 41-3 July 23 2026."
himachal-pradesh,Himachal Pradesh,north,2,named-grief-bond-stage3-then-death-mark-transfer,Himavati,deceased-mahesh-singh-village-avalanche,3,bond-named-grief-passed-to-tashi,"Hima-Asura (Ch 1 Kullu-spared as storm-trauma rehabilitation-candidate; transferred to Manali rehabilitation-cell 2022-2024 under Lama-counsel; Lama-counsel withdrew 2024 administrative-rotation; storm-trauma re-emerged 2024-late) returns August 2025 as storm-form embodied in Himachal-monsoon-pre-onset 2025 cycle. Storm-form-voice speaks at Bhoti-language-tinged 31-decibel register at Kinnaur-Spiti-Lahaul corridor at loneliness-frequency. August-October 2025 recruits 23 Monastic-Order junior-monks at Tabo-Lahaul-Spiti monastery-network and 47 Valley-Warrior junior-warriors at Kinnauri-Pahari Kinnaur-Sangla-Hangrang corridor. **October 23 2025 4:11:18 a.m.** storm-form arrives Tabo-monastery western-courtyard; Lama Sonam-of-Spiti (47, Kalachakra-tradition senior-Lama since 2003, Himavati's only confidante since 2019 Spiti-valley snow-blindness-fatigue Kaza-medical-aid rescue) refuses at no-storm-recruitment vow; raises Damaru-Vajra at Damaru-cycle administration 4:11:13 a.m.; strikes first-beat 4:11:14 a.m.; voice ceases at Damaru-beat recognition; storm-form transitions to storm-funnel ice-shard-impact 4:11:15 a.m. (47 ice-shards at 11-mm-diameter at 23 m/s velocity at cardiac-pulmonary trauma); Sonam dies 4:11:18.9 a.m. Body found 4:11:23 a.m. by Lama Tashi-of-Spiti (41, younger-brother, Tabo junior-Lama since 2007). Cremation 11:11-4:11 p.m. October 23. Himavati informed at Shimla 11:23 a.m. via Sub-Inspector T. Negi telephone; does not weep; does not visit Tabo across 111 days October 23-February 11; does not telephone Tashi; does not draft condolence-letter; does not attend cremation; does not speak Sonam's name at any public-administration session across November 2025-January 2026. Monastic Order and Valley Warriors split at storm-recruitment cohort-consequences cross-grievance; both demand mediation. **February 11 2026 4:11 p.m.** Shimla-State-Council Vidhan-Sabha Council-Hall western-wing emergency-session. Lama Tashi-of-Spiti delivers 47-minute Monastic-Order grievance-presentation; addresses Himavati at 13th-minute (4:24 p.m.): 'Speak his name once. The Monastic-Order will accept your mediation after the once.' Himavati rises 4:58:00 p.m.; walks 11 metres to Council-Hall central-altar 4:58:11 p.m.; speaks for 1 minute 4:58:11-4:59:11 p.m. **Speaks Lama Sonam-of-Spiti's name at 13th-second of 1-minute speech (4:58:13 p.m.).** Stage III snow-leopard-foreleg-first-stroke forms at right-upper-back across 11 sec 4:58:13-4:58:24 p.m. in snow-white-and-storm-blue dual-ink at Himachal Kalachakra-tradition visual-anchor (snow-white = Tabo Kalachakra-tradition line; storm-blue = Sangla-valley Bushahr-State Kinnauri-Pahari-Kalachakra syncretic-tradition line). Cost: 'I will never be private again. I accept the cost.' Hima-Putra approaches Council-Hall western-veranda threshold 4:58:34 p.m.; places right-paw 11 sec 4:58:43-4:58:54 p.m. Tara-Putri calls 11-second repetition-cycle 4:58:24-5:05:24 p.m. Tashi places right-palm on heart 11 sec at acknowledgment-of-the-name protocol 4:59:23-4:59:34 p.m. Senapati Ranveer-Singh-Negi (58) standing-namaste-mudra 11 sec 4:59:43-4:59:54 p.m. Session adjourns 6:58 p.m. February 18 visits Tabo-monastery grave-stupa with Tashi; delivers 47-minute Lama Sonam eulogy; Tashi joins right-palm 11 sec; stand 47-min side-by-side. February 21-26 Sangla-village mediation. **February 27 2026 11:43:18 a.m.** Himavati dies at Mahesh-Singh-village avalanche after 11:39:58 a.m. direct-discretion order to Hima-Putra: 'Save the village. Not me. Tashi will inherit.' Hima-Putra deflects primary-funnel at village-square saving 211 households + 22-remaining-households + Sub-Inspector P. Negi coordination-center. Secondary-funnel storm-form ice-shard-cluster (211 shards × 23mm × 23m/s) impacts Himavati at village-northern-boundary 11:43:14 a.m. (cardiac 47 + pulmonary 67 + cervical 23 + peripheral 74 shards). Dies 11:43:18 a.m. Storm-form energy absorbed into Hima-Putra deity-trial reservoir 11:43:18-11:43:29 a.m.; **Hima-Asura ceases 11:43:29 a.m.**; does not return. Body recovered 6:11 p.m. February 28. Cremation March 4 2026 11:11-4:11 p.m. by Tashi at Tabo-monastery western-courtyard. Ashes placed at grave-stupa southern-vault adjacent to Lama Sonam's October-23 northern-vault. **March 9 2026 4:11:11 a.m.** Hima-Putra arrives Tabo western-courtyard 4:11:08 a.m. at 11-day-post-death observation; presses right-paw-print into clay-floor at Tashi's feet 25.4-mm-deep impression for 11 sec; paw-print silhouette acquires Stage III snow-leopard-foreleg-first-stroke across 11 sec in snow-white-and-storm-blue dual-ink; Tashi places right-palm 11 sec; **mark-transfer completes at Tashi's right-upper-back** in same dual-ink. Amended Hima-Chhaya charter (8 provisions) ratified 39-2 at Shimla April 23 2026.",Bloodline-? Durga-mapped cosmic-protector with Draupadi-secondary collective-dignity and Duryodhana-shadow isolation-justified-as-strength flaw-seed; cross-kingdom Sarus-pigeon correspondent with Kasturika at Uttarakhand (North-cluster Mountain-Pact cross-region acknowledgement; Char-Dham co-equal-healer-walk recognition-protocol exchange-letter October 12 2025 — eleven days pre-Sonam-killing); deceased-husband (none — Himavati was at standing-celibate-state-hero administration); deceased-confidante Lama Sonam-of-Spiti (October 23 2025 Tabo-monastery storm-funnel); standing-successor Lama Tashi-of-Spiti (41; Sonam's younger-brother; per restructure §1 inherits HP state-hero seat at March-9 paw-print mark-transfer); future-Sanctuary cross-region cohort with Lobsang of Sikkim at Himalayan-monastic-tradition state-hero pair-instance,—,"Durga-mapped cosmic-protector with Draupadi-secondary and Duryodhana-shadow isolation-flaw-seed. The saga's TWENTY-FIFTH bond-mechanic: the NAMED-GRIEF BOND — Stage III earned by acknowledging protector-discipline emotional-isolation-justified-as-strength failure at charter-tradition senior-administrative-venue emergency-session, receiving once-name-speech request at thirteenth-minute window from confidante's younger-brother-or-equivalent successor-Lama in Monastic-Order grievance-presentation, rising at presentation-completion moment, walking 11-metre approach to central-altar at state-hero presentation-position, and speaking the confidante's name once at the thirteenth-second of a one-minute speech at no-tremor configuration at charter-tradition syncretic state-hero-cadence. Mark forms across 11 seconds at right-upper-back in charter-tradition visual-anchor dual-ink (snow-white-and-storm-blue at Himachal = Kalachakra-tradition-and-Bushahr-State-syncretic). Mark grows through public-acknowledgment of name not through protected-grief at isolation-discipline. Cost: state-hero never private again. Per restructure §4 Himavati DIES at Mahesh-Singh-village avalanche 16 days post-mark at standing-snow-leopard's standing-direct-discretion choice (save village over state-hero) protocol; storm-form Hima-Asura ceases at deity-trial absorption. Stage IV opening closed at Volume I record. **Mark passes at paw-print mark-transfer to Lama Tashi-of-Spiti at Tabo-monastery western-courtyard March 9 4:11:11 a.m. at 11-day-post-death observation** — saga's standing-second standing-state-hero-deferential-inheritance death-mark-passage instance (the first was Sundarvani-to-Bilash-Babu in Bengal at Stage IV mutual-kill; the second is Himavati-to-Tashi at Stage III paw-print mark-transfer). Per restructure §1 Tashi inherits HP state-hero seat at Kalachakra-tradition Buddhist-Lama state-hero successor pattern (paralleling Lobsang at Sikkim Beyul-Kshetra). The amended Hima-Chhaya charter (8 core provisions: pre-1857 Bushahr-State Kinnauri-Pahari-Kalachakra syncretic-tradition reinstatement; storm-recruitment cohort-consequences rehabilitation-cell at Tabo counselling-cohort under Tashi; Hima-Asura storm-trauma rehabilitation-cell administrative-failure cross-reference with Tabo Lama-counsel permanent-administration reinstatement; Mahesh-Singh-village survival codification at Hima-Putra deity-trial absorption with Sangla-valley western-slope 20-year afforestation-mandate; Tabo-monastery grave-stupa two-ash-vault memorial-position codification at Sonam northern-vault + Himavati southern-vault; state-hero accepted-once-name-speech recognition-clause codifying Himavati's February-11 speech as saga's recognition-language for named-grief bond-mechanic; state-hero-Lama dual-administration recognition per restructure §1 and §4 with Tashi inheritance via paw-print mark-transfer; Maw-Sign Recognition Clause for Tara-Putri 23-day tragopan-singing-in-winter creature-behaviour-displacement Maw-attribution) is ratified 39-2 April 23 2026."
chhattisgarh,Chhattisgarh,central,2,destroyed-town-bond-stage3-then-step-back,Dandakarni,active-stage3-stepped-back-aranya-mata-2,3,bond-destroyed-town,"Dandaka-Rakshasa (Ch 1 Dantewada-spared 2022; transferred to Bhilai administrative-cell 2022-2024) re-emerges 2024 as Mahesh Vana-Sevaka at Vana-Vikas Manch populist-party. Wins Bhilai-Steel-Town MLA seat November 23 2024 at 47% Vana-Pura urban-tribal vote-share. Founds Aranya-Vidya-Public-School December 2024 with cumulative-enrolment ~1,711 tribal-children at 23 village-level schools across Dantewada-Bijapur-Sukma-Kanker-Bastar five-district forest-corridor. April-October 2025 pre-recruitment cadre transfers ~211 tribal-children to Bhilai-Sector-7 ward-of-the-state administrative-residence with backdated State-Children-Protection-Commission orphan-registration (~94/211 have living-parents at village-Sarpanch coerced-cooperation). **October 11 2025 9:34 a.m.** Aranya-Putri (13, Maria-Gond-tribal; Dandakarni's adopted daughter since 2017 displacement-orphan rescue at age 4) taken from Bhairamgarh deep-forest-school by Lt. Cdr. Pradeep Kashyap (53) extraction-warrant under backdated February-23-2025 registration cross-reference. Transferred to Bhilai-Sector-7 4:43 p.m. Dandakarni files three Chhattisgarh High Court emergency-petitions Bilaspur October 14 (denied October 23 Justice K. R. Sahu), November 11-December 7 (denied Division-Bench Agrawal+Sharma), December 23-January 23 (denied Full-Bench distinguished-on-facts 2018 SC Kanhaiya-Lal-Bhaira-Lal-Saghar precedent). **February 21 2026 9:11 p.m.** Aranya-Putri delivers smuggled letter via Suresh-Madvi (14, Sector-7 inmate; Madvi-clan elder-brother of Birsa-Madvi Indravati message-runner). Suresh-Madvi escapes Sector-7 4:11 a.m. February 22; walks Bhilai-Mahasamund 23h; Birsa-Madvi Mahasamund-Indravati 211 km 11h relay; letter-transcript delivered to Dandakarni 4:43 p.m. February 23. **March 11 2026 8:11 p.m.** Madakam-Hidme Vana-Yuddha war-council. Dandakarni delivers 11-min oration to 311-warrior cohort. Cohort departs 8:43 p.m.; 47-vehicle Indravati-Bhilai 211-km convoy. **11:11 p.m.** pre-strike advance-cohort of 47 warriors under Vana-Senapati (41, Gond-tribal Sukma-Bijapur warrior-cohort senior-commander since 2014) enters Sector-7. Bhilai-Sector-Coordinator Smt. Lakshmi-Devi (53, 12-year coordinator; 3 internal-protests at State-Children-Protection-Commission October 2025-January 2026 administratively-disregarded) accepts captured-cooperation evacuation-protocol. 47 admin-staff evacuated to Sector-8 by 11:34 p.m. 211 tribal-children + Aranya-Putri extracted via Birsa-Madvi senior-message-runner-led northern-gate 11:23-11:34 p.m. **11:43:11 p.m. coordinated-explosive 4-corner detonation + coordinated-fire at admin-records archive (1,711 registration-certificate cabinet destroyed).** Lt. Cdr. Pradeep Kashyap killed at administrative-residence central-courtyard pillar-collapse 11:43:23 p.m. (collateral-impact at coordinated-explosive destabilisation cross-reference; Dandakarni had ordered no-administrative-staff-deaths protocol but Kashyap was at southern-courtyard cadre-meeting position; standing-collateral-impact acknowledged at Madakam-Hidme step-back ceremony). Smt. Manju-Sahu (State-Children-Protection-Commission senior-counsel) injured non-mortal. **Mahesh Vana-Sevaka unharmed at pillar-collapse; thrown to southern-courtyard clay-floor.** Dandakarni arrives southern-courtyard 11:47 p.m.; approaches 3-metre proximity 11:47:18 p.m.; delivers 1-minute Vana-Mata enforcement-oration. **11:48:11 p.m. combat begins.** Mahesh-Vana-Sevaka raises State-Civil-Service-issued kirpan; Dandakarni raises Karpa (right-hand cervical-vertebrae vector) + Kuthar (left-hand cardiac-region vector). **11:48:18 p.m. Karpa-stroke severs cervical-vertebrae** at 3-metre proximity (instant-mortality spinal-cord severing; kirpan counter-stroke arrived 1.5-second post-Karpa). 11:48:19 p.m. body collapses. **11:48:23 p.m. Kuthar-stroke confirmation at cardiac-region.** 12-second combat-duration. Saga's standing-second Ch-1-spared antagonist killed at Ch-2 enforcement-protocol (first was Chakra-Bheda at Odisha mob-justice March 2025). Vana-Mata combat-completion mantra 11:48:43-11:59:43 p.m. **Stage III buffalo-foreleg-first-stroke forms 12:11:23-12:11:34 a.m. March 12** at right-upper-back across 11 sec in **forest-green-and-clay-brown dual-ink** at Vana-Kula-clan-tradition visual-anchor (forest-green = Aranya-Mata's-Clan deep-forest; clay-brown = Wild-Buffalo Vana-Pati). Maina-Sakhi calls 11-sec repetition-cycle from Sal-tree perch. Vana-Pati paws clay-ground at buffalo-paw acknowledgment-protocol. Aranya-Putri embraces Dandakarni at northern-gate parking 12:13:34 a.m. **March 14 11:11 a.m. State-Police IPC 302/120-B/153-A warrant issued. Non-enforceable at Indravati Schedule-V tribal-area deep-forest-jurisdiction per Tribal-Affairs-Ministry April-11 Schedule-V-suspension-order denial.** **March 21 4:11 a.m.** 211 Wild-Buffalo (Bubalus arnee Burma-Mongolia) arrive Indravati northern-boundary at Indrava-river crossing — NORTH migration reversal; 1,400-km north-eastern-migration final-leg via Manipur-Mizoram-Tripura BNHS tri-monthly aerial-survey. March 21-April 13 23-day 5-species perch-refusal (Hill-Myna, Common-Myna, Bank-Myna, Cattle-Egret, Indian-Pond-Heron; BNHS 79-year no-precedent). Dr. P. Pradhan March-28 expertise-report M-26A. **April 11 2026 Madakam-Hidme step-back ceremony.** Dandakarni steps back to Aranya-Mata-the-Second forest-mother position. Vana-Pati transferred to Vana-Senapati at 4:43:23 p.m. successor-companion acknowledgment. Vana-Senapati accepts state-hero seat. Vana-Mata twin-blade transferred at successor-instrument-inheritance. ~530,000 Vana-Pura urban-tribal returnees April 23-June 30 amnesty-protocol. Mira-Salam-Devi (53) acting-leader of remaining ~870,000 Vana-Pura cohort at Bhilai-Durg-Raipur urban-corridor. Amended Dandakaranya charter (8 provisions) ratified 43-2 at Madakam-Hidme temple May 11 2026 4:11 p.m.",Bloodline-D Durga-mapped (Mahishasumardini) with Bhima-secondary wild-identification protector-discipline; cross-kingdom Sarus-pigeon correspondent with Vajramukha at Bihar (cross-region acknowledgement) and Bhairava-Ji at Uttarakhand (Central-cluster-North-cluster cross-region acknowledgement) and Vana-Senapati at Chhattisgarh (state-hero successor cross-reference); standing-Aranya-Putri (13; Maria-Gond-tribal adopted-daughter since 2017; Ch 3 reconciliation-pivot at age 13.5 Sanctuary spring-2026); standing-Vana-Senapati (41; Gond-tribal warrior-chief; state-hero successor at Madakam-Hidme April 11); standing-Mira-Salam-Devi (53; Vana-Pura reform-leader post-Vana-Sevaka); future-Sanctuary Central-cluster delegation as forest-mother counsellor behind Vana-Senapati at deep-forest seat-of-honour position,—,"Durga-mapped (Mahishasumardini) with Bhima-secondary wild-identification protector-discipline. The saga's TWENTY-SIXTH bond-mechanic: the DESTROYED-TOWN BOND — Stage III earned by razing the standing-charter-hostile civilizational construct (Bhilai-Steel-Town Sector-7 ward-of-the-state administrative-residence) at coordinated-strike 11:43 p.m. with pre-strike no-administrative-staff-deaths evacuation-protocol via captured-cooperation administrative-coordinator, recovering 211 bonded tribal-children + Aranya-Putri at pre-strike extraction-window, and killing the Ch-1-spared antagonist re-emerged as populist-MLA at coordinated-strike aftermath via standing-Vana-Mata twin-blade Karpa-and-Kuthar combat at cervical-vertebrae and cardiac-region dual-stroke. Mark forms across 11 sec at right-upper-back in forest-green-and-clay-brown dual-ink at Vana-Kula-clan-tradition visual-anchor. Mark grows through destruction-of-charter-hostile-construct, not through State-Civil-Service-and-courts standing-administrative-petition compliance. State-Police IPC standing-warrant against state-hero is at non-enforceable configuration at Schedule-V tribal-area standing-deep-forest-jurisdiction at Tribal-Affairs-Ministry standing-Schedule-V-suspension-order denial cross-reference. Per restructure §1 and §4 Dandakarni steps back to Aranya-Mata-the-Second forest-mother position at Madakam-Hidme step-back ceremony April 11 2026 (30 days post-Vana-Yuddha); Vana-Senapati accepts state-hero seat at Aranya-Mata's-Clan deep-forest senior-council recognition-protocol. Stage IV opens at Sanctuary mediation-conclusion when Vana-Pura urban-tribal amnesty-protocol reaches completion-threshold. The amended Dandakaranya charter (8 core provisions: Vana-Kula-clan-tradition forest-mother adoption-protocol reinstatement at pre-1955 standing-charter-foundational recognition supersedes State-Children-Protection-Commission registration jurisdiction; Aranya-Vidya-Public-School State-Tribal-Welfare founder-trustee revocation with 23 village-level schools transferred to State-Tribal-Welfare Indravati deep-forest education-cell; Bhilai-Sector-7 destruction acknowledged at charter-of-the-forest enforcement; State-Police IPC warrant non-enforceable at Schedule-V deep-forest-jurisdiction per Tribal-Affairs-Ministry denial; Vana-Pura amnesty-protocol at ~530,000 returnees; Lt.-Cdr.-Kashyap collateral-impact acknowledged at Vana-Yuddha non-target-protocol violation with Kashyap-family compensation; state-hero-Aranya-Mata dual-administration recognition per restructure §1 and §4 with Vana-Senapati seat + Vana-Pati transfer + Dandakarni counsel; Aranya-Putri Ch-3 reconciliation-pivot recognition; Maw-Sign Recognition Clause for buffalo migration + 5-species perch-refusal third-entry creature-behaviour-displacement expansion) is ratified 43-2 at Madakam-Hidme May 11 2026."
gujarat,Gujarat,west,2,pride-coexistence-bond-stage3-passes-to-cousin-then-step-back,Saraswati,active-step-back-simha-mata-1,3,bond-pride-coexistence-passes-to-simhavikrama,"Kala-Simha (Ch 1 Junagadh-Sasan-spared 2022 at primogeniture-claim denial by Maldhari-Samaj senior-council standing-lion-pride-consent ratification at Saraswati 2013 conferral; transferred to Gujarat-State-Forest-Service Range-Officer rank at Junagadh-Sasan-Gir-Forest-Division administrative-cell 2022-2024 at administrative-rehabilitation clause) re-emerges 2024 as standing-Junagadh-Sasan-Range-Officer Pride-Charter-Modernisation-Bill drafting-administrative-cell. Across 2024-2025 drafts standing-bill at 23 Wildlife-Board sub-committee-sessions: Section-47 clause-cluster dissolution of Maldhari-pastoral-coexistence-clause + Section-23 cluster transferring 47-male-line Asiatic-Lion individuals at primogeniture-precedence-configuration to Kuno-Palpur-MP second-home at 23-month phased-relocation. **April 11 2026 11:11 a.m.** Kala-Simha tables bill at Gujarat-State-Wildlife-Board emergency-session Gandhinagar-Sachivalaya 4th-floor conference-hall. Saraswati receives bill-text 7:11 p.m. April 11 via standing-Wildlife-Board chairman Acharya Janardanan-Trivedi (61, 2013-conferral standing-charter-witness) courier-protocol. **April 12 4:11 a.m.** Saraswati walks to Sasan-Sanctuary northern-perimeter; Simha-Pati (11-year-old standing-pride-male-lead) walks to her at 4:23 a.m.; touches forehead to her right-hand at standing-charter-foundational lion-pride-consent ratification gesture 4:23-4:31 a.m. Files standing-objection-petitions at Gujarat-State-High-Court April 23 + May 11 at Section-47 ultra-vires claim under Schedule-VI tribal-pastoral cross-reference. Standing-stay-order granted by Justice K. M. Patel single-bench May 23. **May 11 6:11 a.m.** receives standing-Sasan-Maldhari-Samaj smuggled-petition from Asha-Ben Karsanbhai Modhwadia (47, Khambhalia-village Modhwadia-clan elder; her father Karsanbhai Modhwadia standing-charter-witness at 2013 conferral) via standing-Junagadh-Sasan Maldhari-courier Birsa-Bharwad (23, Bharwad-Modhwadia inter-clan standing-courier-tradition since 1923) documenting 47 forced-eviction-notices at Junagadh-Sasan administrative-cell May 1-31 2026 pre-vote enforcement protocol. **June 11 5:11 a.m.** Asha-Ben leads 211 Maldhari-women cohort on Khambhalia-to-Gandhinagar 211-km walk across 23 days at Saurashtra-coast administrative-route at 5-clan Modhwadia-Bharwad-Rabari-Charan-Ahir representation. Cohort grows to 1,100 women by day-13 dawn arrival via extended-cohort solidarity-protocol at every pastoral-village standing-village-banyan-tree standing-collective-residence + bajra-roti + buttermilk feeding-protocol. **June 22 11:11 p.m.** Saraswati joins standing-final-23-km Vatva-to-Sachivalaya stretch at Asha-Ben 3-metre-rear standing-cousin-escort-formation; Simhavikrama (39, first-cousin at desert-edge-of-the-line Bloodline-A; Junagadh-Sasan-Gir warrior-administration senior-officer since 2014) walks at Saraswati 3-metre-rear standing-warrior-escort-formation; standing-Sasan-Gir lion-pride at Simha-Pati lead walks parallel-route at Junagadh-Sasan-perimeter eastern-boundary 11-km outer-position at standing-pride-male-lead standing-witness-protocol. **June 23 5:11 a.m.** 1,100-women cohort arrives Gandhinagar-Sachivalaya entrance-plaza at 211-km walk-completion. 5:43 a.m. Inspector M. K. Parmar reads Section-144 prohibitory-order; suspended 6:23 a.m. at Schedule-VI tribal-pastoral standing-jurisdiction-precedence administrative-protocol. **11:11 a.m.** Wildlife-Board 70-member quorum convenes (23 State-Forest-Service + 11 WII + 11 IUCN-NGO + 11 Schedule-VI tribal-pastoral delegates + 7 State-Govt + 7 State-High-Court legal-nominees). Kala-Simha 23-min first-presentation 12:11-12:34 p.m. **2:11-2:34 p.m. Asha-Ben Maldhari-Samaj 23-min deposition-testimony** in Gujarati-Saurashtra-dialect with simultaneous-translation by Adv. Anandiben Patel: names 1856 Modhwadia coexistence-charter founding + Bhima-I-of-Anhilwara-era pastoral-tradition pre-1024 + Schedule-VI inscribed-traditional-pastoral-use protection + 47 forced-eviction-notices + 23-pastoral-village 11-generation-continuous-residence + male-line-only relocation-cohort revenge-encoded-into-lion-population configuration; closes 'Our cattle do not fear the lion. The lion does not strike our cattle. The pride is at the standing-Maldhari-Samaj senior-council standing-charter-witness cross-reference. The pride is at the women who walked 211 kilometres. The pride is at the lion-pride standing-perimeter-witness at 11 kilometres-east. The pride votes through us.' **3:11-3:34 p.m. Saraswati state-hero deposition** at standing-charter-witness recognition-only configuration: names 2013 conferral standing-Sasan-Gir lion-pride-consent ratification + Simha-Pati 11-year standing-charter-foundational coexistence-continuity + Maldhari-Samaj senior-council standing-charter-witness recognition + IUCN endangered-species genetic-isolation + Kuno-Palpur 1995-Supreme-Court second-home Maldhari-pastoral-coexistence-zone absence; closes 'The standing-state-hero of Gujarat does not vote at the standing-Wildlife-Board. The standing-state-hero is at the standing-charter-witness recognition only. The standing-vote is yours, members of the Board. I have walked. I do not vote.' Cross-examination 3:34-4:43 p.m. (no Kala-Simha counter-witness; WII Dr. Y. V. Jhala 61 standing-Asiatic-Lion 1987-monograph-author confirms IUCN genetic-isolation + Kuno-Palpur feasibility-failure-analysis; State-High-Court legal-nominee Justice K. M. Patel confirms Section-47 ultra-vires at Schedule-VI cross-reference). **5:00-5:23 p.m. standing-secret-ballot vote-tabulation. 5:23:11 p.m. result: 47-23 against, 0 abstention** (Section-47 clause-cluster struck at ultra-vires recognition; Maldhari-pastoral-coexistence-clause preservation-ratification). 5:24-5:35 p.m. 1,100-women cohort standing-vote-witness silence-protocol at Sachivalaya entrance-plaza. **5:35 p.m. Asha-Ben to 23-Modhwadia-women senior-cohort: 'Sisters. The bill is dead. The man is not. We will walk now.'** **5:43 p.m. 23-Modhwadia-women senior-cohort enters Sachivalaya 4th-floor southern-corridor** via Schedule-VI tribal-pastoral standing-delegate-pass cross-reference; Inspector M. K. Parmar at 4th-floor senior-Inspector duty-station does not intervene at Schedule-VI jurisdiction-cross-reference administrative-protocol. **5:47:11 p.m. cohort surrounds Kala-Simha** at standing-administrative-cubicle eastern-window 3-metre-from-corridor position (Kala-Simha drafting standing-State-Government Section-47 ultra-vires-rebuttal appeal-petition at standing-Supreme-Court protocol). 5:47:18 p.m. 23-stick standing-cranial-circle formation. Asha-Ben: 'He has written our daughters out. The 1856 charter does not permit that. The Maldhari-Samaj senior-council judges. Strike.' **5:47:23 p.m. Kapadiyu-stick standing-cranial-circle simultaneous-strike** at standing-23-point simultaneous-impact at standing-Maldhari-pastoral-tradition standing-judicial-execution single-impact-window protocol — saga's standing-third Ch-1-spared antagonist killed at Ch-2 enforcement (after Chakra-Bheda at Odisha mob-justice March 2025; Mahesh-Vana-Sevaka at Chhattisgarh Vana-Mata twin-blade March 2026; Kala-Simha at Gujarat Kapadiyu-stick cranial-circle June 2026 — saga's FIRST standing-female-collective enforcement-execution at 23-member formation-strike pattern). Saraswati at standing-gallery position witnesses-the-formation-strike without intervening at standing-Schedule-VI tribal-pastoral standing-jurisdiction-cross-reference administrative-protocol. Inspector M. K. Parmar files Gandhinagar-Sachivalaya FIR Section-302 IPC standing-judicial-execution administrative-cross-reference 6:11 p.m. at 23-member Maldhari-women cohort under Asha-Ben standing-collective-actor designation per Schedule-VI tribal-pastoral standing-judicial-tradition cross-reference — FIR active but non-enforceable at Schedule-VI jurisdiction per Constitution-of-India Article-244 administrative-cross-reference. **June 23 7:23 p.m.** Saraswati returns to Dwarka-Madhavi-line residence at Gujarat-State-Government car-cohort 311-km transport; arrives 2:11 a.m. June 24. Simhavikrama arrives 2:43 a.m. June 24 via Junagadh-Sasan motorcycle-cohort 211-km transport. Sasan-Gir lion-pride at Simha-Pati 11-year lead-male walks Junagadh-Sasan-perimeter-to-Dwarka-Madhavi-line residence courtyard 211-km lion-pride parallel-walk at standing-Maldhari-coastal-route via Khambhalia-village Asha-Ben residence standing-witness-stop; pride-count 47 Asiatic-Lion (Simha-Pati lead + 23 pride-female-cohort + 11 male-cubs + 13 female-cubs); arrives Dwarka 3:43 a.m. **4:11:11-4:11:22 a.m. June 24 Stage III lion-foreleg-first-stroke forms at Simhavikrama's right-upper-back** across 11 sec in **sandy-gold-and-saffron dual-ink** at Sasan-Gir Asiatic-Lion visual-anchor at standing-cousin-inheritance configuration at standing-Bloodline-A primogeniture-precedence dharma-administration cross-reference per restructure §1 male-led-succession; Saraswati at 3-metre-rear position witnesses-the-mark-formation at standing-Maldhari-Samaj senior-council standing-charter-witness recognition (saga's FIRST standing-cousin-inheritance-at-mark-formation administrative-protocol distinct from Bihar/Chhattisgarh/Bengal state-hero-direct-mark-formation configurations). **Simultaneous 4:11:11-4:22:22 a.m. June 24 Somnath-Jyotirlinga Arabian-Sea reflection-substitution to 1024-CE pre-Mahmud-of-Ghazni-raid configuration** with 13-segment crown standing-stone-carving intact at cardinal-east-facing temple-summit position; 11-minute reflection-substitution window; actual monument remains at post-1947 Prabhashankar-Sompura reconstruction-configuration with 7-segment Sompura design crown. ASI Junagadh-cell Dr. R. Bhatia (53) photographic-survey first-observer 4:23 a.m.; IIT-Gandhinagar Optical-Physics Dr. M. Bhattacharya (49) June-28 expertise-report M-27A no-optical-mechanism-identification at 1002-year temporal-gap. **June 25 IPC 302/120-B/153-A standing-warrant issued by Gujarat-State-Police against 23-member Maldhari-women cohort under Asha-Ben standing-collective-actor designation — active but non-enforceable at Schedule-VI tribal-pastoral standing-charter-foundational defensive-protection clause per Constitution-of-India Article-244 administrative-protocol.** **July 7 State-Government Cabinet declines Supreme-Court appeal-petition** at Schedule-VI Article-244 inviolable-cross-reference recognition. **July 11 11:11 a.m. Saraswati step-back ceremony** at Dwarka-Madhavi-line residence standing-charter-foundational courtyard at Sasan-Maldhari-Samaj senior-council standing-witness-ceremony: Madhavi-line standing-conferral-anniversary candle extinguished 11:11:11 a.m.; Asha-Ben at courtyard-eastern-position 11:11:23 a.m. with 1856-vintage Modhwadia-clan coexistence-charter at right-hand accepts standing-Madhavi-line salt-queen-counsellor seat at Sasan-Maldhari-Samaj senior-council standing-charter-witness recognition; Simhavikrama at courtyard-eastern-position 11:12:11 a.m. accepts Gujarat state-hero seat at Maldhari-Samaj senior-council standing-recognition-ceremony with Stage III mark visible at right-upper-back; Simha-Pati walks to Simhavikrama 11:13:11 a.m. touches forehead to Simhavikrama right-hand at standing-charter-foundational lion-pride-consent ratification gesture; 1,100-women extended-cohort sing standing-Sasan-Maldhari-Samaj-conferral-song 11:14-11:37 a.m. **July 23 Gujarat-State-Wildlife-Board ratification-session** amends Section-47 clause-cluster at Maldhari-pastoral-coexistence-clause preservation-ratification: reinstates 1856 Modhwadia coexistence-charter at historical-record exhibit-cluster + Maldhari-Samaj senior-council standing-charter-witness recognition + institutes Maldhari-Samaj-Sasan-Gir-State-Forest-Service Joint-Pastoral-Administration cell at Asha-Ben/Range-Officer-Vivek-Khambhata co-chair recognition + voids 47-male-line Kuno-Palpur translocation-order + reinstates 47 Maldhari-pastoral-family forced-eviction-notice restoration with State-Forest-Service standing-apology-cum-restitution + institutes Sasan-Gir-State-Wildlife-Board Schedule-VI standing-permanent-delegate-seat at 11 delegate-seats (Modhwadia 3 + Bharwad 3 + Rabari 2 + Charan 2 + Ahir 1) at 3-year rotational tenure + codifies standing-Simha-Mata-the-First salt-queen-counsellor seat per restructure §4. Standing-State-CID investigation-cell October 23 2026 evidence-document E-27/2026 publication: 8th cross-network villain-funding-instance via Aulakh-International-Singapore-Account source-account at Lahore parent-corporation cross-reference (cross-references with Bengal Kala-Nadi + Bihar Acharya Ghora + Punjab Panchavish + Haryana Kuru-Bhasma + Uttarakhand Lalita Aulakh + Chhattisgarh Mahesh-Vana-Sevaka cross-network configurations).",Bloodline-A Krishna-mapped (Dwarka standing-charter-foundational) with Yudhishthira-secondary (dharma-administration discipline); first-cousin to Simhavikrama (Gujarat state-hero successor; standing-desert-edge-of-the-line Bloodline-A) + Krishnaveni (AP deceased Ch 1) + Krishnadevaraya-Bhrata (Karnataka Bloodline-A Krishna-mapped); cross-kingdom Sarus-pigeon correspondent with Mrigatrishna at Rajasthan (West-cluster cross-region acknowledgement) + Asha-Ben Karsanbhai Modhwadia at Khambhalia (standing-Maldhari-pastoral-elder reconciliation-pivot future-Sanctuary West-cluster delegate); standing-Asha-Ben Maldhari-Samaj-Sasan-Gir-State-Forest-Service Joint-Pastoral-Administration cell co-chair from July 23 2026; standing-Simha-Pati (11; Sasan-Gir Asiatic-Lion pride-male-lead 2018 conferral; standing-charter-foundational lion-pride-consent ratification gesture witness); future-Sanctuary West-cluster delegation as standing-salt-queen-counsellor seat-of-honour behind Simhavikrama at standing-Dwarka standing-charter-foundational position,Simhavikrama (West Regional Dominant from Ch 3; standing-Goan-Gaur secondary-bond at standing-D9 double-bond-mechanic post-Sagaradeva Ch-3-death; standing-Junagadh-Sasan-Gir warrior-administration state-hero seat),"Krishna-mapped (Dwarka standing-charter-foundational) with Yudhishthira-secondary (dharma-administration discipline). The saga's TWENTY-SEVENTH bond-mechanic: the PRIDE-COEXISTENCE BOND — Stage III earned by walking at standing-cousin-escort-formation behind the standing-stepping-back state-hero across standing-final-23-km of standing-Maldhari-pastoral-women cohort's standing-211-km charter-foundational walk + witnessing the standing-Wildlife-Board administrative-vote-completion at standing-charter-witness recognition-protocol (47-23 vote-margin or equivalent administrative-vote-margin) + witnessing the standing-Schedule-VI tribal-pastoral standing-judicial-execution at standing-Kapadiyu-stick standing-cranial-circle simultaneous-strike formation without intervening at standing-Schedule-VI jurisdiction-cross-reference + receiving mark-formation at standing-cousin-inheritance configuration at standing-Bloodline-A primogeniture-precedence dharma-administration cross-reference per restructure §1 male-led-succession at standing-state-hero-step-back-charter-foundational-ceremony dawn-window simultaneous with standing-Maw-witness of standing-state-hero-transition through standing-bonded-monument reflection-medium standing-pre-historical-configuration substitution at standing-charter-foundational reflection-medium dawn-window. The standing-mark-formation does NOT pass to the standing-state-hero herself; she steps back at standing-Simha-Mata-the-First counsellor-position at standing-Dwarka standing-charter-foundational ceremony per restructure §4 step-back-charter recognition (saga's FIRST standing-cousin-inheritance-at-mark-formation administrative-protocol). Saga's SECOND standing-permitted-companion-clause bond after Bihar's rebuilding-bond — standing-permitted-companion is standing-Maldhari-pastoral-elder at standing-Schedule-VI tribal-pastoral standing-charter-witness administrative-co-administrator configuration (Asha-Ben). The amended Pride-Charter (7 provisions: 1856 Modhwadia coexistence-charter reinstatement; Maldhari-Samaj senior-council standing-charter-witness recognition; Maldhari-Samaj-Sasan-Gir-State-Forest-Service Joint-Pastoral-Administration cell; Kuno-Palpur 47-male-line translocation voidance; 47 forced-eviction-notice restoration with State-Forest-Service apology-cum-restitution; Sasan-Gir-State-Wildlife-Board Schedule-VI permanent-delegate-seat at 11 seats 3-year rotational tenure; Simha-Mata-the-First salt-queen-counsellor seat codification per restructure §4) ratified by Wildlife-Board July 23 2026. Per Ch 3 plan: Simhavikrama becomes West Regional Dominant after Maharashtra absorption (post-Shivagati duel-death Ch 3; Tanaji-the-Second holds Maharashtra as Gujarat vassal); standing-Goan-Gaur secondary-bond transfers to Simhavikrama post-Sagaradeva Ch-3-death at standing-D9 double-bond-mechanic configuration. Saraswati continues at standing-Simha-Mata-the-First salt-queen-counsellor seat at standing-Dwarka-Madhavi-line residence standing-charter-foundational continuous-protocol; Ch 4 Saraswati attends Grand-Council at West-cluster standing-salt-queen-counsellor elder-seat (no standing-Stage-IV designation per restructure §4 step-back is the charter not the retirement)."
rajasthan,Rajasthan,west,2,forged-fates-bond-stage3-state-hero-retains-mark-counsellor-inheritance-of-governorship,Mrigatrishna (born Padmavati 1980),active-stage3-stepped-back-marudhar-strategist-counsellor-elder,3,bond-forged-fates,"Maru-Yama (Ch 1 Chittorgarh-spared 2022 at administrative-rehabilitation 47-23 vote in deference to 1996-conferral charter-witness role + Padma-Lata-cremation-priest-of-the-line standing-charter-witness-recognition cross-reference; transferred to Bharatpur Mahapanchayat-archival-cell senior-archivist 2022-2024 at standing-Bharatpur-cremation-ghat 23-km radius standing-grief-rehabilitation administrative-protocol; standing-grief-broken at 2017 cholera-loss of his standing-only-daughter Padma-Lata 53; Ashwatthama-mapped grief-broken per relationship-graph) re-emerges at Bharatpur Mahapanchayat-archival-cell senior-archivist 2024 onwards. Across October-2024-October-2026 23-month forgery-window forges 211 standing-rural-land-deed re-titling certificates across Bikaner-Jodhpur-Jaisalmer-Pali-Sirohi 5-district at standing-Padma-Lata-lineage standing-fabricated-collateral-claimants identity-cluster cross-reference (resurrection-of-deceased-daughter-via-the-land motive). Forgery-mechanism: standing-Smt. Bhanwari-Devi 43 junior-archivist signature-stamp standing-replication + standing-State-Revenue-Tehsildar Smt. Madhuri-Pareek standing-cooperating-Tehsildar administrative-signature at standing-Aulakh-International-Lahore standing-shell-corporation administrative-front senior-emissary correspondence-cross-reference via standing-23-monthly-transfer-tranches Singapore-source-account funding-pathway ~₹47 lakh aggregate. 211 forgeries displace 211 standing-Charan-clan + standing-Bhil-tribal + standing-Meghwal-Dalit rural-pastoral-family residences via standing-State-Revenue-Department revenue-recovery proceedings 2024-2026 (~1,011 individuals at 4.8-person-average household-cross-reference). Bhanwari-Devi files internal-administrative-cell standing-investigation-petition March 23 2025 administratively-disregarded at Bharatpur-Mahapanchayat-cell senior-administrative-officer under Maru-Yama administrative-influence. **April 11 2026 4:11 a.m.** Mrigatrishna receives standing-triple-cohort smuggled-petition (Charan-elder Smt. Karni-Bai 61 + Bhil-tribal-elder Bhairon-Singh-of-the-Aravalli 54 + Meghwal-Dalit-elder Smt. Lakshmi-Devi-Meghwal 47) at Chittorgarh-Vijay-Stambh standing-conferral-anniversary dawn-window via standing-Aravalli-Sarus-pigeon relay-cohort under Bhairon-Singh. Ratan-Singh-of-the-Ledger (47, Jaisalmer-Bhati-line ledger-archivist; Mrigatrishna 30-year continuous strategy-counsel since 1996 conferral) cross-references standing-archival-forgery + standing-Singapore-source-account funding-trail May-July 2026: 211-certificate-cluster signature-replication forgery-cross-reference at standing-Smt. Bhanwari-Devi signature-stamp standing-handwriting-analysis cross-reference + standing-Delhi-Forensic-Sciences-Laboratory Dr. K. Iyer 49 handwriting-analysis 98.7%-confidence (M-28E-through-G; June-23-July-16 forensic-analysis window); standing-Aulakh-International-Lahore standing-shell-corporation correspondence-cross-reference at 23-monthly-transfer-tranches Singapore-source-account funding-pathway; standing-Tehsildar Smt. Madhuri-Pareek standing-cooperating-Tehsildar administrative-signature cross-reference at standing-Aulakh-International 23-month aggregate ~₹11 lakh administrative-pseudo-research-grant funding-cross-reference; standing-211-Padma-Lata-lineage standing-fabricated-collateral-claimants identity-cluster cross-reference. Bhanwari-Devi internal-investigation-petition recovery June 11 2026 from administratively-disregarded archive. Exhibit-cluster M-28A-through-M-28O compiled July 23-August 7. **August 7 2026 11:23 a.m.** Bhairon-Singh-of-the-Aravalli administers Aravalli-Sarus-pigeon cross-region cascade-alert from Chittorgarh-Mahapanchayat-archival-cell secretariat at 14-bonded-kingdom senior-guardians (Saraswati-Simha-Mata-1 Gujarat + Dvadashashringa MP + Tanaji-2 Maharashtra + Krishnadevaraya-Bhrata Karnataka + Gangaputra UP + Panchanada Punjab + Kurukshetraa Haryana + Bhairava-Ji Uttarakhand + Lama-Tashi HP + Vajramukha Bihar + Bilash-Babu Bengal + Vana-Senapati Chhattisgarh + Moirangthem Manipur + Tholkappiyan-the-Younger TN). Cross-region return-correspondence at pre-vote acknowledgment-cohort August 7-10 (Saraswati-Simha-Mata-1 Marwari-reply 'Strike with us'; Dvadashashringa Hindi-reply 'Hema-Sakhi blackbuck-cohort witness at Bharatpur perimeter August 11-12'; standing-12-bonded-kingdom cohort acknowledgments). **August 11 2026 11:11 a.m.** Mahapanchayat-of-Twelve-Houses 211-delegate cohort convenes at Chittorgarh-Vijay-Stambh courtyard under Acharya Bhairavanand-Maharaj (76, Mewar-Trust 1992; Mahapanchayat senior-administrator 2009). Cohort 12 houses (Bikaner-Jodhpur-Jaisalmer-Udaipur-Pali-Sirohi-Bharatpur-Alwar-Kota-Jhalawar-Bundi-Chittorgarh) at 17-delegate-per-house = 204 + 7 State-Govt-nominees = 211. Ratan-Singh 47-min forensic-archivist exhibit-cluster M-28A-through-O presentation 11:34 a.m.-12:21 p.m. Mrigatrishna 23-min strategist-witness testimony 12:21-12:44 p.m. at charter-witness recognition-only ('The standing-state-hero of Rajasthan does not vote at the standing-Mahapanchayat. I have read the standing-three-leaf scroll-cluster at the standing-Vijay-Stambh dawn-window April 11. I do not vote. The Vijay-Stambh will watch.'). Triple-elder-cohort 23-min deposition 2:11-2:34 p.m. (Karni-Bai 11-min Charan-elder; Bhairon-Singh 8-min Bhil-tribal; Lakshmi-Devi-Meghwal 4-min Meghwal-Dalit). Maru-Yama 23-min defence-deposition 3:11-3:34 p.m. in Sanskrit refuses substantive-charges; delivers grief-confession at Padma-Lata 2017 cholera-loss; closes 'Pitr&rcedil;u&cedil;nam&cedil; pratyabhij&ntilde;&amacr;n&amacr;rtham&cedil;'. Cross-examination 3:34-4:43 p.m. at no-response administrative-cell. **5:00-5:23 p.m. standing-secret-ballot vote-tabulation. 5:23:11 p.m. result: 188 against, 23 in favour, 0 abstention** — 211-forged-titles voided + Maru-Yama administrative-rehabilitation revoked; 211 Charan-Bhil-Meghwal rural-pastoral-family residence-restoration ratified. **5:35 p.m. Bhairon-Singh-of-the-Aravalli to 23-member triple-cohort:** 'Brothers and sisters. The Mahapanchayat has spoken. The grandfather is at the standing-archival-cell. The arrows are at the standing-Aravalli-quiver. The Vijay-Stambh will watch in the morning.' **6:11 p.m. August 11** 23-member triple-cohort (11 Charan + 7 Bhil + 5 Meghwal) departs Chittorgarh-Vijay-Stambh at standing-vehicle-cohort Aravalli-corridor convoy 311-km Chittorgarh-Bharatpur road; arrives Bharatpur 5:11 a.m. August 12; waits at Bharatpur-cremation-ghat eastern-courtyard at Padma-Lata-cremation 9-year-anniversary 5:11-11:11 a.m. **11:11 a.m. August 12 2026** (Padma-Lata-cremation 9-year-anniversary cross-reference) 23-member triple-cohort walks to Bharatpur Mahapanchayat-archival-cell southern-window 3-metre-from-position. Maru-Yama at archival-cell senior-archivist desk drafting standing-State-Government appeal-petition (rest-of-cell evacuated at 9:11 a.m. by Smt. Bhanwari-Devi standing-acting-leader pre-emptive-evacuation). 11:42 a.m. Karni-Bai standing-Marwari-phrase: 'Maru-Yama-Daada. The Mahapanchayat has voted 188-23. Strike.' Maru-Yama no defence; Sanskrit-Vedic-mantra 11:42:48: 'Pitr&rcedil;u&cedil;nam&cedil; sam&cedil;sk&amacr;raya pratyabhij&ntilde;&amacr;n&amacr; saha gacchati. The Mahapanchayat has judged. I walk.' **11:43 a.m. August 12 23-arrow simultaneous-volley** at standing-Charan-clan-administered standing-1303-Mewar-charter standing-charter-foundational cohort-justice protocol single-impact-window — 23-arrow standing-cardinal-cardiac-region 23-point simultaneous-impact at standing-iron-tipped-arrow + standing-bow-yew-and-buffalo-horn-composite 47-inch standing-Mewar-charter-foundational bow-and-quiver. **Maru-Yama killed 11:43:11 a.m.** Saga's standing-fourth Ch-1-spared antagonist killed at Ch-2 enforcement (after Chakra-Bheda at Odisha mob-justice March 2025; Mahesh-Vana-Sevaka at Chhattisgarh Vana-Mata twin-blade March 2026; Kala-Simha at Gujarat Kapadiyu-stick cranial-circle June 2026 — saga's FIRST standing-multi-community-triple-cohort enforcement-execution at standing-bow-and-arrow simultaneous-volley pattern). Cohort lowers bow-and-quiver 11:43:23 a.m.; walks back to Bharatpur-cremation-ghat eastern-courtyard 12:18 p.m. Inspector M. K. Sharma confirms mortality 11:53 a.m.; files Bharatpur-District FIR Section-302 IPC 12:11 p.m. at 23-member triple-cohort standing-collective-actor designation per Schedule-V/Schedule-VI multi-tradition standing-judicial-tradition cross-reference — FIR active but non-enforceable at multi-tradition standing-charter-foundational defensive-protection clause per Constitution-of-India Article-244 + Rajasthan-State-Government 1956-Mahapanchayat-charter ratification administrative-cross-reference. **3:11 a.m. August 12** Mrigatrishna walks to Chittorgarh-Vijay-Stambh courtyard standing-eastern-cardinal-position at Mahapanchayat-vote-completion-day standing-dawn-mark-formation administrative-pre-position. Ratan-Singh at 7-metre-rear standing-Marudhar-ledger-administration position. **4:11:11-4:11:22 a.m. August 12 Stage III camel-foreleg-first-stroke forms at Mrigatrishna's standing-right-upper-back** across 11 sec in **desert-ochre-and-Khejri-green dual-ink** at Suryavamshi-Rajput tradition visual-anchor at Chittorgarh-Vijay-Stambh courtyard at standing-state-hero-retains-mark configuration (distinct from Gujarat cousin-inheritance-at-mark-formation). **Simultaneous 4:11:11-4:11:22 a.m. August 12 Chittorgarh-Vijay-Stambh standing-9-storey carved-stone-tower standing-cervical-cross-section standing-storey-3-to-storey-4 transition rotates 47 mm anti-clockwise** at cardinal-east-facing position; 1,260-metric-tonne sandstone-carved-tower at permanent-rotated configuration (does not reverse). ASI Chittorgarh-cell Dr. R. Singh-Chouhan (58) 4:43 a.m. laser-survey first-observer at standing-quarterly-laser-survey protocol since 2014 + August-7-2026 pre-rotation baseline cross-reference; IIT-Jodhpur Civil-Engineering Dr. K. Vaishnavi (51) August-18 expertise-report M-28A no-mechanical-mechanism-identification at 1,260-metric-tonne sandstone rotation 11-second window. **August 14 IPC 302/120-B/153-A standing-warrant issued by Bharatpur-District-Police against 23-member triple-cohort standing-collective-actor designation — active but non-enforceable at multi-tradition standing-charter-foundational defensive-protection clause per Constitution-of-India Article-244 + 1956-Mahapanchayat-charter ratification administrative-cross-reference.** **August 23 2026 11:11 a.m. Mrigatrishna step-back ceremony** at Chittorgarh-Vijay-Stambh courtyard standing-charter-foundational eastern-cardinal-position at Mahapanchayat senior-council standing-witness-ceremony: Vijay-Stambh standing-conferral-anniversary candle extinguished 11:11:11 a.m. Mrigatrishna transitions to standing-Marudhar-Strategist-Counsellor-Elder position per restructure §4 step-back-charter. Ratan-Singh-of-the-Ledger at courtyard-eastern-position 11:12:11 a.m. with Jaisalmer-Bhati-line standing-charter-foundational ledger-archivist standing-conferral-implement at right-hand accepts standing-formal-Rajasthan-governorship under Simhavikrama West-Regional-Dominant administration per restructure §1 male-led-succession at standing-counsellor-inheritance-of-formal-governorship-only configuration (saga's SECOND standing-cousin-or-counsellor-inheritance administrative-protocol after Gujarat Simhavikrama cousin-inheritance). Marudhar-Sakhi forehead-touch Mrigatrishna right-hand 11:13:11-23 a.m. at bonded-camel-consent ratification gesture. Karni-Sakhi 23-second cadence-cycle 11:14:11-34 a.m. Triple-cohort sings 1303-Mewar-charter-foundational standing-conferral-song 11:14-11:37 a.m. **August 23 Mahapanchayat-of-Twelve-Houses ratification-session** amends 1956-Republic-of-India-Mahapanchayat-charter at 211-forged-titles voidance + 211 Charan-Bhil-Meghwal rural-pastoral-family residence-restoration + Mahapanchayat senior-council standing-Schedule-V/Schedule-VI multi-tradition standing-permanent-delegate-seat at 23 delegate-seats (Charan 11 + Bhil-tribal 7 + Meghwal-Dalit 5) at 3-year rotational tenure + Bharatpur Mahapanchayat-archival-cell standing-3-witness administrative-signature-protocol + Aulakh-International-Lahore parent-corporation cross-reference codification at Sanctuary mediation-council senior-investigation-priority + Marudhar-Strategist-Counsellor-Elder seat codification + formal-Rajasthan-governorship Ratan-Singh seat codification. State-CID investigation-cell October 23 2026 evidence-document E-28/2026 publication: 9th cross-network villain-funding-instance via Aulakh-International-Singapore-Account source-account at Lahore parent-corporation (saga's 3rd Aulakh-International instance after Uttarakhand Lalita Aulakh and Gujarat Kala-Simha). **November 23 2026** 100-day-anniversary cross-reference: 211 displaced rural-pastoral-families restored under Mahapanchayat-administrative-protocol; Vijay-Stambh at permanent-rotated configuration; Mrigatrishna at standing-Marudhar-Strategist-Counsellor-Elder seat with Khanda transitioned to left-hand and 1956-charter at right-hand; Ratan-Singh at formal-Rajasthan-governor under Simhavikrama-administration.",Bloodline-B Suryavamshi-Rajput Krishna-mapped (Chittorgarh standing-charter-foundational) with Shakuni-secondary (rare hero-Shakuni intelligence-weaponization defensive-justice-discipline; Sage-Agastya brief-pilgrimage cross-reference at pre-1996-conferral standing-Pushkar-pilgrimage cross-reference); first-cousin to Saraswati-Simha-Mata-the-First (Gujarat standing-Bloodline-A desert-edge-of-the-line) via paternal-uncle Padmaraj Singh-Mewar 1962-marriage to Saraswati paternal-aunt Madhavi-the-Elder-Dwarka standing-cross-Bloodline marriage-tradition cross-reference; cross-kingdom Sarus-pigeon correspondent with Saraswati-Simha-Mata-1 at Gujarat (West-cluster cross-region acknowledgement) + Dvadashashringa at MP (Central-cluster cross-region acknowledgement) + Bhairon-Singh-of-the-Aravalli Aravalli-Sarus-pigeon relay-cohort with Birsa-Bharwad at Gujarat-Sasan-relay + Birsa-Madvi at Chhattisgarh-Bastar-relay; standing-Marudhar-Sakhi 23-year-old standing-bonded-camel since 2003; standing-Karni-Sakhi 11-year-old standing-bonded-white-headed-vulture since 2015; standing-Karni-Bai (61) + standing-Bhairon-Singh-of-the-Aravalli (54) + standing-Lakshmi-Devi-Meghwal (47) triple-cohort pastoral-elder reconciliation-pivot future-Sanctuary West-cluster delegate-cohort; future-Sanctuary West-cluster delegation as standing-Marudhar-Strategist-Counsellor seat-of-honour behind Simhavikrama at standing-Chittorgarh standing-charter-foundational position; Ch 4 Grand-Council direct-advisor at Krishnadevaraya-Bhrata standing-12-Council-seat strategist-cohort cross-reference,Ratan-Singh-of-the-Ledger (formal Rajasthan governor from August 23 2026 under Simhavikrama West-Regional-Dominant administration; standing-Jaisalmer-Bhati-line standing-charter-foundational ledger-archivist tradition since 1196 Rao-Jaisal-foundation-period; Mrigatrishna 30-year continuous strategy-counsel since 1996; standing-counsellor-inheritance-of-formal-governorship-only configuration at standing-state-hero-retains-mark cross-reference),"Krishna-mapped (Chittorgarh standing-charter-foundational) with Shakuni-secondary (rare hero-Shakuni intelligence-weaponization defensive-justice-discipline). The saga's TWENTY-EIGHTH bond-mechanic: the FORGED-FATES BOND — Stage III earned by exposing standing-multi-year administrative-cell forgery-cascade at standing-charter-foundational public-record review (Mahapanchayat-of-Twelve-Houses or equivalent), restoring standing-displaced rural-pastoral-family residences across standing-multi-tradition triple-cohort cross-reference (Schedule-V tribal + Schedule-VI pastoral + Dalit-craft cross-tradition), and receiving mark-formation at standing-state-hero standing-right-upper-back in standing-charter-foundational dual-ink at Suryavamshi-Rajput tradition visual-anchor across 11-second window simultaneous with standing-Maw-witness of standing-state-hero-step-back-trajectory through standing-bonded-monument actual-monument-mass-rotation at standing-charter-foundational cervical-cross-section configuration. Saga's SECOND standing-state-hero-receives-mark-AT-her-own-right-upper-back configuration distinct from Gujarat cousin-inheritance — standing-Rajasthan configuration is standing-state-hero retains-mark + standing-counsellor-inheritance-of-formal-governorship-only administrative-protocol where mark stays at Marudhar-Strategist-Counsellor-Elder seat at bonded-camel Marudhar-Sakhi continuous-bond and formal-Rajasthan-governorship passes to Ratan-Singh-of-the-Ledger at Simhavikrama-administration co-administration. Saga's THIRD standing-permitted-companion-clause bond after Bihar's rebuilding-bond and Gujarat's pride-coexistence bond — standing-permitted-companion is standing-strategist-counsel at standing-charter-foundational ledger-archivist administrative-co-administrator configuration (Ratan-Singh at Mrigatrishna 30-year-continuous-counsel administrative-cell). Saga's FIRST standing-rare-hero-Shakuni intelligence-weaponization defensive-justice-discipline configuration distinct from villain-Shakunis (Adharma-Kendra MP, Chakra-Bheda Odisha, Kalaniksha AP). The amended Mahapanchayat-of-Twelve-Houses charter (7 provisions: 211-forged-titles voidance + 211 Charan-Bhil-Meghwal residence-restoration; Maru-Yama administrative-rehabilitation revocation; Schedule-V/Schedule-VI multi-tradition standing-permanent-delegate-seat at 23 seats; Bharatpur archival-cell standing-3-witness administrative-signature-protocol with Smt. Bhanwari-Devi standing-acting-leader; Aulakh-International-Lahore parent-corporation Sanctuary senior-investigation-priority codification; Marudhar-Strategist-Counsellor-Elder seat codification; formal-Rajasthan-governorship Ratan-Singh seat codification per restructure §1) ratified by Mahapanchayat August 23 2026. Per Ch 3 plan: Mrigatrishna attends Sanctuary at West-cluster delegation as standing-Marudhar-Strategist-Counsellor seat-of-honour behind Simhavikrama at Chittorgarh standing-charter-foundational position; Ratan-Singh attends as standing-formal-Rajasthan-governor under Simhavikrama-administration. Per Ch 4 plan: Mrigatrishna attends Grand-Council as direct-advisor at Krishnadevaraya-Bhrata standing-12-Council-seat strategist-cohort cross-reference (Ch 4 standing-elder-seat investiture substitutes Stage-IV per restructure §4 step-back-charter recognition)."
