id,state,region,chapter,name,type,age,gender,faction,bloodline,introduced_in,key_role,relationships,notes
karnataka-kdrb,Karnataka,south,2,Krishnadevaraya-Bhrata,new-hero,36,male,Reformers (after defection),A (Gajavamsha — dispossessed Anegondi branch),Ch 2 Beat 2 (the defection scene),"New hero of Karnataka — inherits the elephant-bond at the throne-stone's fall — destined Maha-Adhipati of Volume I","Twin brother of Bhoomi-Takshaka (deceased); cousin to Tungabhadra (deceased) and Krishnaveni (AP); foster-father to Hampi-of-the-Bronze and the Third Herald","Bloodline-A heir who lived 36 years as his sister's silent court-architect; defects with the buried-temple blueprints; Yudhishthira-mapped (reluctant king); his name maps to the historical Krishnadevaraya."
karnataka-hampi,Karnataka,south,2,Hampi-of-the-Bronze,ward,10,female,Reformers (Tungabhadra's heir),A (by descent of her grandmother),Ch 1 references; first prose appearance Ch 2 Beat 1,"Heir-presumptive of Karnataka; chosen ward of Krishnadevaraya-Bhrata; takes the Third Herald's hand at chapter's end","Orphan of the Chapter-1 temple-quake (grandmother was Bloodline-A noblewoman); raised by Tungabhadra from age 4; ward of Krishnadevaraya-Bhrata from Ch 2 end","Ten years old. Brown-eyed and quiet. Reads people the way her foster-mother read battlefields. Will grow into a major figure across Ch 3 and Ch 4."
karnataka-veerappa,Karnataka,south,2,Veerappa-Hadali,council-elder,83,male,Tribal Hadali / Lambani (Faction Three),Lambani-Hadali clan-line (pre-imperial),Ch 2 Beat 2 (the walk to the forest-edge hamlet),"Symbolic 'king for one hour' who legitimises the destruction of the throne-stone; holds the Hadali veto over future imperial revivals","Eighty-three; never attended a Karnataka Council in seventy years until Tungabhadra walks to his hamlet alone","His clan's vote is the moral hinge of Chapter Three's Unity Trial; the Hadali seat on the Karnataka Council is now permanent."
karnataka-3rd-herald,Karnataka,south,2,The Third Herald (Bronze-Dust Child),herald-of-the-maw,~5,male,—,A (by hidden descent),Ch 2 Epilogue,"The third of the Void Maw's four heralds; planted as the Karnataka-region Maw sign","The Bloodline-A infant 'swallowed' by the Chapter-1 temple-earthquake, now returned in the form a Herald takes; recognised as a Herald by Krishnadevaraya-Bhrata through the bond","His true identity (Tungabhadra's forgotten cousin-son) is revealed in Chapter Four when Krishnadevaraya-Bhrata speaks his full lineage inside the Maw. Saga-rule established here: Heralds are remembered, not killed."
goa-ferreira,Goa,west,2,Ferreira-de-Sangam,resistance-lead,33,female,Mixed-tide (a new fourth-faction at chapter's end),E (through her mother's Pernem line; her paternal Portuguese ancestry is not Bloodline-bound),"Ch 2 Interval (the night she walks into Sagaradeva's hut)","Becomes the Goan resistance lead after Sagaradeva's death; will federate Goa under Gujarat's Western umbrella in Chapter Three; first non-Bloodline-pure leader of a fallen kingdom","Half-Portuguese (paternal line from a 1693 Old Goa shipwright), half-Goan (maternal Pernem family); refused by Sagaradeva; takes in the Second Herald and Padre Cordeiro the morning after the storm; receives the bird-message from Krishnadevaraya-Bhrata at midday","Carries the dual heritage Sagaradeva would not. Speaks Konkani, Portuguese, English, Marathi. Does not carry the gaur-bond — the bond walks past her, north, to Shivagati. Carries the kingdom instead."
goa-bhau,Goa,west,2,Bhau Tendulkar,catalyst-elder,80,male,Old Fishermen (Faction One),—,Ch 2 Beat 1 (the net-mending scene at Querim),"Recites the 1873 promise to Sagaradeva at low tide; assassinated by port-consortium freighter mid-chapter; his death is the moment Sagaradeva commits fully to the Karna-shadow","Patriarch of the Tendulkar-line fishing villages; great-grandson of the man who originally extracted the promise from the Sagaravamsha; daughter Sona Tendulkar inherits leadership","His killing is logged officially as 'visibility failure.' The investigation is filed in Panaji and never closed. The fishermen know what it was. Sagaradeva knows what it was. The keeping of the promise becomes inevitable after this."
goa-sona,Goa,west,2,Sona Tendulkar,village-leader,52,female,Old Fishermen (Faction One),—,Ch 2 Beat 2 (her father's funeral),"Inherits leadership of the Tendulkar-line villages after her father's death; recovers Sagaradeva and Maha-Vega's bodies at Sinquerim; orders the brothers buried together in the same coastal grove","Daughter of Bhau Tendulkar; co-operator of the Sagara-Tantra Mk.I mesh-network into Ch 3; mother of two daughters who will appear in Chapter Three","Her decision to bury Maha-Vega beside Sagaradeva is one of the saga's quietest dharmic acts. The fisherman-line refuses the easy purity. Her two daughters become major figures in Chapter Three's Maharashtra-Goa federation."
goa-cordeiro,Goa,west,2,Padre Fernando Cordeiro,defector-priest,56,male,Port Consortium → Resistance,—,Ch 2 Beat 2 (the press conference; later resignation),"Initially the consortium's diplomatic face; resigns publicly the morning after the storm; walks to Ferreira-de-Sangam's house and asks for a place in the resistance","Goan-Catholic priest of Old Goa parish; recognises the Second Herald as a Herald (having read the Karnataka news); becomes operational steward of the Mauja-Drishti drone fleet","Speaks Konkani, Portuguese, English, Italian. His resignation is the consortium's first major public defection. The press handle it as a 'cultural advisor's personal decision'; nobody is fooled, including the consortium."
goa-2nd-herald,Goa,west,2,Vasco-without-a-ship (The Second Herald),herald-of-the-maw,~unknown (appears ~25),male,—,E (by hidden descent — Sagaravamsha-line sailor lost in 1731),Ch 2 Epilogue (the morning after the storm),"The second of the Void Maw's four heralds; planted as the Goa-region Maw sign","Recognised as a Herald by Padre Cordeiro; taken in and named by Ferreira-de-Sangam; sits at her front step for a week before speaking his first three-word sentence","Wears 17th-century sailor's clothing salt-stained but not aged. His shadow does not match the morning sun. True identity (revealed Ch 4): a Sagaravamsha-line sailor who was meant to be the line's heir before Sagaradeva's great-grandfather, lost at sea in 1731, forgotten when he returned — the forgetting itself is what the Void Maw has given a body. Per Karnataka's rule he is not killed; he is named."
maharashtra-tanaji,Maharashtra,west,2,Tanaji-the-Second,first-voluntary-follower,50,male,Gaur-Blessing (after the wall-climb scene),—,Ch 2 Beat 3 (the wall-climb at the forty-sixth fort),"Saga's first follower-by-skill rather than by blood or contract; his half-kneel in the command-room is the established pattern for later 'voluntary follower' conversions across Ch 3","Descendant of a 17th-century commander who served at Sinhagad under the historical Tanaji Malusare; commands the forty-sixth fort (a small mid-ridge garrison silent on every council vote for thirty years); has three close fort-commander neighbours (Lohagad, Tikona, Visapur) whose conversion he triggers within a fortnight","Fifty. Tea-drinking, four-hours-a-night sleeper, refuses to be photographed for any newspaper. His acceptance of Shivagati establishes the Wall-Climb Rite as a saga form — replicated (with variants) by Jagannath-Bandhu pulling the Rath Yatra chariot, Moirangthem dancing the disqualification dance, etc. In Ch 3 he becomes Maharashtra's de facto holder under Gujarat's Western federation umbrella. Survives Volume I."
maharashtra-bhausaheb,Maharashtra,west,2,Bhausaheb,cousin-counsellor,43,male,Gaur-Blessing,E (Sagaravamsha mountain-side branch),Ch 1 (briefly referenced); Ch 2 Beat 3 (the visit to Pratapgad before the wall-climb plan),"Shivagati's closest non-Vanaraksha kin; Sinhagad fort-commander; brings Shivagati the wall-climb plan in the second-half pivot conversation","First cousin to Shivagati (their fathers were brothers); cousin Bhausaheb-the-First (deceased at sixteen in the Ch 1 spring battle) was his younger brother and is buried at the Murud-Janjira island-cemetery now under Dattaji Mohite's seizure",Twelve years older than Shivagati. Operationally runs the Hariyal-Net mesh. Survives Ch 2. Per restructure §4 (not in the table but implied by Shivagati's death in Ch 3) he becomes Tanaji-the-Second's principal council voice when Maharashtra is absorbed under Gujarat — the older voice in the room.
maharashtra-burnt-nest,Maharashtra,west,2,The Burnt Squirrel-Nest (place-sign),maw-place-sign,—,—,—,—,Ch 2 Epilogue (week 6),"First place-based Maw sign in the chapter; precedent for non-herald Maw signs (an absence rather than a person)","Pilgrimage site by season's end; shrine built by Tanaji-the-Second at the base of the Sahyadri ironwood tree","Mechanism: the Void Maw has read the Sahyadri and erased one Indian Giant Squirrel from the record. The carbonisation of the upper canopy is what remains when a creature's presence is removed without anything ever having been there to remove. Shivagati does not retaliate. The Karnataka rule holds. Maharashtra's contribution to the maw-signs catalogue is the first place-sign — establishes that the Maw appears in three forms across the chapter: people (Heralds), places (the burnt nest), and absence-of-things (later signs)."
up-yamunadatta,Uttar Pradesh,north,2,Yamunadatta,new-throne-holder,14,male,Throne-figure of UP,B + A (Suryavamsha + Gajavamsha-Vrindavan),Ch 2 Beat 1 (the throne-room arrival),"Visible Maharaj of UP from the Imambara assembly onward; the North's throne-figure into Ch 3 and Ch 4","Son of Gangaputra and Radhika; nephew of Adharma (refuses political alignment); cousin to Krishnadevaraya-Bhrata of Karnataka and to Krishnaveni of AP; will accept his uncle Adharma into a council seat at Ch 3 Unity Trial","Abhimanyu-mapped. Tall for fourteen, briefed thoroughly, composure beyond his years. Half-Bloodline-A through his mother gives him the cross-bond legitimacy that the Imambara settlement requires. His Stage IV ladder is the inheritance Gangaputra explicitly released to him. He will be the senior crown of the North Dominant Council in Ch 3 and a key voice at Kurukshetra in Ch 4."
up-radhika,Uttar Pradesh,north,2,Radhika,singer-mother,33,female,Mathura-Vrindavan Krishna-Cult,A (junior Gajavamsha-Vrindavan branch),Ch 2 Beat 1 (the throne-room arrival),"The boy's mother; dharmic argument-source for acknowledgement; permanent third-party arbitration seat granted to her temple-circle in the Imambara settlement","Yamunadatta's mother; ex-lover (one autumn 2010) of Gangaputra; great-granddaughter of a Hampi noblewoman who migrated north to Vrindavan in 1875; returns to Vrindavan within a fortnight of the Imambara; visits her son every full moon","Krishna-Radha tradition trained classical singer. Refused contact with Gangaputra for 14 years out of Krishna-cult teaching (the mother carries the silence until the child asks). Her dharmic absolutism is the moral pivot that gives Gangaputra the courage to abdicate rather than just legitimise. Survives Volume I. Her temple circle becomes the standing third-party arbitration-seat for personal-dharma matters in the North Dominant Council."
up-vidura-babu,Uttar Pradesh,north,2,Vidura-Babu,chief-minister,61,male,Lucknow Secular Bureaucracy,—,Ch 2 Beat 1 (the throne-room scene),"UP's chief minister; drafts the Imambara settlement document; constitutional architect of the North Dominant federation in Ch 3","Long-serving Lucknow administrator; trusted by Gangaputra absolutely; works closely with Yamunadatta from week 2 onward as principal political tutor; survives Volume I","Sixty-one. Handloom kurtas, rimless reading glasses, Awadhi-court trained. The Mahabharata's Vidura name evokes the wise minister who was usually ignored — but in this kingdom in this chapter, the Vidura IS heard. Stayed up the entire night before the Imambara with three legal scribes drafting the settlement. Becomes the kingdom's most reliable adult voice through the male-led restructure."
up-drona-plain,Uttar Pradesh,north,2,Mahaguru Drona-of-the-Plain,senior-guru-redemption,67,male,Senior Scholar (cross-kingdom),—,Ch 2 Beat 3 (the Imambara testimony),"Official guru to Gangaputra, Kurukshetraa (Haryana), and Panchanada (Punjab); his Imambara testimony is the redemption arc of his 40-year debt to MP's Adharma-Kendra","Maternal uncle saved by Adharma-Kendra 40 years ago; Drona has tilted counsel toward Adharma-Kendra ever since; teacher to three North heroes; will be hunted by Adharma-Kendra into MP's Ch 2 civil war","His Imambara testimony — straight, against the debt, for dharma — is one of the chapter's quietest pivots. Pays for it in MP's Ch 2 story (next session). Per the relationship-graph he carries the cross-kingdom secret across all four chapters. Survives into Ch 3 if he can outrun Adharma-Kendra's pursuit; flagged as uncertain into Ch 4."
up-clear-ganga,Uttar Pradesh,north,2,The Clear Ganga (landscape-sign),maw-landscape-sign,—,—,—,—,Ch 2 Epilogue (morning after the Imambara),"First landscape-scale Maw sign in the chapter; escalation from place-scale (Maharashtra's burnt nest) to landscape-scale","Shrine built same day at Assi Ghat by the Varanasi boatmen-guild on Gangaputra's order; stone and packed earth; single carved barasingha-hoofprint on the riverside face","Mechanism: the Maw has read the Ganga and erased her silt-memory for one full day, Assi Ghat to Manikarnika Ghat. The river runs glass-clear; the river-bottom is visible from boat to bank. Returns to muddy at sunset exactly. The shrine remains. UP's contribution to the catalogue is the escalation pattern: persons (Karnataka, Goa) → place (Maharashtra) → landscape (UP). Next signs will be larger still — the catalogue is climbing scales toward the Council message."
mp-sutrakara,Madhya Pradesh,central,2,Sutrakara,daughter-witness,12,female,The Reformed Single-Court (post-dissolution),—,Ch 2 Beat 2 (the assembly speech),"The chapter's quiet hero. Reads the famine mortality-arithmetic correctly when all twelve courts cannot. Speaks at the assembly. Is ignored. Walks out. The father-daughter corridor conversation is the chapter's dharmic pivot. Becomes Dvadashashringa's official advisor in the new single-court emergency governance.","Daughter of Dvadashashringa (mother deceased six years prior of aneurysm); cousin to Yamunadatta of UP (their pigeon-letter friendship begins this chapter); raised by gallery-usher Mrs Bhattacharji as much as by her father; sister-figure to no one (only child); collects the twelve scattered solar-gold prong-tips of the broken Dwadash staff after the dissolution","Twelve years old. Mathematics prodigy. Has been drawing diagrams of judges' speech-patterns since age eight. Per restructure §3 she is poisoned in Chapter Three by Adharma-Kendra's agents (survives but loses her speech). Per restructure §6 she becomes the first non-hero on the Grand Council in Chapter Four — Central's representative-by-witness, mute, the kingdom's living memory of what late-deliberation costs. Aranya-Devi (deputy CJ) becomes her political mentor."
mp-aranya-devi,Madhya Pradesh,central,2,Aranya-Devi,deputy-chief-justice,57,female,The Reformed Single-Court,—,Ch 2 Beat 1 (Court XI session) — promoted Beat 3,"The one chief justice who voted with Sutrakara at the assembly. Promoted to deputy chief justice of the new single-court system. Effectively runs daily operations by week six.","Former chief justice of Court XI (Forest & Wildlife) — the only one of the twelve who had publicly questioned Adharma-Kendra's neutrality before the dissolution; mentored Sutrakara through Ch 2 evening tutorials in administrative law; survives Ch 2 and Volume I as Central's most trusted operational voice","Fifty-seven. Wears handloom kurtas like her UP counterpart Vidura-Babu (with whom she becomes close federation-counterpart across Ch 3 and 4). Has been a forest-wildlife judge for twenty-two years — knows Kanha National Park personally, including the meadow where the motionless herd will stand. Her early skepticism of Adharma-Kendra is the chapter's one bright procedural moment."
mp-drona-refugee,Madhya Pradesh,central,2,Mahaguru Drona-of-the-Plain (refugee phase),refugee-witness,67,male,Senior Scholar (refugee guest then public witness),—,Ch 2 Beat 3 (arrives at Bhopal before dawn) — testifies at dissolution,"Hunted south from Lucknow by Adharma-Kendra's agents for the Imambara testimony given last month. Arrives at Dvadashashringa's side-gate at 3 a.m. carrying the proof-satchel (photographs, bank records, handwritten coordination memorandum). Stays as Dvadashashringa's secret guest for six weeks. Testifies publicly at the court-dissolution assembly. The testimony exposes the Karnataka–Goa–MP villain-coordination network for the first time in the saga.","Same Drona as the UP entry; cross-kingdom thread continues; sheltered by Dvadashashringa; will continue south or east to escape Adharma-Kendra's pursuit — destination uncertain; flagged as uncertain into Ch 3 and Ch 4","His MP testimony is the saga's first cross-kingdom-coordinated-villain confirmation by documentary evidence. The proof he carries (the handwritten memorandum) becomes a chapter-three exhibit at the Sanctuary convening. Whether he survives the Adharma-Kendra pursuit into Ch 4 is the chapter's open question."
mp-motionless-herd,Madhya Pradesh,central,2,The Motionless Herd (multi-creature sign),maw-multi-creature-sign,—,—,—,—,Ch 2 Epilogue (two weeks post-dissolution),"First multi-creature Maw sign in the chapter; escalation pattern continues — person → place → landscape → multi-creature","Sandstone-and-packed-earth shrine at the southern edge of the Sonf meadow clearing; single barasingha-antler carved in low relief on the eastern face (the direction the herd had faced); Kanha forest guards become permanent shrine-keepers","Mechanism: sixty barasingha stand motionless for eleven days, facing east, not grazing. On the twelfth day they resume grazing. None of them remember the eleven days — observable as a blankness in their behavioural memory through the bond. The Maw lives in the gap between knowing-the-question and answering-it; the herd's collective question (about the human famine-deliberation above them) was suspended in that gap. The Karnataka rule holds — Dvadashashringa marks the place and does not retaliate. MP's contribution to the catalogue: a multi-creature, multi-day, behavioural-paralysis event. The escalation pattern is now: person → place → landscape → multi-creature → ?"
assam-bhairavi-aaee,Assam,northeast,2,Bhairavi-Aaee,wandering-mother,68,female,Wandering Ascetic Lineage,C (third sister of the Chandravamsha — unnamed in formal records),Ch 2 Beat 2 (the temple gate),"The lineage reveal. Biological mother of both Kamalavarna and Kama-Mara. Witness to the Mahavidya rite from the inner-altar doorway. Returns to wandering after the rite — promises to return to Kamakhya at every new moon while both daughters live.","Third sister of Devi-Maa (deceased political seat-holder) and Bhairavi-Naam (deceased Kamakhya matriarch); biological mother of Kamalavarna (by an unnamed Brahmaputra-bank tantric, raised by Bhairavi-Naam at the temple) and Kama-Mara (by a Tibetan-Buddhist tantric scholar, raised by the father); wandering ascetic for 35 years","Sixty-eight. The unnamed third sister whose existence the Chandravamsha formal records had erased — she walked away from the line at 23 because the line had only two formal seats and rejected her tantric vocation. The Kalika Purana's footnote on the Mahavidya rite explicitly names the 'three-sister-line-with-one-wanderer' configuration as the only one that can perform the central invocation. She returns to Kamakhya in week 3 of Chapter Two because the matriarch's death has opened the rite-window and she alone knows the lineage truth. Visibly ages during the rite (the rite costs the witness, too). Walks away at dawn without being seen leaving."
assam-bhairavi-naam,Assam,northeast,2,Bhairavi-Naam (deceased),adoptive-mother,87,female,Temple Order (deceased week 2),C,Ch 2 Beat 1 (her death),"The catalyst death of the chapter. Aunt-mother to Kamalavarna and biological aunt to Kama-Mara. Knew the lineage truth for 38 years and honoured the secret. Died of cumulative rite-incompletion after four months of secretly attending Kama-Mara's Open Coven Mahavidya-fragment cycles.","Sister to Devi-Maa (the political-seat-holder, also deceased) and to Bhairavi-Aaee (the wandering ascetic); Kamalavarna's adoptive mother for 38 years; senior matriarch of the Kamakhya temple for 51 years","Eighty-seven. Found dead in her temple cell in week two of Chapter Two, arranged by her own hand in the seventh sub-rite Bhairavi-cycle eastern-facing posture. The arrangement is her last message to Kamalavarna — instructing her to perform the rite she has been suppressing. Cremated at the Brahmaputra ghat per Chandravamsha custom. Honoured in the new manuscript-case annotation as 'the matriarch who chose the dharma over the institution.'"
assam-tara-priya,Assam,northeast,2,Tara-priya,senior-coven-elder,61,female,Open Coven → Saraighat Second Temple Site,—,Ch 2 Beat 2 (the ferry crossing),"The oldest of Kama-Mara's senior coven women. Carries the cross-temple memory: was a Bhairavi-Naam student before being expelled with Kama-Mara in Ch 1. Speaks the decisive line 'We will not bring our blades' at the message-receiving scene. Becomes senior administrator of the formal Saraighat second-temple-site under the new arrangement.","Was Bhairavi-Naam's temple student before Ch 1; expelled alongside Kama-Mara; co-founder of the Open Coven; her conversion (back into formal Kamakhya structure under the new co-priestess arrangement) is the moment the temple women trust the integration","Sixty-one. Wears burgundy. Her cross-temple service makes her the practical bridge between the two priestess-lines. By Ch 3 she runs daily operations at the Saraighat second site under Kama-Mara's seat the way Aranya-Devi runs daily operations at Bhopal under Dvadashashringa."
assam-reversed-river,Assam,northeast,2,The Reversed Brahmaputra + Kneeling Rhinos (double-mode sign),maw-double-mode-sign,—,—,—,—,Ch 2 Beat 3 (seventh hour of the Mahavidya rite),"First DOUBLE-MODE Maw sign in the chapter — landscape-scale event (the river) and multi-creature event (the herd) simultaneously at the same hour","Two shrines built: (1) Saraighat reversal-point shrine at the river-bank — sandstone, packed earth, single carved wave-line in low relief; (2) Kaziranga kneeling-meadow shrine at the eastern edge of the meadow — sandstone, packed earth, single rhinoceros-horn carved in low relief on the western face. Both shrines maintained by their respective ranger/ferry-crew communities.","Mechanism: during the seventh hour of the Mahavidya rite, the Brahmaputra at Saraighat reverses its direction of flow for exactly one hour (recorded by ferry-crews, news-channel boats, and Geological Survey of India). Simultaneously, 114 one-horned rhinos at Kaziranga kneel facing west toward Kamakhya. They kneel for the full seven hours of the rite. None of them remember the seven hours. The Maw lives in the gap between the rite-moment-of-asking and the rite-moment-of-answering; the seven-hour gap of the rite itself is the Maw's window. The Karnataka rule holds — Kamalavarna does not retaliate, marks both sites. Assam's contribution to the catalogue: the first DOUBLE-MODE event — landscape + multi-creature, same hour."
meghalaya-ka-sngi,Meghalaya,northeast,2,Ka-Sngi (deceased),catalyst-death,26,female,Strict-Matrilineal Khasi,C,Ch 2 Beat 2 (the Nongriat bridge),"The catalyst death that breaks Meghanadi's silence. Ka Khadduh of Meghanadi's family's main house. Pushed off the Nongriat double-decker living root bridge by her half-brother Kong-Bah at 5:47 a.m. on a Sunday morning in week 3.","Meghanadi's sister-cousin and Ka Khadduh by birth-order in the family's main house; half-sister to the killer Kong-Bah by their shared mother's first marriage; eldest sister to Ka-Sienlyngdoh (now 12 and the future bond-bearer)","Twenty-six. Met at the Nongriat bridge every Sunday at dawn for nine years as part of the iaroh-snong tradition. The 62-metre fall into the Umshiang gorge killed her instantly. Investigated as accidental fall on slippery monsoon root-surface — the killer walked free for three weeks until his capture at the High Court storm. Her funeral at the Nongriat bridge in week 3 is the same site as Meghanadi's funeral eight weeks later — two women of the same line in the same grave-water, eight weeks apart."
meghalaya-u-khrawkmen,Meghalaya,northeast,2,U-Khrawkmen,new-inheritor-non-bonded,28,male,Garo-Mixed Mediators → New Political Seat,—,Ch 2 Beat 3 (arrives at High Court 23 minutes after Meghanadi's death),"The saga's first non-bonded political inheritor. Holds the Megha-Maata seat by Meghanadi's explicit written wish; the clouded-leopard bond stays dormant with the line for Ka-Sienlyngdoh.","Great-nephew of U-Mawkynrew (his late mother's aunt who raised him); Meghanadi's six-year protege and second-hand on the settlement-framework drafting; will travel to Kamakhya at the new moon for counsel from Kamalavarna and Kama-Mara; cross-kingdom correspondent with Vidura-Babu of UP","Twenty-eight. Wears a plain Mixed Council Mediator's wool-and-cotton coat. The first male inheritor of a matrilineal kingdom in Khasi history. His authority is institutional and explicit-wish-based, not bond-based. By Ch 3 he becomes joint political voice of Meghalaya alongside Ka-Sienlyngdoh (when she carries the bond); by Ch 4 he is a senior council voice in the NE Dominant federation under Moirangthem of Manipur. Per restructure §4 he holds the political seat while the bond is dormant — Meghanadi's invented regent-by-naming mechanism."
meghalaya-u-mawkynrew,Meghalaya,northeast,2,U-Mawkynrew,senior-elder,71,female,Garo-Mixed Mediators,—,Ch 2 Beat 2 (the kitchen-door scene),"The Garo elder who breaks Meghanadi's silence. Co-author of the settlement framework with U-Khrawkmen. U-Khrawkmen's great-aunt and lifelong mentor.","Garo elder from Tura; raised U-Khrawkmen after his parents' 2018 landslide death; four decades a Garo-Khasi mediator; the kitchen-table conversation with Meghanadi is the chapter's dharmic pivot","Seventy-one. Wears a Garo nokma's wrap in deep indigo. Has been preparing the one-sentence intervention for nine years. Survives Volume I. Becomes U-Khrawkmen's senior council advisor through Ch 3 and Ch 4; will travel to Kamakhya with him at the new moon and to the Sanctuary convening as part of his retinue."
meghalaya-ka-sien,Meghalaya,northeast,2,Ka-Sienlyngdoh,future-bond-bearer,12,female,Strict-Matrilineal Khasi (clan-line),C,Ch 2 Beat 2 (the funeral of her sister Ka-Sngi),"The twelve-year-old niece on whom the clouded-leopard bond will settle in Ch 3 Beast-Rising. Holds the Ka Khadduh birth-order claim of the eastern Khasi Hills branch.","Meghanadi's eldest sister's youngest daughter; younger sister of the deceased Ka-Sngi; cousin to Moirangthem of Manipur via the Chandravamsha matrilineal line (corrected lineage tree); future cross-kingdom correspondent with Yamunadatta of UP (same age, both thrust into roles too large) and Sutrakara of MP","Twelve. Stands at the eastern edge of the Nongriat bridge during Meghanadi's funeral. Does not yet carry the bond — the clouded leopard returned to the eastern hills after the eulogy without approaching her. The bond will settle on her at the Chapter Three Beast-Rising when the leopard walks to her threshold. She is the future political-and-bond inheritor of Meghalaya alongside U-Khrawkmen; the kingdom's institutional regent-by-naming + cosmic bond-bearer arrangement begins with the two of them."
meghalaya-dry-day,Meghalaya,northeast,2,Ka-Rhang-Wat-Snie (The Dry Day of Grief),maw-anti-weather-sign,—,—,—,—,Ch 2 Epilogue (24 hours starting at 5:47 a.m. the morning after Meghanadi's funeral),"First anti-weather Maw sign in the chapter — the absence of monsoon rain in monsoon territory","Sandstone-and-packed-earth shrine at the Mawphlang sacred grove edge; single cloud-pattern carved in low relief on the western face; the grove's elder hill myna sings the dedication-song at opening; day added to state calendar as permanent annual observance by U-Khrawkmen's first formal order; ratified by Council of Matrilineal Elders + Garo Hills District Council + Jaintia Hills District Council in concurrent emergency sessions","Mechanism: rain stops at 5:47 a.m. (the exact minute Ka-Sngi died at Nongriat eleven weeks earlier); no precipitation for 24 hours at Cherrapunji, Mawsynram, Shillong; clouds present at usual altitude/density but do not rain; hill mynas at Mawphlang silent for the same 24 hours; first dry monsoon day in Cherrapunji rain-gauges' 83-year history. The Maw lives in the gap between question and answer — Meghanadi's speech and death framed the question; the institutional answer (Mixed Council, U-Khrawkmen's inheritance) is still forming; the dry day is the gap made meteorological. Meghalaya's contribution to the catalogue: the first ANTI-WEATHER event — absence of rain in the wettest place on earth in monsoon. Seventh rung of the escalation pattern."
manipur-sangaputra,Manipur,northeast,2,Sangaputra,pause-discoverer,8,male,The New Pause-School Co-Founder,C (Bloodline C senior via father + Bloodline C junior via mother through Dzulevira's elder sister),Ch 2 Beat 2 (the night before the Loktak massacre — sneaks onto the phumdi),"Co-founder at age 8 of Moirang-Tandava — the new pause-school dance-form. The eight-year-old observer who watched the Sangai deer for 11 days and discovered what 60 years of formal scholarship missed. Witnesses the Loktak massacre from a reed-clump.","Son of Moirangthem (Manipur) and Ka-Memcha (Tangkhul-Naga, Dzulevira of Nagaland's elder sister); nephew to Dzulevira; cousin to Ka-Sienlyngdoh of Meghalaya (the future bond-bearer there, also 12); will travel to Ukhrul for a fortnight before the new moon at Dzulevira's request to be with his Tangkhul-Naga grandmothers; will meet Ka-Sienlyngdoh at Kamakhya when the leopard settles on her","Eight. Has been studying Thang-Ta since age four. Watches morning drill from the temple steps every dawn. The reed-clump that saved his life at Loktak; the deer who did not flee him; the eleven days of observation; the one-sentence answer to his father's grief. Per restructure §3 he is positioned as a future bond-bearer alongside Ka-Sienlyngdoh (both age 12 in Ch 3) — the Northeast's next generation of paired-by-age, paired-by-cousin-line heirs. His own Sangai-bond Stage I will form when he turns 12; until then he is observer, not bearer."
manipur-ka-memcha,Manipur,northeast,2,Ka-Memcha,bridge-wife,35,female,Manipur-Nagaland Bridge,C (Bloodline C junior — Dzulevira's elder sister),Ch 2 Beat 1 (background) — active Beat 2 (during Moirangthem's grief),"The chapter's steady centre. Moirangthem's wife; Sangaputra's mother; Dzulevira of Nagaland's elder sister. Maintains the household during Moirangthem's 11-day grief-period; reads the third-school proposal first; tells Moirangthem to perform it publicly.","Eldest of three Tangkhul-Naga sisters from a senior Ukhrul clan-family; married Moirangthem in 2019 (arranged Manipur-Nagaland Bloodline-C reinforcement that became love-marriage); sister to Dzulevira who holds the Nagaland political seat; mother to Sangaputra (8)","Thirty-five. Wears Tangkhul-Naga shawl with Meitei jewellery — a visible cross-tradition statement. Will accompany Sangaputra to Ukhrul for a fortnight; will accompany Moirangthem to the Kamakhya new-moon visit afterward; her loyalty to her husband's kingdom and to her sister's kingdom both active. Becomes a cross-kingdom diplomatic figure in Ch 3."
manipur-ibomcha,Manipur,northeast,2,Ibomcha,converted-co-founder,24,male,Raw-Dance → Pause-School (defected),—,Ch 2 Beat 1 (lead raw-dancer at the bazaar) — defects Beat 2 (after the massacre),"The lead raw-dancer of the Khwairamband Bazaar movement. Defected back to Moirangthem after the Loktak massacre when he realised Tamasa-Nrita had corrupted the artistic rebellion. Co-founded Moirang-Tandava with Moirangthem and Sangaputra.","Trained at Govindaji gurukul age 6-16; left at 16 (form too rigid); started bazaar performances 2022; objected to Tamasa-Nrita's first real knife in week 6 of his teaching; ran to find Moirangthem after the massacre and confessed everything; co-performs the public demonstration at the temple courtyard","Twenty-four. The bazaar movement's reconciliation-voice. By Ch 3 he becomes the new school's lead teacher of urban-diaspora dancers — the bridge between formal Manipuri-Meitei tradition and the Bangalore-Mumbai diaspora's contemporary forms. Survives Volume I as Moirangthem's senior junior."
manipur-leishemba,Manipur,northeast,2,Leishemba,bazaar-elder,66,female,The Khwairamband Bazaar Elders,—,Ch 2 Beat 1 (the temple courtyard scene),"The bazaar-elder who urged Moirangthem to listen to the raw-dancers in week three. Her one-sentence invitation is the moment the chapter's central question gets named.","Senior elder of the Khwairamband Bazaar (Asia's largest women-run market); has run her own stall for 41 years; member of the new pause-school's third cohort (the bazaar-elders learning the pause as contemplative practice)","Sixty-six. Wears the bazaar-elder's deep-violet shawl. The chapter's institutional bridge between the temple and the market. Becomes a senior council voice in Moirangthem's NE-political-throne administration in Ch 3."
manipur-troupe-dead,Manipur,northeast,2,The Nine Dancers Killed at Loktak,catalyst-deaths,—,—,Form-School (deceased),—,Ch 2 Beat 2 (the Loktak central phumdi massacre),"Nine of Moirangthem's twelve senior dancer-warriors. Killed by Tamasa-Nrita's raw-dancer storm-faction with real knives during the joint-performance.","Tonjam (54, lead choreographer) | Ratna-priya (47, female lead) | Manaobi (43) | Ngambom (41) | Bishorjit (38) | Inakhumb (35) | Sapam (33) | Lalit (31) | Bobby (27)","Cremated together at the Imphal cremation ground in a single ceremony two days after the massacre. The state government declares a three-day mourning period. Their names are inscribed on a brass plaque at the Govindaji temple courtyard, mounted on the inner wall of the new pause-school rehearsal hall. Each name has, beside it, the classical sequence the dancer was performing at the moment of death."
manipur-loktak-mouth,Manipur,northeast,2,The Loktak Mouth (self-signing sign),maw-self-signing-sign,—,—,—,—,Ch 2 Epilogue (night after the final duel),"First SELF-SIGNING Maw sign in the chapter — the Maw makes its own form on the surface of a lake. Eighth rung of the escalation pattern.","Sandstone shrine at the Loktak western shore where Captain Tomthing's helicopter flight-path met the formation centre; Manipur Biodiversity Board logs the formation as 'unexplained phumdi-cohesion event' in the official ecological record","Mechanism: floating phumdis arrange into a closing-mouth shape (4-kilometre mandible-arc, second 4-kilometre upper-lip arc, two rows of teeth-like dense phumdi-clusters inside). Formation holds for 7 minutes; closes for 90 seconds; drifts apart by minute 13. Captured on Pawan Hans cockpit-video by Captain Tomthing; 11 million views in 12 hours. The Maw is no longer signing the gaps in dharma — it is signing its own mouth. The Maw has become able to be seen directly. Moirangthem reads the signal through the bond: the escalation has crossed into form-making; the Council must sit before the next sign."
nagaland-ka-memcha-deceased,Nagaland,northeast,2,Ka-Memcha (deceased — second appearance),catalyst-death-cross-kingdom,35,female,Tangkhul-Naga + Meitei (cross-tradition),C,Ch 2 Beat 2 (the Tangkhul Tribal Ceremony Grounds at Ukhrul),"Second catalyst-death recorded across two kingdoms (alive in Manipur Ch 2, killed in Nagaland Ch 2). Her death is the chapter's most cross-kingdom-mourned single loss.","Eldest of three Tangkhul-Naga sisters; married Moirangthem of Manipur 2019; mother of Sangaputra (8); Dzulevira's elder sister; her funeral is performed by Dzulevira alone in combined Tangkhul-Meitei rites; ashes split — Meitei brass urn to Imphal, Tangkhul clay pot at Ukhrul","See manipur-ka-memcha row for full character profile. Her Nagaland-Ch-2 death is the catalyst that triggers Khrieo-Mama's bringing-out of the Pre-Tribal Pact and Dzulevira's 27-day walk. The killing is by Tangkhul Senior Priest Khrumai-Sho; she is pushed into the ceremonial fire-pit during the fire-purification sub-rite second circumambulation; the push is witnessed by 40 elders, the state-police detail, and 2 apprentices; recorded on Mhabemo's satellite phone. Three kingdoms grieve: Nagaland (her birth), Manipur (her marriage), Meghalaya (Ka-Sienlyngdoh's aunt-by-marriage)."
nagaland-khrieo-mama,Nagaland,northeast,2,Khrieo-Mama,senior-elder-pact-bringer,89,female,Angami (Khonoma village) — Pre-Tribal Pact Custodian,—,Ch 2 Beat 2 (midnight visit at the Kohima state-office on day 15 after Ka-Memcha's death),"The 89-year-old Angami matriarch who pulled the 600-year-old Pre-Tribal Pact out of her floorboards. The single most important institutional intervention of the chapter — without her arrival the walk does not happen.","Eldest Angami matriarch of Khonoma village near Kohima; has kept the Pre-Tribal Pact under floorboards since 1985 (her grandmother kept it 1923-1985; her grandmother's grandmother kept it 1882-1923); speaks 7 of the 16 Naga dialects fluently; her granddaughters provide translation help for the other 9","Eighty-nine. Wears deep-indigo Angami matriarch's wrap with seven brass arm-rings. Walked seven kilometres alone from Khonoma to Kohima at midnight carrying the clay tablet. Her four-day translation work makes the walk possible. Walks the first three valleys with Dzulevira (Tangkhul, Khiamniungan, Konyak); knees give out; rides in support-jeep for valleys 4-16. Becomes Dzulevira's senior advisor through Volume I. Reads the Python-in-Loop sign at Pochury village. Survives Ch 2 and Volume I."
nagaland-phinika,Nagaland,northeast,2,Phinika,ash-attendant,28,female,Small Tangkhul — the chapter's quiet bridge,—,Ch 2 Beat 3 (walk preparation, day 5),"The ash-renewal-attendant for the 27-day walk. Renews the mithun-fire ash on Dzulevira's body each morning. Her presence is the chapter's quietest institutional act — a young Tangkhul woman who chose to assist the walk that began at the place her elder sister-in-law had died.","Small Tangkhul-Naga clan; her elder sister had been Ka-Memcha's close friend; volunteered for the role on day 3 of preparation; carries the mithun-fire ash in a small clay container in the support-jeep; renews the ash at every village-edge stop","Twenty-eight. Wears plain undyed Tangkhul cotton during the walk. The chapter's quietest character; speaks fewer than 10 sentences across 27 days. Per Khrieo-Mama's recommendation she is admitted to the new Mixed Council secretariat as Dzulevira's personal-attendant-of-state — a role created for her specifically that did not exist before."
nagaland-mhabemo,Nagaland,northeast,2,Mhabemo,chief-secretary,42,female,Lotha — State Government Administration,—,Ch 2 Beat 1 (the Hornbill committee room),"Dzulevira's chief secretary for two years. Operates the satellite-phone-and-Sarus-pigeon mesh throughout the chapter. Records Khrumai-Sho's arrest-confession on satellite-phone audio (key evidence for the criminal case).","Lotha clan-line; trained at Indian Administrative Service academy; close working relationship with Dzulevira since the 2024 inauguration; cross-kingdom administrative correspondent with Vidura-Babu at UP and U-Khrawkmen at Meghalaya","Forty-two. The chapter's institutional spine. Manages the entire 27-day walk's logistics. Survives Ch 2 and Volume I. Becomes the chief operational voice of the new Mixed Council inter-tribal communication mesh in Ch 3."
nagaland-python-loop,Nagaland,northeast,2,The Python in the Loop (self-cancelling sign),maw-self-cancelling-sign,—,—,—,—,Ch 2 Epilogue (the morning after the Pochury confrontation),"First SELF-CANCELLING Maw sign in the chapter — the Maw's form completes by destroying itself. Ninth rung of the escalation pattern.","Burmese python preserved in formaldehyde at the Pochury village-edge museum-shrine; tail-in-mouth configuration maintained; shrine becomes a pilgrimage site for state-government school-children whose teachers add the python-shrine to the Nagaland curriculum's Sixth-Schedule civic-education module within four months","Mechanism: a 2.8-metre Burmese python has swallowed its own tail; the constriction has cut off its own breathing; it is dead in the loop. Khrieo-Mama identifies the sign from pre-modern tantric texts as the 'Uroboros-fail' — the form of self-cancelling logic. The Pure-Tongue's sixteen mutually exclusive purity-claims are this form; each tribe's purity argument requires every other tribe's purity-impossibility; the constriction cuts off the breathing of the whole. The Maw's previous form-making (Loktak Mouth) was an attempt at form; the python is the form that fails by completing. The Maw is testing whether form-making can be self-defeating. Significance: the Maw is no longer initiating; it is experimenting."
odisha-jagannath-bandhu,Odisha,east,2,Jagannath-Bandhu,east-dominant-successor-male-priest,31,male,Standing East-Dominant Successor (NEW),—,Ch 2 Beat 3 (the final 800 metres at 11:46 p.m. Monday week 6),"The 31-year-old male priest trained by Jagannathi who joined the pull at the final 800 metres after her collapse at metre 2,703. Standing-Suryavamsha-line junior-priest trained at the Jagannath Temple's standing-engineering-and-priestly dual-discipline since age 12. The name <em>Jagannath-Bandhu</em> (Brother of Jagannath) is the kingdom-council's standing-temple-administration honorific conferred at the completion of the 15-year apprenticeship. Walks the 3-metre-rear of the following-jeep across the three-day pull. Carries the standing-second-shoulder-harness at his standing-following-position throughout (prepared by the Mahala-Maharana carpenter-line at Jagannathi's pre-pull instruction for the collapse-contingency). Joins the pull-rope at the Gundicha Temple's 800-metre-mark at 11:46 p.m. Monday week 6 after Jagannathi's collapse at 11:43:11. The two pull together across the final 800 metres at ~1 metre per 28 seconds. The standing-arrival-threshold is crossed at 11:47:18 p.m. The Stage III stroke completes on Jagannathi's body at the threshold-crossing moment when his right palm joins hers on the pull-rope. Conferred the standing-East-Dominant-successor seat at the standing-amended-charter's ratification-day.","Standing-Suryavamsha-line junior-priest 2007-2026 (15-year apprenticeship); Jagannathi's standing-shadow at every temple-administrative session for 4 years (since 2022); cross-region Sarus-pigeon correspondent with Krishnadevaraya-Bhrata at Karnataka (southern-bloc Dominant), Pulakeshi-Babu at AP, Jagannathi (until her early-Ch 3 sacrificial death); inherits East Dominant seat in Ch 3","Thirty-one. Wears standing-junior-priest cotton across Ch 2; transitions to standing-state-hero formal cotton at the standing-East-Dominant-successor investiture at the amended-charter's ratification-day. Per restructure §1 he inherits East Dominant in Chapter Three after Jagannathi's early-Ch 3 sacrificial death during the first Beast-Rising; carries the East Dominant seat through Ch 4. The first standing-Brother-of-Jagannath honorific-holder to inherit the kingdom-council's standing-state-hero seat in the standing-charter's 800-year-record."
odisha-subhadra-wood,Odisha,east,2,Subhadra-of-the-Wood,living-archive-seat-shabara-matriarch,67,female,Standing Shabara Senior-Elder + Standing Living-Archive Seat (NEW),—,Ch 2 Beat 1 (the Singha Dwara Wednesday-noon declaration) — active through Beat 3,"The 67-year-old Shabara matriarch and the kingdom's standing-most-senior Shabara elder. Standing-Daru-Brahma neem-wood selection-protocol's administrator across the past four Nabakalebara cycles (first administered at age 23 in 1982, 44 years ago). Senior delegate of the standing-Shabara wood-bearer community at the Wednesday-week-3 simultaneous three-cult declaration at the Bada Danda. Runs her own standing-Shabara-tradition investigation across weeks 3-5 in parallel with Jagannathi's. Files the standing-Shabara-tradition cross-reference document (the standing-anklet-violation evidence) with A. Mishra on Saturday week 6 at 5:14 p.m. Walks behind the chariot at the 3-metre-rear position across the three-day pull with the Shabara wood-bearer community of ~2,700. Reads the standing-Shabara-tradition anklet-violation evidence aloud at the Mausi Maa Temple courtyard at 12:41 p.m. Sunday day-2, identifying Chakra-Bheda as the impersonator and triggering the mob-justice within the next 9 minutes. Conferred the kingdom-council's standing-living-archive seat at the standing-amended-charter's ratification-day.","Standing-Shabara matriarch since 1996; standing-Daru-Brahma neem-wood selection-administrator 1982-2026 (4 Nabakalebara cycles); cross-cult correspondent with Pati-Mahapatra Senapati (Brahmin) and Mahanayak Rama-Chandra Das (Sadhaba) at the standing-three-cult shared-procession; the kingdom-council's standing-Shabara-lineage-register's standing-senior-administrator","Sixty-seven. Wears the standing-Shabara off-white cotton with the standing-neem-wood medallions at her shoulders. The kingdom-council's standing-living-archive seat is the kingdom's standing-second non-rotational standing-seat (after Tamil Nadu's Avvaiyar-the-Younger). The seat-holder is the kingdom-council's standing-three-cult-rotation-memory. Per Ch 3 plan she attends the Sanctuary as the kingdom-council's standing-living-archive-seat representative; her standing-Daru-Brahma neem-wood selection-discipline informs the kingdom-council's standing-three-cult-rotation-memory across Chapters Three and Four. Survives Volume I."
odisha-pati-mahapatra,Odisha,east,2,Pati-Mahapatra Senapati,brahmin-senior-priest-cremation-officiant,63,male,Standing Brahmin Senior-Priest,—,Ch 2 Beat 1 (the Suara Nijoga staging) — Beat 2 (the cremation-officiant alone),"The 63-year-old Mahapatra-line chief priest of the Suara Nijoga. Standing-Snana Yatra ritual officiant for the past 19 years. Senior delegate of the standing-Brahmin priestly families at the Wednesday-week-3 declaration. The Brahmin senior-priests' standing-emergency-coordination meeting on Saturday week 6 votes 14-3 to walk in shared procession behind the chariot. Walks behind the chariot in standing-Brahmin saffron at the Brahmin line's standing-front-position. Administers Chakra-Bheda's cremation alone at the Mausi Maa Temple cremation-courtyard at 3:11 p.m. Sunday day-2 (the standing-Shabara and standing-Sadhaba do not attend; the impersonator's cremation is administered by the tradition his impersonation had targeted; the choice is his own).","Standing-Mahapatra-line chief priest 2007-2026; standing-Snana-Yatra ritual officiant since 2007; cross-cult correspondent at the standing-three-cult shared-procession; cremation-officiant for the standing-religious-tradition-impersonation case (the saga's first standing-mob-justice cremation)","Sixty-three. Per Ch 3 plan he attends the Sanctuary as one of the kingdom-council's standing-Kalinga-Chakra three-cult senior-delegate observation-cohort. Survives Volume I."
odisha-mahanayak-rama-das,Odisha,east,2,Mahanayak Rama-Chandra Das,sadhaba-senior-guild-master,57,male,Standing Sadhaba Senior-Guild,—,Ch 2 Beat 1 (the Boita-Bandana staging) — active through Beat 3,"The 57-year-old Sadhaba senior-guild-master. Standing-Boita-Bandana annual-festival administrator for the past 11 years. Senior delegate of the standing-Sadhaba sea-merchant guilds at the Wednesday-week-3 declaration. The Sadhaba senior-guild voted 23-7 to walk in shared procession. Walks behind the chariot in standing-Sadhaba dark-blue at the Sadhaba line's standing-front-position. Arranges the standing-procession-rations from the Sadhaba guild-hall (rice-and-dal at the rest-stops across the three days; ~4,740 walkers Saturday morning scaling to ~12,400 by Monday evening).","Standing-Sadhaba senior-guild-master 2015-2026; standing-Boita-Bandana administrator since 2015; cross-cult correspondent at the standing-three-cult shared-procession","Fifty-seven. Per Ch 3 plan he attends the Sanctuary as one of the kingdom-council's standing-Kalinga-Chakra three-cult senior-delegate observation-cohort. Survives Volume I."
odisha-dr-mohanty,Odisha,east,2,Dr. Pratap Mohanty,standing-medical-officer-three-day-vital-monitor,43,male,Kingdom-Council Standing-Medical-Officer,—,Ch 2 Beat 2 onward (the three-day pull's vital-monitoring),"The 43-year-old kingdom-council standing-medical-officer attached to the standing-state-hero's standing-administrative cell. Operates the standing-following-jeep's standing-medical-cell across the three-day pull. Records Jagannathi's vitals at the 15-minute interval Saturday through Monday. Administers the standing-intravenous-electrolyte-and-saline protocol at the rest-stops as needed. Telephones Jagannathi at the rest-stops to advise on vital-thresholds. Recommends the 3-km marker rest-overnight Sunday evening at 6:11 p.m. (recommendation accepted at 6:13). Telephones the standing-collapse-threshold warning at 11:24 p.m. Monday. Administers the standing-medical-pavilion intravenous protocol across the 12-day recovery period.","Standing-medical-officer 2018-2026 (8 years); attached to Jagannathi's standing-administrative cell since 2020; cross-medical correspondent with the standing-Cantonment medical-cell (Telangana, Bhagmati-Saheba's standing-anti-mirror-meditation training) and the standing-Gundicha-Temple medical-pavilion","Forty-three. Per Ch 3 plan he continues as the standing-East-Region medical-officer alongside Jagannath-Bandhu's standing-East-Dominant administration."
odisha-a-mishra,Odisha,east,2,A. Mishra,temple-administrative-cell-receiving-officer,43,male,Kingdom-Council Standing-Temple-Administrative Cell,—,Ch 2 Beat 1 (the Wednesday-week-3 receiving-desk),"The 43-year-old kingdom-council's standing-temple-administrative cell's receiving-officer at the Bada Danda standing-receiving-desk. Files all three Wednesday-week-3 declarations at 12:11 p.m. under their standing-protocol entry-numbers (KC-2026-Sh-0118, KC-2026-Br-0119, KC-2026-SM-0120). Convenes the kingdom-council's standing-emergency-protocol at 12:14 p.m. Files Subhadra-of-the-Wood's standing-Shabara-tradition cross-reference document on Saturday week 6 at 5:14 p.m. Files the standing-Rath-Yatra-reopening notice on Saturday week 6 at 10:11 a.m. Approves the standing-notice at 10:28 a.m. Issues the standing-news-cells broadcast at 10:30. Receives the Brahmin coordination-message at 5:11 p.m. Saturday and the Sadhaba coordination-message at 4:47 p.m. Saturday. Acting standing-temple-administrative cell administrator across the chapter's standing-coordination-period.","Standing-temple-administrative cell receiving-officer 2020-2026; cross-cult standing-administrative correspondent across Shabara, Brahmin, Sadhaba senior-delegates; cross-region administrative correspondent with the standing-State-Police standing-protocol cell","Forty-three. Survives Volume I as the kingdom-council's standing-temple-administrative cell administrator."
odisha-inspector-tripathy,Odisha,east,2,Inspector Tripathy,state-police-senior-inspector-mausi-maa-detail,49,male,Standing State-Police Puri-District,—,Ch 2 Beat 3 (the Mausi Maa Temple mob-justice non-intervention),"The 49-year-old Puri-District senior-inspector who led the standing-State-Police standing-eight-officer detail at the Mausi Maa Temple courtyard on Sunday day-2 of the three-day pull. Made the standing-discretion-call at 12:49 p.m. to step back from the standing-mob-justice approach (the standing-detail's standing-control-threshold was exceeded by ~500-to-1 by the assembled three-cult crowd). Filed the standing-State-Police standing-incident-report at 1:11 p.m. recording the killing as standing-mob-justice under the kingdom-council's standing-amended Kalinga-Chakra charter's Sixth Clause's standing-impersonation-of-religious-tradition provision.","Puri-District standing-State-Police senior-inspector 2018-2026 (8 years); standing-mob-justice non-intervention discretion-call holder (the kingdom-council's standing-precedent-officer for the standing-Sixth-Clause non-intervention protocol)","Forty-nine. The kingdom-council's standing-precedent-officer for the standing-Sixth-Clause standing-mob-justice non-intervention protocol. Per Ch 3 plan he continues as the standing-Puri-District senior-inspector with the standing-precedent-policy embedded in the kingdom-council's standing-State-Police standing-handbook."
odisha-konark-wheel,Odisha,east,2,The Counterclockwise Konark Wheels,maw-reversal-direction-sign,—,—,—,—,Ch 2 Epilogue (12:03 a.m. to 1:03 p.m. Tuesday week 7),"First reversal-direction Maw sign in the chapter. The Konark Sun Temple at Konark (65 km south of Puri), 13th-century-CE Narasimhadeva-I temple built as a colossal stone chariot with 24 wheels (each 3 m diameter, carved with spoke-and-axle precision; functional sundials; not designed to turn; carved from single blocks). The wheels have not turned since the 1255 CE consecration (771 years). At 12:03 a.m. Tuesday week 7 (~4 hours after Jagannathi's chariot completed the Rath-Yatra), the seven southern-face wheels begin to turn counterclockwise at ~1 degree per minute. No mechanical mechanism. Each wheel completes one full counterclockwise rotation across ~360 minutes; all seven stop at original positions at 1:03 p.m. Tuesday.","ASI on-site night-watchman D. Mohanty (54) at 12:06 a.m. first-confirmation; ASI standing-on-call senior officer Dr. K. Patnaik (58) at 1:14 a.m.; standing-Maw-sign-recognition cell at 4:11 p.m. Tuesday; paired with Assam's Reversed Brahmaputra as saga's 4th cross-region Maw-sign pair (direction-reversal)","The Maw has demonstrated the capacity to turn carved-stone wheels of a 13th-century temple counterclockwise for 13 hours through no mechanical mechanism. Paired with Assam's Reversed Brahmaputra (the river that flowed east-to-west for 1 hour during the Mahavidya rite at Kamakhya) as the saga's fourth formally-recognised cross-region Maw-sign pair: direction-reversal. Both signs are reversals of standing-natural-direction. 18th rung of the escalation pattern. The first reversal-direction experiment at a standing-monument scale; the Maw can reverse both standing-fluid-systems (Assam) and standing-solid-systems (Odisha)."
telangana-lalithanga,Telangana,south,2,Lalithanga (deceased),elder-brother-killed-by-hero,35,male,Cyber-Hyderabad Cell-Administrator (deceased week 6),D,Ch 2 Beat 1 (the 8:43 a.m. Tuesday tea-break window installation),"The 35-year-old elder brother of Chittaranga and Cyber-Hyderabad cell-administrator. Standing reflective-grid sub-administrator at Gachibowli west-tower since 2018; standing Cyber-Hyderabad cell-administrator since 2022. Standing 414-consecutive-day daily 8:43 a.m. tea-break at east-facing reflective-glass window crossed the standing 14-month-minimum-daily-presence threshold on the chapter's opening Tuesday. Took the standing-Chitrabheda-residence-overlay-installation at 8:43:11 a.m. that Tuesday. Standing-overlay progressed across weeks 3-6 from day 23 to day 44 (~50% saturation by week six). Granted the standing-killing-permission via brother-to-brother secure-line telephone call at 11:18 p.m. Tuesday week six. Walked the standing-fort-trail to the Golkonda Fort mirror-vault basement at midnight Wednesday. Spoke the standing brother-words ('I am still here. Wait.') at 3:08 a.m. Was struck by the Ranga disc at 3:10:11 a.m. at the standing-killing-velocity. Body fell at 3:10:11:8 a.m. Standing-cerebral-spinal axis stopped at 3:10:12.","Bloodline-D elder brother to Chittaranga; son of Lakshmi-Akka (the standing-dancer mother) and Veera-Rao (the standing gem-cutter-and-informant father); cross-departmental Cyber-Hyderabad / standing-Cantonment administrative-coordination correspondent during weeks 1-6 of Ch 2 (the standing-mirror-monitoring registry's standing-administrative-coordination cell's seat-holder)","Thirty-five at death. Cremated at the standing-Banjara-Hills cremation-ghat at 3 p.m. Wednesday week six. Ashes scattered at the standing-Musi-river-mouth at 5:11 p.m. by Chittaranga as the standing brother's eldest-surviving-male. The standing-killing is the kingdom-council's standing-permanent-record under the standing-charter's family-killing provision. His standing-Cyber-Hyderabad cell-administrator seat is filled by Krishna-Bhat (26) at the standing-week-eleven open-trust declaration's standing-recognition-event."
telangana-bhagmati,Telangana,south,2,Bhagmati-Saheba,sufi-line-elder-vessel-of-voice,61,female,Standing Sufi-Line Vessel-of-Voice (NEW),—,Ch 2 Beat 3 (the 12:11 a.m. Saturday week six residence arrival),"The 61-year-old Sufi-line elder who carries Chittaranga's deceased mother's standing-cadence-prayer. Trained at Charminar Sufi dargah 1985-1992 under Hazrat Quli Qutb Shah-line senior Sufi-poet Pir-Saheb Anwar. Was at the dargah's standing-northern-courtyard women's circle when Lakshmi-Akka attended the 1987-1992 evening lip-reading-and-prayer sessions. Memorised the standing-Lakshmi-Akka cadence-prayer across 1987-1992 (the standing-Telugu-Urdu-Persian three-tongue rhythm Lakshmi-Akka composed in 1987). Withdrew to standing-dargah-retreat 1992-2026 for 18 years following Lakshmi-Akka's 2008 death. Returns to public Sufi-line standing at the chapter's opening week under the standing-Lakshmi-Akka standing-return-protocol Lakshmi-Akka had arranged with Pir-Saheb Anwar before her 2008 death (filed at the kingdom-council's standing-archive in autumn 2024). Arrives at the state hero's residence at 12:11 a.m. Saturday week six. Recites the standing-cadence-prayer from midnight to 4 a.m. across the standing-eight-night vigil cycle from week six Saturday through week seven Sunday. Continues the standing-eight-additional-night cycle from week eight Monday through week nine Monday.","Standing-vessel-protocol holder under the kingdom-council's standing-Sufi-line voice-preservation tradition; cross-faction Sufi-line correspondent with Imam Hazrat Mohammed-Ali Qadri (Mecca Masjid) and the standing-Charminar-dargah lineage; trains the standing-Cantonment medical-cell's standing-anti-mirror-meditation cadence-disruption protocol across weeks 6-11 (the protocol holds Krishna-Bhat at 51% saturation and ~3,000 other citizens at lower saturations)","Sixty-one. Wears dark-green Sufi-line cotton with the standing-Sufi-elder blue-and-silver shoulder-cloth. Per Ch 3 plan she becomes Telangana's standing Sufi-line federation-liaison at the Sanctuary; serves at the southern-bloc federation's standing-Sufi-line representative seat across Ch 3 and Ch 4. The kingdom-council's standing-vessel-protocol's standing-purpose: the standing-preservation of the standing-cadence-of-a-deceased-teacher across the standing-line's next generation. The saga's first formally-recognised standing-vessel-of-voice in the registry."
telangana-lakshmi-akka,Telangana,south,2,Lakshmi-Akka (deceased 2008),mother-recognised-as-maw-sign,56,female,The Standing-Cadence-Prayer's Composer,—,Ch 2 Epilogue (the Charminar's fifth shadow at noon Friday week eleven recognising her standing-twelve-noon-prayer-pose),"Chittaranga and Lalithanga's mother. Died 12 December 2008 at age 56. Dancer at the standing-Hyderabad-temple-court traditions 1972-2008. Could read lips from across a crowded court at distances up to 40 metres (the standing-Hyderabadi-dancer lip-reading discipline at the highest level). Married the standing gem-cutter-and-informant Veera-Rao in 1986. Mother of Lalithanga (1990), Chittaranga (1992), and an unnamed twin-sister born 2 minutes after Chittaranga. Composed the standing-cadence-prayer in 1987 at the Charminar Sufi dargah's standing-northern-courtyard women's circle. Taught the standing-cadence to Bhagmati-Saheba 1987-1992. Taught the standing-grey-eye-discipline to Chittaranga from his 3rd year. Taught the standing-lip-reading-at-distance discipline to Lalithanga from his 5th year. Performed the standing-twelve-noon-prayer-pose at the Mecca Masjid courtyard daily at noon 1997-2008. Final recitation 12 December 2008 at 6:11 a.m.; completed at 6:53 a.m.; died at 6:58 a.m. The kingdom-council's standing-Maw-sign-recognition cell's preliminary report at 3:11 p.m. on Friday week eleven of Ch 2 confirms the Charminar's standing-fifth-shadow is her standing-twelve-noon-prayer-pose.","Deceased 18 years and 5 months before the standing-fifth-shadow recognition; standing-Lakshmi-Akka standing-survivor-correspondence cell's autumn 2024 protocol-filing arranged the standing-Bhagmati-Saheba return-protocol with Pir-Saheb Anwar before her death; the kingdom-council's standing-Lakshmi-Akka archive contains 123 standing-pose-photographs (1997-2008) of her standing-twelve-noon-prayer-pose","Standing-Maw-recognised at the Charminar's fifth shadow at noon Friday week eleven of Ch 2 — the saga's first kingdom-council-standing-Maw-sign-recognition of a deceased family-member's standing-presence at a kingdom-council standing-charter event. The standing-fifth-shadow's standing-thirteen-minute duration corresponds to her standing-thirteen-minute prayer-cycle. The standing-pose, the standing-duration, the standing-cross-courtyard-airspace recognition (the Charminar is approximately 1 km south-east of the Mecca Masjid; the noon-shadow and the courtyard share the Old City's quadrant-airspace) — the kingdom-council's standing-Maw-sign-recognition cell's preliminary report categorises the standing-fifth-shadow as the kingdom-council's standing-recognised standing-mother-presence."
telangana-krishna-bhat,Telangana,south,2,Krishna-Bhat,loyal-cyber-coder-trust-subject,26,male,Cyber-Hyderabad (51% Chitrabheda-saturation; loyalty held),—,Ch 2 Beat 3 (the open-trust declaration's standing-subject at 11:00 a.m. Friday week eleven),"The 26-year-old Cyber-Hyderabad coder who is the standing-subject of Chittaranga's open-trust declaration. Standing reflective-grid sub-administrator at the Gachibowli west-tower since 2023. Standing-fourteen-month-minimum-daily-presence threshold crossed many times over for his standing-tower-position. Took the standing-Chitrabheda-residence-overlay-installation at 8:43 a.m. on the chapter's opening Tuesday. Standing-overlay-position week-9; standing-saturation 51% by week 10's standing-mirror-monitoring registry classification (standing-entry-number CH-2026-7,394). Performed the standing-anti-mirror-meditation protocol's standing-disruption-recitation at every standing-decision-point across weeks 6-11. Held his standing-kingdom-loyalty against the standing-residence-pull through the standing-cadence-protocol. After the open-trust declaration on Friday week eleven, performs the standing-thirty-eight-day standing-disruption-protocol at the standing-Cantonment medical-cell starting same day. Returns to the standing reflective-grid sub-administrator's seat at the standing-protocol's standing-completion.","Standing-Cyber-Hyderabad cell-administrator-elect (the seat Lalithanga had held before his death); standing-Cantonment medical-cell trainee for the standing-thirty-eight-day standing-disruption-protocol; cross-faction Cyber-Hyderabad / Old-City / Cantonment correspondent at the standing-state-hero's-open-trust-declaration moment","Twenty-six. Wears standing-IT-Park standing-day-uniform (white short-sleeved shirt; dark grey trousers). The kingdom-council's standing-open-trust-declaration subject; the bond's standing-stranger-target whose standing-loyalty held the trust at risk. Per Ch 3 plan he serves as the kingdom-council's standing Cyber-Hyderabad cell-administrator from autumn week three onward; per Ch 4 plan he attends the Kurukshetra Council as Telangana's standing reflective-grid-administration representative. Survives Volume I."
telangana-imam-qadri,Telangana,south,2,Hazrat Mohammed-Ali Qadri,mecca-masjid-imam,68,male,Mecca Masjid Standing-Imam,—,Ch 2 Beat 3 (the standing-pre-prayer-public-assembly opening at 11 a.m. Friday week eleven),"The 68-year-old Mecca Masjid Imam-Saheb who performed the standing-pre-prayer-public-assembly opening-statement for Chittaranga's open-trust declaration. Standing Mecca Masjid Imam-Saheb since 2009. Hazrat Quli Qutb Shah-line senior Imam-Saheb (the same standing-Sufi-line that trained Bhagmati-Saheba at the Charminar dargah). Performs the standing-pre-prayer-public-assembly opening-statement in plain Urdu in the standing-imam-courtyard register at 11 a.m. Friday week eleven; references the kingdom-council's amended Chaya-Golkonda charter's Eighth Clause (the standing-open-trust-declaration provision); returns to the standing-mihrab after Chittaranga's declaration; begins the standing-Friday-prayer at 12:30 p.m. per the standing-Hyderabadi mosque-tradition.","Standing Mecca Masjid Imam-Saheb 2009-2026; standing-Hazrat-Quli-Qutb-Shah-line senior Imam-Saheb; cross-Sufi-line correspondent with Bhagmati-Saheba (same dargah-tradition lineage); the standing-Mecca-Masjid standing-Friday-prayer congregation's standing-leader","Sixty-eight. Survives Volume I. Per Ch 3 plan he attends the Sanctuary as Telangana's standing Sufi-line representative alongside Bhagmati-Saheba."
telangana-padmavathi,Telangana,south,2,Padmavathi-garu,kingdom-council-standing-archive-senior-officer,54,female,Standing-Cantonment State Civil Service Archive,—,Ch 2 Beat 1 (the 9:14 a.m. Tuesday telephone call from Chittaranga),"The 54-year-old kingdom-council standing-archive senior-officer at the Secunderabad Cantonment State Civil Service compound. Standing-archive senior-officer since 2018. Receives Chittaranga's 9:14 a.m. telephone call on the chapter's opening Tuesday with the standing-reflective-grid-breach observation. Initiates the standing-emergency-mirror-monitoring cell's standing-drafting at 10 a.m. Tuesday. Holds the kingdom-council's standing-administrative-coordination seat for the standing-thirty-four-day registry-build (weeks 6-11). Filed the standing-Lakshmi-Akka standing-survivor-correspondence cell's standing-Bhagmati-Saheba return-protocol in autumn 2024 under the late Lakshmi-Akka's standing-pre-2008 arrangement.","Kingdom-council standing-archive senior-officer 2018-2026; cross-departmental administrative-coordination correspondent with the standing-Cantonment medical-cell, the standing-State-Police, the standing-Cyber-Hyderabad cell-administrator, and the standing-Sufi-line training-cell; the standing-Lakshmi-Akka standing-survivor-correspondence cell's standing-administrator-of-record","Fifty-four. Survives Volume I. Per Ch 3 plan she attends the Sanctuary as Telangana's standing-administrative-coordination representative."
telangana-charminar-shadow,Telangana,south,2,The Charminar's Five Shadows (Lakshmi-Akka's Pose),maw-shadow-surplus-sign,—,—,—,—,Ch 2 Epilogue (12:00-12:13 p.m. Friday week eleven at the Charminar quadrangle),"First shadow-surplus Maw sign in the chapter. The 1591 four-minareted monument at the Hyderabad Old City Charminar quadrangle has cast four shadows at every solar-noon for 435 years (53-year continuous ASI standing-Charminar-monitoring cell daily-noon-image-record). On Friday week eleven at noon the Charminar casts five shadows. The fifth shadow is centred at the quadrangle's exact geometric centre and extends north-east at the standard noon-radial angle. The shape is the standing-Hyderabadi-dancer-pose with arms slightly extended at the hips' level. Holds for 13 minutes from 12:00 to 12:13. Captures at 12:01, 12:07, and 12:11 confirm the five-shadow configuration. Dissolves at 12:13:14 exactly. Cross-referenced against the kingdom-council's standing-Lakshmi-Akka archive's 123 standing-pose-photographs (1997-2008) — confirmed as Lakshmi-Akka's standing-twelve-noon-prayer-pose. The 13-minute duration corresponds to her standing-13-minute prayer-cycle.","ASI standing-Charminar-monitoring cell's standing-noon-image-record administrator B. Venkatesh (47); ASI standing-emergency-on-duty senior-archaeologist Dr. P. Sumathi (62); kingdom-council standing-Maw-sign-recognition cell's preliminary report at 3:11 p.m. same Friday; cross-region paired-sign correspondence with the Roing Dawn-Shadow Temple's First Herald shadow-deficit sign","The Maw has demonstrated the capacity to cast a fifth shadow from a four-minareted monument at solar-noon for 13 minutes — the saga's first shadow-surplus event. Seventeenth rung of the escalation pattern. The first shadow-surplus experiment. Paired with Arunachal's First Herald (Sahodara-Aapun, who casts no shadow) as the saga's third formally-recognised cross-region Maw-sign pair: shadow-deficit (Arunachal) and shadow-surplus (Telangana). The kingdom-council's standing-pose-cross-reference identifies the standing-fifth-shadow as Chittaranga's deceased mother Lakshmi-Akka's standing-noon-prayer-pose; the kingdom-council's standing-Maw-sign-recognition cell's preliminary report categorises the standing-fifth-shadow as the kingdom-council's standing-recognised standing-mother-presence at the open-trust declaration."
tn-avvaiyar-younger,Tamil Nadu,south,2,Avvaiyar-the-Younger,living-archive-seat-holder,12,female,Standing Living-Archive Seat (NEW),—,Ch 2 Beat 2 (the standing-poet-children's gallery's 3rd row on Friday 15 February at 10:57 a.m.),"The 12-year-old Sangam poet-child who memorised every silenced voice. Named after the ancient Tamil poet-saint Avvaiyar under the Sangam-tradition rename-of-the-poet-child protocol. Has been attending Sangam council sessions since age 7 under her grandmother's senior-mentor seat. Has memorised approximately 23,000 Sangam-tradition poems (5,000 standard-curriculum classical works + ~18,000 silencings-and-author-backlog) across her 5-year evening-recitation discipline with her grandmother. At the day-62 post-amendment open-assembly evening recites the 147 silenced poems in full across 6 hours and 3 minutes from memory without notes. Conferred the kingdom-council's standing living-archive seat by senior-mentor seat-vote 12-0 on day 11; the formal-investiture at the open-assembly evening's recitation-conclusion at 1:03 a.m.","Granddaughter of Avvaiyar-Periya (68; standing senior-mentor seat 1995-2026; the grandmother who has held the kingdom's memory across 57 consecutive council sessions); the Sangam-tradition's standing rename-of-the-poet-child protocol's 4th recipient in 60 years; cross-kingdom Sarus-pigeon correspondent with Yapum-Mihu at Roing (Arunachal, 13; the Adi-creator-line translator-in-training who named the First Herald) and Sangaputra at Imphal (Manipur, 8; the pause-discoverer) as the saga's three youngest cross-region delegates","Twelve. Wears the standard Sangam-poet-child's plain off-white cotton with the assembly's blue-bordered shawl. Per Ch 3 plan she travels to the Sanctuary at Manipur convening as the southern federation's youngest formally-recognised cross-region delegate. Per Ch 4 plan she serves at the federation's standing pairing-protocol-cell as the standing voices-archive recogniser. The kingdom-council's standing living-archive seat is the first non-rotational kingdom-council standing-seat in saga-history. The seat is the kingdom-council's standing-recourse for unrecorded silencings, retrieved voices, and reconstructed-from-memory un-written poems. Survives Volume I."
tn-tholkappiyan-younger,Tamil Nadu,south,2,Tholkappiyan-the-Younger,new-visible-seat-poet-warrior,27,male,Standing Visible Seat (NEW),—,Ch 2 Epilogue (the day-62 open-assembly evening's standing succession-candidate introduction at 1:38 a.m.),"The 27-year-old Sangam poet-warrior named after the ancient Tamil grammarian Tholkappiyan under the Sangam-tradition standing succession-candidate-naming protocol. Trained at the Sangam Hall's standing poet-warrior gymnasium since age 14. Holds the kingdom-council's standing succession-candidate seat since the spring 2024 senior-mentor seat-vote. Carries the kingdom-council's standing succession-candidate's bronze-spear (the Sangam-tradition's standing succession-candidate's weapon since 1873). At the day-62 open-assembly evening recites his maiden Sangam-charter-praising composition (subject: the amended Sangam-charter's Fifth Clause / living-archive seat) across 10 minutes at 1:38-1:48 a.m. Senior-mentor seat-vote 12-0 grants the standing succession-candidate recognition at 1:53 a.m. Standing visible-seat investiture administered by senior-mentor seat-rota across 43 minutes, completing at 4:01 a.m.","Standing succession-candidate from spring 2024 senior-mentor seat-vote; Sangam Hall poet-warrior gymnasium standing-trainee 2013-2024; bronze-spear bearer (the standing-succession-candidate's standing-weapon); cross-kingdom Sarus-pigeon correspondent with Krishnadevaraya-Bhrata at Karnataka (southern-bloc Dominant) and Pulakeshi-Babu at AP (lineage-reveal brother-historian)","Twenty-seven. Wears the Sangam-tradition poet-warrior's deep-red cotton with the warrior-poet's gold-bordered shoulder-cloth. Per restructure §5 he holds Tamil Nadu's visible seat as the kingdom's standing visible representative. Per Ch 3 plan he travels to the Sanctuary at Manipur convening as the kingdom-council's standing visible-seat representative. Per Ch 4 plan he is the southern federation's standing poet-warrior voice at the Kurukshetra Council. Survives Volume I."
tn-acharya-bharati,Tamil Nadu,south,2,Acharya Bharati (deceased),mentor-deceased-natural-causes,83,male,Sage Agastya's 11th-Direct-Apprenticeship Line,—,Ch 2 Beat 1 (the rice-paper envelope at 4:12 a.m. on the chapter's opening Monday 1 February),"The 83-year-old Sangam-tradition senior-mentor at the Kanyakumari residence. Sage Agastya's eleventh-direct-apprentice. Chair of the Madurai Sangam Hall's standing-poetry sub-committee 1997-2026 (19 years). Kurinjiselvi's personal mentor since her 17th year. Composed the 1989 Thirukkural-couplet ('Vaay-pakka adai-ppoo varum-mun moli-yaa nukkindra varai') that predicted the standing kingdom-council charter-amendment by 37 years. Struck from the council rota on the chapter's opening Monday at 4:03 a.m. Wrote the 43-minute leaf-letter to Kurinjiselvi the same morning. Released parakeet-courier Pavalam at 5:14 a.m. Died at 5:48 a.m. on Thursday 4 February at the Kanyakumari residence's kitchen-table; cause 'natural causes; cardiac arrhythmia consistent with the patient's age and medical history.'","Sage Agastya's 11th-direct-apprentice through the standing Sangam-tradition apprenticeship-lineage; Kurinjiselvi's mentor since her 17th year; the 19-year chair of the standing-poetry sub-committee; the 1989 composition's author","Eighty-three at death. Buried at the kingdom's standing senior-mentor cremation-ghat at the Kanyakumari southernmost shore on Thursday afternoon 4 February. Ashes scattered at the standing-Sangam-tradition senior-mentor sea-ghat per the standing-protocol's senior-mentor at-the-southernmost-shore-of-Bharatavarsha disposition. The 1989 Thirukkural-couplet is read at every standing post-Sangam-charter-amendment council session opening as the kingdom-council's standing-memorial-recitation. The 43-minute leaf-letter is preserved at the kingdom-council's standing-archive box at the Madurai Sangam Hall's senior-mentor seat-rota chair's office."
tn-avvaiyar-periya,Tamil Nadu,south,2,Avvaiyar-Periya,senior-mentor-grandmother,68,female,Standing Senior-Mentor Seat,—,Ch 2 Beat 1 onward (her granddaughter's mentor across 5 years of evening-recitation),"The 68-year-old Sangam-tradition senior-mentor seat-holder. Grandmother of Avvaiyar-the-Younger. The kingdom-council's standing senior-mentor seat-holder for 31 years (since 1995). Has attended every Sangam Hall council session for 57 consecutive years (since 1969). Has confirmed her granddaughter's evening-recitation discipline against her own memory of the originals at 100% confirmation-rate across the 5-year period. Places her right palm on her granddaughter's left forearm at the standing-poet-children's gallery's 3rd row at 10:57 a.m. on Friday 15 February — the kingdom's only signal that this council session is the one she has been waiting for. Walks onto the speaker's-mark stone's western edge at ~12:30 a.m. on the open-assembly evening with the standing-respect bowl of warm rice-and-tamarind broth for her granddaughter.","Grandmother of Avvaiyar-the-Younger (12; standing living-archive seat-holder); senior-mentor seat 1995-2026; the kingdom-council's standing memory of every silencing across 57 years","Sixty-eight. Wears the kingdom-council's standing senior-mentor seat's blue-bordered cotton with the standing-mentor's silver shoulder-cloth. Survives Volume I as the kingdom-council's standing senior-mentor seat's mentor-grandmother. Per Ch 3 plan she does not travel to the Sanctuary; she remains at the Madurai Sangam Hall to administer the standing kingdom-council senior-mentor seat-rota in the absence of the senior-elder representatives."
tn-iyer-periya,Tamil Nadu,south,2,Iyer-Periya,standing-poetry-subcommittee-acting-chair,61,male,Standing-Poetry Sub-Committee (Acting Chair after Acharya's death),—,Ch 2 Beat 3 (the chamber-event at 11:02 a.m. on Friday 15 February),"The 61-year-old Sangam-tradition senior-administrator who becomes the standing-poetry sub-committee acting-chair after the Acharya Bharati's death (no relation to Iyer-Mama at the Nilgiri residence-keeper seat). Performs the standing-acknowledgement gesture (palms together at the chest) at Kurinjiselvi's approach to the speaker's-mark stone at 11:02:01 a.m. — the gesture not performed in the Sangam Hall in 3 centuries. Recognises the Stage III bond-mark's chamber-formation as the kingdom-council's standing-charter's highest-procedural-authority recognition-event at 11:02:29. Announces the kingdom-council's emergency-session under the standing-charter's seventh clause at 11:02:33. Drafts the kingdom-council's amended Sangam-charter across the 12-day emergency-session. Administers the post-amendment open-assembly evening's standing-protocol from 7 p.m. to 4:11 a.m. on day 62.","Standing-poetry sub-committee acting-chair from day 4 of Ch 2 (after Acharya Bharati's death) through Ch 2 close (the standing acting-chair appointment is confirmed by senior-mentor seat-vote 12-0 on day 5); cross-kingdom administrative correspondent with the kingdom-council's senior-mentor seat-rota; the kingdom-council's standing-charter-amendment-protocol's lead-drafter","Sixty-one. Wears the standing-poetry sub-committee chair's gold-bordered cotton. Per Ch 3 plan he attends the Sanctuary as the kingdom-council's standing sub-committee chair representative; per Ch 4 plan he is the southern federation's standing-poetry sub-committee chair at the Kurukshetra Council. Survives Volume I."
tn-iyer-mama,Tamil Nadu,south,2,Iyer-Mama,nilgiri-residence-keeper,68,male,Nilgiri Residence-Keeper Seat,—,Ch 2 Beat 1 (the leaf-letter arrival at 5:43 p.m. on Monday 1 February),"The 68-year-old former Sangam-poet (retired from the assembly in 2019; took the standing Nilgiri residence-keeper seat in the same autumn) who serves as Kurinjiselvi's standing administrative aide at the Nilgiri Mountains residence. Receives parakeet-courier Pavalam at 5:43 p.m. on the chapter's opening Monday with the Acharya's leaf-letter. Brings Kurinjiselvi down from the summit at 6 p.m. Provides the standing-respect evening-tea reading-session. Greets Kurinjiselvi at the residence's western entrance on her return on 22 February. Brings the second tea at the eastern-tea room.","Nilgiri residence-keeper since autumn 2019; former Sangam-poet (registered Sangam-poet-roll member 1989-2019; 30 years of council attendance); cross-kingdom Sarus-pigeon correspondent for the standing-elder seat's consultative-correspondence","Sixty-eight. Wears the standing residence-keeper cotton with the Nilgiri Mountains' standing-warrior-line's deep-grey shoulder-cloth. Survives Volume I as the kingdom-council's standing-elder seat's standing residence-keeper at the Nilgiri Mountains."
tn-sundara-rajan,Tamil Nadu,south,2,V. Sundara-Rajan,vault-keeper-manuscript-witness,58,male,Madurai Maraimalai Adigal Tamil-Language Public Library,—,Ch 2 Epilogue (the 6:18 a.m. day-52 morning-inspection),"The 58-year-old library vault-keeper of the Madurai Maraimalai Adigal Tamil-Language Public Library's manuscript-vault. The 16-year vault-keeper seat-holder. Performs the standard quarterly maintenance-check across 4 days every 3 months (the current quarter's check ran days 46-49 of Ch 2; the day-49 check logged the manuscript's standard configuration with no anomalies). Discovers the 14 content-original lines on leaf 247 at 6:18 a.m. on day 52 during the standard morning-inspection. Calls the standing emergency-on-duty paleographer at 6:21 a.m.; the paleographer (Dr. Tamilarasi, Madurai Kamaraj University Sangam-studies department senior fellow, 43) arrives by 7 a.m.","Library vault-keeper seat-holder since 2010; cross-departmental administrative correspondent with the Madurai Kamaraj University's Sangam-studies department and the kingdom-council's standing-Maw-sign-recognition cell","Fifty-eight. The chapter's institutional witness-of-record for the saga's first manuscript-inscription Maw event. Survives Volume I. Per Ch 3 plan he is appointed the kingdom-council's standing manuscript-vault-keeper at the kingdom-council's elevated cross-region standing-Maw-sign-shrine-keeper seat under the southern federation's standing pairing-protocol-cell's recognition."
tn-fourteen-lines,Tamil Nadu,south,2,The Fourteen Lines on Manimekalai Leaf 247,maw-manuscript-inscription-sign,—,—,—,—,Ch 2 Epilogue (6:18 a.m. day 52),"First manuscript-inscription Maw sign in the chapter. The Sangam-tradition's only complete copy of the second-century-CE Buddhist epic Manimekalai by Sittalai Sattanar (2,743 palm-leaf bundle) shows 14 content-original lines on leaf 247 that were not on the leaf at the day-49 maintenance-check. The lines are in standard Tamil-Brahmi script and the standard Manimekalai Tamil-classical-Sangam akaval-meter. The ink is the standard palm-leaf iron-gall blend; mass-spectrometric analysis confirms a paleographic dating of approximately 1,700 years. The lines describe the chapter's chamber-event in standard Sangam-tradition allegorical register (the rota-page's shadow, the children's tongues, the mountain's flower a year early, the unauthorised word as the assembly's charter, the manuscript that wrote itself). The lines do not change, fade, or multiply across the 8-month observation period.","Catalogued at the kingdom-council's standing-cataloguing register under the amended Sangam-charter's Fifth Clause's standing living-archive provision on day 55; paired with Mizoram's two-headed serow as the saga's second formally-recognised cross-region Maw-sign pair (Mizoram = Maw-voice; TN = Maw-text) on day 55; the pairing-protocol's recognition-registry is the southern federation's standing pairing-protocol-cell's standing-archive","The Maw has demonstrated the capacity to write into a sealed historical manuscript across the 1,700-year-old ink-and-leaf threshold. The Maw is producing language no one made — not voice from a creature (Mizoram's two-headed serow) but text on a page. Sixteenth rung of the escalation pattern. The first manuscript-inscription experiment. The saga's second cross-region paired Maw-sign with Mizoram's two-headed serow. The pairing-protocol's recognition becomes the saga's standing catalogue-pattern-recognition method's second formal entry."
ap-pulakeshi-babu,Andhra Pradesh,south,2,Pulakeshi-Babu,lineage-reveal-brother-historian,43,male,Bloodline-A Authenticity Cell (Recused) → New AP Visible Throne Liaison,A,Ch 2 Beat 2 (the grandfather's safe at 6:23 p.m. week 4),"The 43-year-old kingdom's senior Bloodline-A historian who discovers in his maternal grandfather's safe in week 4 of the chapter that he is Krishnaveni's and Kalaniksha's first cousin (his father Ravi Pulakeshi Babu was Lakshmi Babu's elder brother; Lakshmi Babu was the twins' mother). The Authenticity Cell chair since 2019; the AP State Archive's pre-independence-records cell chair since 2014; author of the standard 3-volume reference work 'The Bloodline-A Cousin Network in Southern Bharatavarsha, 1700-2020.' Recuses himself from the cell's preliminary report at 8:06 p.m. on the discovery day. Discloses the 1992 supplementary affidavit's fourth matter (Kalaniksha's intersex-birth) to Krishnaveni at the residence evening-tea room at 9:11 p.m. Serves as the kingdom-council's standing Bloodline-A liaison-and-historian through the 47-day preparation-period. Drafts the autumn coastal-protection-protocol with Krishnaveni across the 4 months following the contest.","Son of Ravi Pulakeshi Babu (historian-line scholar, senior kalari-line woman marriage 1979); maternal grandson of B. Narayana Babu (the embargo-holder; Acharya Nagarjuna University Sanskrit-and-Telugu professor 1965-1995; died 2023 age 91); first-cousin to Krishnaveni and Kalaniksha (the twins' mother Lakshmi Babu was his aunt by male-line); related by 4-generations-back maternal-line ancestor to Krishnadevaraya-Bhrata at Karnataka and Hampi-of-the-Bronze at Vijayanagara; cross-region Sarus-pigeon correspondent with the southern-bloc federation's standing-archive at the Bhubaneswari Temple manuscript-vault under Anjali Debbarma's seal","Forty-three. Per Ch 3 plan he inherits AP's visible throne after Krishnaveni's death; pledges fealty to Krishnadevaraya-Bhrata's Karnataka Dominant seat at the Sanctuary. Per Ch 4 plan he serves as the federation's standing archive-and-lineage authority at the Kurukshetra Council. The saga's first recused-historian-cousin entry in the standing-recusal record; the rule applies to all kingdom-council standing-cell chairs across the saga's registry. The chapter's pivot-character — the historian whose archival-discipline produces his own family at 6:23 p.m. on a Monday afternoon in his grandfather's study. Kills Kalaniksha in early Ch 3 after she kills Krishnaveni."
ap-bhimavaram,Andhra Pradesh,south,2,Bhimavaram,younger-brother-river-patrol-captain,32,male,Standing River-Patrol Senior Delegate,A,Ch 2 Beat 1 (the 12:15 p.m. residence conversation),"The 32-year-old younger brother of Krishnaveni; the kingdom-council's standing river-patrol senior delegate since 2021. Follows his sister to her office at 12:15 p.m. on the chapter's opening Tuesday for the family-only direct conversation about the Prakasham bridge procession. Walks the kingdom-council's acceptance-form to Town Hall on foot the same afternoon. Chairs the morning water-distribution-and-rice-yield reviews across the 47-day preparation-period. The chapter's quietest family-figure.","Bloodline-A younger brother to Krishnaveni and Kalaniksha (same mother Lakshmi Babu's first marriage); river-patrol senior delegate since 2021; cross-kingdom river-patrol correspondent with the Goan delta-protection cell (Ferreira-de-Sangam's post-Sagaradeva mesh-network) and the West Bengal Sundarbans delta-administration","Thirty-two. Wears the kingdom-council's standing river-patrol cotton, dark blue, with the senior-delegate's silver shoulder-badge. Per Ch 3 plan he attends the Sanctuary alongside Krishnaveni and Pulakeshi-Babu as the kingdom-council's standing river-patrol senior representative. Per Ch 4 plan he is the kingdom-council's administrative-operations seat after Krishnaveni's early Ch 3 death and Pulakeshi-Babu's succession — he becomes the kingdom-council's daily-administrative chair while Pulakeshi-Babu holds the visible-throne ceremonial seat. Survives Volume I."
ap-acharya-sundaram,Andhra Pradesh,south,2,Acharya Sundaram,standing-river-sage-guru,48,male,Krishna River-Mouth Confluence-Shrine,—,Ch 2 Beat 3 (the evening dharma-counsel sessions),"The 48-year-old river-sage who succeeded Rishi Amareshwara at the Krishna river-mouth confluence-shrine after the 200-year-old hermit's 2024 final dissolution-into-the-river. Holds the standing-water-sense seat at the shrine. Was at the Kollur cliff plateau as one of the contest's formal witnesses; verified the under-armament-by-twin-choice clause with Ranganatham and Indira Krishnayya at 5:58 a.m. Provides standing dharma-counsel sessions to Krishnaveni during the 47-day preparation-period and to Pulakeshi-Babu during the autumn coastal-protection-protocol drafting. Counsels Kalaniksha at the Tirupati exile-camp during her standing exile-correspondence permitted under the kingdom-council's exile-clause.","Rishi Amareshwara's appointed successor (2024); the kingdom-council's standing river-sage authority across all post-Narakasura riverine matters; cross-region guru correspondent with Vyasa-of-the-Margins (the saga's standing Margins authority); the kingdom-council's standing-water-sense seat holder","Forty-eight. Wears plain saffron with the kingdom's standing-river-sage's blue-bordered shawl. The kingdom's standing guru. Survives Volume I. Per Ch 3 plan he attends the Sanctuary as the kingdom-council's standing guru representative; per Ch 4 plan he holds the southern-bloc federation's standing river-sage chair."
ap-indira-krishnayya,Andhra Pradesh,south,2,Indira Krishnayya,emergency-petition-cell-senior-officer,44,female,Town Hall Emergency-Petition Cell,—,Ch 2 Beat 1 (the 11:18 a.m. telephone-call to the state hero's residence),"The 44-year-old kingdom-council's emergency-petition cell senior officer at the Town Hall eastern reception-desk. Receives Kalaniksha's emergency-petition at 9:11 a.m. on the chapter's opening Tuesday; files the petition as AP-EP-2026-0847 at 9:26. Telephones Krishnaveni at the state-government compound corridor-extension at 11:18 a.m. with the petition-filing notification. Was one of the contest's three formal witnesses at the Kollur cliff plateau on day 47. Records the contest-result at the plateau and transmits via the parakeet-courier protocol to Town Hall.","Kingdom-council's standing emergency-petition cell senior officer; cross-departmental correspondent with the Authenticity Cell, the State Survey Office's coastal-monitoring cell, the State Police's exile-escort cell, and the parakeet-courier mesh-network","Forty-four. The chapter's institutional pivot between the catalyst-villain's public-claim and the kingdom-council's standing dispute-resolution mechanism. Survives Volume I. Per Ch 3 plan she serves as the kingdom-council's standing emergency-petition cell chief; per Ch 4 plan she manages the federation's cross-kingdom petition-protocol."
ap-ranganatham,Andhra Pradesh,south,2,Ranganatham,senior-delegate-chair-contest-witness,57,male,Kingdom-Council Senior Delegates,—,Ch 2 Beat 3 (the contest-protocol invocation at 5:56 a.m. day 47),"The 57-year-old kingdom-council's senior delegate-chair across the 7-district kingdom-council. The standing-protocol expert on the kingdom-council's contest-of-arms protocol (the standing dispute-resolution mechanism for two-century-dormant twin-claim disputes). Verifies Kalaniksha's under-armament-by-twin-choice clause at 5:58 a.m. on day 47 with the standing-guru Acharya Sundaram and Indira Krishnayya. Confers with the kingdom-council on the 1828 Vakulamatha contest's under-armament precedent. Grants the clause. Conducts the contest's standing protocol-administration at the plateau's centre.","Kingdom-council's senior delegate-chair since 2018; standing-protocol expert on the kingdom-charter's two-century-dormant clauses; cross-kingdom correspondent with the kingdom-council's seven district-chairs","Fifty-seven. Wears the kingdom-council's standing senior-delegate-chair cotton with the chairman's gold shoulder-cloth. Survives Volume I. Per Ch 3 plan he attends the Sanctuary as the kingdom-council's standing senior delegate-chair; per Ch 4 plan he becomes the federation's standing protocol-administration chair."
ap-naga-kumar,Andhra Pradesh,south,2,Naga-Kumar,fisherman-tide-line-witness,23,male,Hamsaladeevi Village,—,Ch 2 Epilogue (the 6:13 a.m. day 48 tide-line observation),"The 23-year-old Hamsaladeevi village headman's grandson who walks the eastern beach at 6:11 every morning. Discovers the 1-metre tide-line retreat at 6:13 a.m. on day 48. Drives the wooden surveyor's peg into the new tide-line. Reports to the village headman B. Krishna-Murthy. The kingdom's standing witness-of-record for the saga's first land-erasure Maw event.","Grandson of the Hamsaladeevi village headman B. Krishna-Murthy (67); the village's standing dawn-beach-walker since age 15; cross-village correspondent with the AP State Survey Office's coastal-monitoring cell through the village-headman's standing-coastal-reporting protocol","Twenty-three. The chapter's youngest witness-of-record. Per Ch 3 plan he is appointed the kingdom-council's standing coastal-erasure shrine-keeper at the Hamsaladeevi-village memorial; per Ch 4 plan he serves at the federation's standing coastal-witnesses cross-kingdom registry."
ap-vanished-metre,Andhra Pradesh,south,2,The Metre That Vanished at Hamsaladeevi,maw-land-erasure-sign,—,—,—,—,Ch 2 Epilogue (6:13 a.m. day 48),"First land-erasure Maw sign in the chapter. The Krishna river's mouth eastern beach at Hamsaladeevi village's tide-line has retreated landward by exactly 1 metre across the full 600-metre east-west breadth between sunset on the contest-day and sunrise the next morning. The displaced land is approximately 600 cubic metres of delta-soil. No storm; no flood; standard tide-cycle confirmed by the Hamsaladeevi observation-station's tide-gauge. Displacement confirmed across Sentinel-2, Landsat-9, Cartosat-3 satellite-imagery services. The displaced mass is not in the Bay of Bengal's nearshore sediment-cell. The mass has been erased.","The kingdom-council's autumn coastal-protection-protocol amendment is the kingdom's institutional response; the Maw-sign cross-region pair with Kerala's black coconut establishes the southern federation's standing pairing-protocol for catalogue-pattern-recognition; the Hamsaladeevi-village memorial is established at the autumn kingdom-council session under Naga-Kumar's shrine-keeper appointment","The Maw has demonstrated the capacity to erase a unit of land from the kingdom's geography. The Maw is asking: 'if you cannot kill your own twin, can you keep your own delta?' The kingdom's answer: the delta is preserved by the same mercy that did not kill the twin; the mercy is the kingdom-architecture; the architecture is the autumn coastal-protection-protocol. Fifteenth rung of the escalation pattern. The first cross-region paired Maw-sign with Kerala's black coconut. The southern federation's pairing-protocol becomes the saga's standing catalogue-pattern-recognition method."
kerala-sivakami,Kerala,south,2,Sivakami-Acharyini,first-female-108-form-grandmaster,29,female,108-Form Tradition → Grandmaster Seat,—,Ch 2 Beat 2 (Achyutan's body retrieval at the Sea-Front Kalari),"The 29-year-old senior 108-form deputy who becomes the kingdom's first female 108-form grandmaster. Parashurama's elder brother's daughter. At the kalari since age 6. Trained at the level of the senior daily-teaching cadre since age 22. Retrieves Achyutan's body from the Sea-Front Kalari at 11 a.m. on the day of death. Drafts the kingdom-council's emergency amended Kerala-Kalari Charter jointly with Parashurama across 3 days. Conferred the formal grandmaster-title at the kalari's evening ceremony day 23 (the kingdom's first female 108-form grandmaster ceremony in recorded history). Provides Kannada-Malayalam translation for Krishnadevaraya-Bhrata during the entire 31-day teaching. Acting kingdom-council deputy across the transmission-period.","Daughter of Parashurama's elder brother (Bloodline-D senior kalari-line); Karnataka-Malayalam bilingual through undergraduate-degree second-language training; cross-kingdom Sarus-pigeon correspondent with Hampi-of-the-Bronze (Karnataka, 10) as the southern-bloc's cross-kingdom student-side-mentor pair; cross-school institutional correspondent with Kala-Hasta Menon's Sea-Front Kalari","Twenty-nine. Wears the standard kalari-instructor cotton, dark blue, with the grandmaster's red-bordered sash from day 23 onward. The chapter's institutional pivot — the new daily-teaching seat-holder who frees Parashurama to perform the 31-day transmission. Her grandmaster-aspirant journal entry on day 23 ('Uncle is paying the years. The bond is bargaining with time. The bond is winning the bargain.') is preserved in the kalari-tradition's standing-archive box. Per Ch 3 plan she attends the Sanctuary as Kerala's grandmaster representative; per Ch 4 plan she is the southern-bloc's standing kalari-tradition voice. Survives Volume I."
kerala-achyutan,Kerala,south,2,Achyutan-the-Nephew (deceased),catalyst-death-defected,37,male,108-Form → Sea-Front Kalari Defector (deceased week 3),A,Ch 2 Beat 1 (the northern-gate departure),"The 37-year-old senior daily-teaching deputy who defected to the Sea-Front Kalari and died practising the 109th form. Parashurama's elder sister Lakshmi-Akka's son. Bloodline-A by his mother's line — the same Bloodline-A branch that supplied Hampi-of-the-Bronze, Krishnaveni of AP, and (through long-shared maternal-line ancestor) Krishnadevaraya-Bhrata of Karnataka. At the kalari since age 12. Mastered all 108 forms by 33 (second-fastest in the kalari's recorded history). Defected Friday of week 2 with mother's written consent. Compressed the 24-week phasing into 3 weeks of private practice. Died at 5:58 a.m. Sunday of week 3 at the public class's seventh-transition demonstration; cause of death: basilar artery vascular rupture during the central rotation (phasing-violation cited).","Son of Lakshmi-Akka (63, Parashurama's elder sister); first cousin to Sivakami-Acharyini (through their fathers — Lakshmi-Akka and Parashurama's elder brother were siblings); related to Hampi-of-the-Bronze through the Bloodline-A maternal-line ancestor 4 generations back; the kalari's death-certificate records the basilar-artery rupture with the specific phasing-violation","Thirty-seven. The chapter's pivot-death. The kalari's death-certificate filed by his mother at the Idukki District Civil Registry the afternoon of the death. Cremation at the kalari's western grove at sunset same day. Mother lights the fire at 7:02 p.m. Per the amended Kerala-Kalari Charter Page Six, his name is read aloud at the Sea-Front Kalari's day-zero phasing-discipline session at every new cohort opening for as long as the school operates. The reading is the kingdom's permanent witness-record."
kerala-lakshmi-akka,Kerala,south,2,Lakshmi-Akka,mother-of-the-deceased,63,female,The Idukki Family Home,A,Ch 2 Beat 1 (the consent-signature) — active through Beat 2 (the cremation),"The 63-year-old elder sister of Parashurama and mother of the deceased Achyutan. Bloodline-A by descent. Widowed since 2014. Signed the Sea-Front Kalari's family-acknowledgement-clause consent-form on the morning of Achyutan's defection. Said to her son the night before: 'If you do not learn the form, you will be a man who refused his own ceiling. If you do learn it and live, you will be the kalari's next generation. If you do learn it and die, you will be your mother's son who chose. I am the mother in either case. The choice is yours.' Lit the cremation fire at 7:02 p.m. on the day of Achyutan's death. Sat beside Parashurama at the eastern edge of the grove for 3 hours 20 minutes in silence. Walked back to Idukki with the cremation-urn the same evening.","Elder sister of Parashurama VII (the seventh axe-bearer); aunt of Sivakami-Acharyini; mother of the deceased Achyutan; Bloodline-A by descent — the same maternal-line that connects to Hampi-of-the-Bronze, Krishnaveni, and (through long-shared maternal-ancestor) Krishnadevaraya-Bhrata; will not return to the kalari for 10 more years","Sixty-three. Wears the white widow-cotton with the kalari-tradition's small black-bordered shawl across her shoulders. Said at 10:58 p.m. as her son's ashes were sealed: 'Brother. The kingdom-council's amended charter. The bird-letter you sent to Karnataka in March. Both. Sign them. Tonight.' The autumn bird-letter she sends to Parashurama after her son's death (the only piece of correspondence she sends him across the next decade): 'Brother. The day-zero session was conducted at the Sea-Front Kalari this morning at five-thirty. Sri Kala-Hasta read my son's name aloud at the opening. I was present at the amphitheatre's western entrance. I did not speak to him. The reading was honest. The cremation-urn is at my eastern wall. Sign. Take care. — L.' The autumn letter is filed in the kalari-tradition's standing-archive box."
kerala-indira-pillai,Kerala,south,2,Indira Pillai,registry-chief,42,female,Religious-and-Cultural-Practice Registry,—,Ch 2 Beat 1 (the 6 a.m. telephone call),"The 42-year-old religious-and-cultural-practice registry officer-on-duty at the chapter's opening telephone call. Confirmed to Parashurama at 6 a.m. on the chapter's opening Tuesday that the Sea-Front Kalari's registration had been filed 23 March under the standard kalari-charter and that the registry's 30-day silence had approved the registration on 22 April. Subsequently elevated to registry chief at the day-31 emergency session. Counter-signed the amended Kerala-Kalari Charter as the kingdom's institutional witness.","Kerala State Civil Service registry-line; cross-departmental administrative correspondent with the kingdom-council's chief-secretary's office; the registry's standing kalari-charter-amendment-protocol drafted under her elevation","Forty-two. The chapter's institutional bridge between the original kalari-charter's silence-defaulting protocol and the new amended charter's active-review requirement. Survives Volume I as the kingdom's standing kalari-charter-administrator."
kerala-govindan-mama,Kerala,south,2,Govindan-Mama,gate-keeper,68,male,Kalari Northern Gate,—,Ch 2 Beat 1 (the dawn-paper delivery) — active through Beat 3 (Krishnadevaraya-Bhrata's arrival),"The 68-year-old senior gate-keeper of the kalari's northern gate for 23 years. The Idukki-born senior kalari-staff member who delivers the Malayala Manorama to Parashurama at the northern-gate-post each dawn. Welcomes Krishnadevaraya-Bhrata at the gate on 17 April at 3:47 p.m. with the standard kalari-courtesy welcome.","Idukki family-line; his father had delivered the Manorama to Parashurama's guru; his grandfather had delivered it to his guru's guru — the kalari's standing 4-generation institutional courier-line","Sixty-eight. The chapter's quietest institutional figure. Bows to Krishnadevaraya-Bhrata in the standard Kerala greeting; bows again when the Karnataka cousin leaves on day 31 with the form in his spine. Survives Volume I."
kerala-krishnan-nair,Kerala,south,2,Krishnan-Nair,grove-keeper-coconut-shrine,58,male,Kalari Western Grove,—,Ch 2 Epilogue (6 a.m. day 32 black coconut discovery),"The 58-year-old senior groundsman and grove-keeper of the kalari's western grove for 24 years. Discovers the matte-black coconut at 6 a.m. on day 32 (the morning after the unsealed-chamber re-sealing). Cordons the offering-platform with a small saffron-and-white twine perimeter on Parashurama's instruction. Becomes the kingdom's standing coconut-shrine-keeper at the western grove under the kingdom-council's appointment on day 35.","Idukki-born grove-keeper; can identify each of the 23 coconut palms in the grove by trunk-shape and crown-fan-orientation; cross-kingdom Forest-and-Wildlife-Department correspondent with Sunita Reang (Tripura, pigeon-shrine-keeper) and Vanlalruati (Mizoram, two-headed-serow witness) and Tashi-Bhutia (Sikkim, panda-at-altitude shrine-keeper)","Fifty-eight. Wears the standard kalari-grounds-staff cotton, undyed, with the grove-keeper's saffron sash from day 35 onward. The chapter's institutional witness to the Maw's material-permanence experiment. Refreshes the saffron-and-white twine perimeter at every dawn for the 8-month observation period. Survives Volume I."
kerala-black-coconut,Kerala,south,2,The Black Coconut at the Western Grove,maw-material-permanence-sign,—,—,—,—,Ch 2 Epilogue (6 a.m. day 32),"First material-permanence Maw sign in the chapter. A single coconut on the 7th coconut palm from the northern boundary of the kalari's western grove turns matte black overnight after the day-31 re-sealing of the 109th-form chamber. The blackness is uniform; the husk is not charred but matte-black; the flesh inside is also black but firm and faintly sweet; the water is clear. Across 8 months the coconut does not rot.","The mother coconut palm is approximately 47 years old, part of the kalari's original grove planted 1979 after the previous grove's monsoon-storm destruction; the coconut sits on a small stone offering-platform at the grove's centre, cordoned with a saffron-and-white twine perimeter refreshed daily by Krishnan-Nair","Preserved at the grove's offering-platform for the 8-month observation period. The kingdom-council's wildlife-rehabilitation and agricultural-research cells run weekly mass-and-temperature measurements, monthly micro-organism cultures, and quarterly fibre-strength tests. The coconut remains stable across the 8 months. Will be jointly named by Parashurama and Krishnadevaraya-Bhrata at the autumn when the observation completes. The cross-kingdom naming convention becomes the southern federation's standing Maw-naming protocol. The saga's first material-permanence Maw event; the inverse of Tripura's brooding-pigeon stuck-behaviour; the two signs are paired across the South-and-Northeast boundary."
tripura-triputra,Tripura,northeast,2,Triputra,new-throne-holder-engineer-poet,19,male,The Kingdom's Hope (Not Its Hero),—,Ch 2 Beat 3 (the 9-day rescue coordination),"The 19-year-old ward who inherits the throne after Tripurari's abdication. Tripurari's formal ward since age 11 (after the 2018 Agartala drainage-system fire killed both his parents; the same fire Tripurari personally led the rescue operation for). Trained as engineer-apprentice and as classical-Bengali-Tripuri poet in parallel from age 12 — the dual training was Tripurari's explicit decision. Was at the Ujjayanta Palace southern-edge bridge-engineering workshop when the collapse began; workshop survived. Coordinated the 9-day rescue operation; pulled Tripurari out at 4:11 p.m. on day 9; personally retrieved the 18th Phayre's Langur body from the pocket-space at 4:30 p.m.; counted the 17 langur-clan bodies at the western-Mahua-grove garden-wall rubble at 6 p.m. the same evening. Inherited the throne at noon on day 23. Wrote the first poem of his reign at midnight on day 45 — the opening line ('The bridge falls; the bridge is rebuilt; the bridge between us is the rebuilding.') became the kingdom's permanent state-motto-after-the-collapse, ratified by kingdom-council 22-2 on day 47.","Foster-son of Tripurari (legally adopted in 2018); cross-kingdom Sarus-pigeon correspondent with the Margin-hermitage (full-moon-and-new-moon-pair correspondence with Tripurari, archived under Anjali Debbarma's seal at the Bhubaneswari Temple); cross-kingdom federation correspondent with Bilash-Babu (West Bengal, Agartala compact), Kamalavarna (Assam, Udaipur compact), Hmangaihi-and-Lalruatpuia (Mizoram, Dharmanagar compact); will attend the Sanctuary in Ch 3 as Tripura's formal representative","Nineteen. Wears the new ceremonial cotton white-with-senior-chair-sash. The saga's first HOPE-NOT-HERO throne-holder. Per Ch 3 plan he is the federation's smallest-and-most-fragile-kingdom voice at the Sanctuary. Per Ch 4 plan he attends the Kurukshetra Council carrying engineering-and-poetry rather than bond-authority. The dual training Tripurari gave him (engineering + poetry) is the kingdom's institutional discovery: engineering cannot substitute for politics; engineering must be paired with poetry; the kingdom's permanent state-motto-after-the-collapse encodes this discovery. Survives Volume I. The Phayre's Langur line cannot be re-bonded in Volume I; Triputra's reign rebuilds institutionally, not bond-wise."
tripura-vyasa-margins,Tripura,northeast,2,Vyasa-of-the-Margins,guru-second-ch2-appearance,~60,male,The Margins,—,Ch 2 Interval (the 3 a.m. day-21 field-hospital arrival),"The saga's standing guru-figure for broken-bond heroes. Per D8 he appears in Chapter Two only twice: at the Karnataka pilot (Krishnadevaraya-Bhrata's defection from Bhoomi-Takshaka's court) and here at Tripura (Tripurari's broken-bond apprenticeship). Arrives at the Tripura field-hospital at 3 a.m. on day 21 unannounced (passes 3 security checkpoints without being stopped; sentries later report not having understood why they did not stop him until after he was already past). Offers Tripurari apprenticeship in the Margin-hermitage's broken-bond-integration discipline. The walking is the destination — 19 days west to the hermitage. The Margins do not participate in federation-level political bodies; the Margins do not use money; the Margins do not write down what does not need to be remembered.","Cross-kingdom counsel through Sarus-pigeon correspondence with broken-bond heroes at the hermitage; will reappear at Ch 3 Sanctuary twice as Margin-counsel only (not voting; not federation-member); will reappear at Ch 4 Kurukshetra Council formally as Margin-guru registrar","Approximately 60 (age estimates vary; the Margin-walker is not aged by ordinary metrics). The standard dress: plain undyed cotton knee-length tied with a cord at the waist; barefoot; wooden walking-stave 1.5 m long polished by many hands; long white hair tied in a single braid at the back. The Margins are the saga's standing institution for broken-bond heroes; the broken-bond registry opens with Tripurari as the first entry; the Margins will maintain the registry across Volumes 2 and 3. The Margins' correspondence with the kingdoms is at every full-moon-and-new-moon pair by Sarus-pigeon."
tripura-tri-yantra-bheda,Tripura,northeast,2,Tri-Yantra-Bheda,rakshasa-engineer-saboteur,42,male,Tripura-Asura's Operations-Cell Senior Strategist,—,Ch 2 Beat 1 (the sabotage-proposal),"The rakshasa-engineer who designed the triple sabotage. Forged civil-engineering-vulnerability doctorate from a forged Singapore university; one of 14 forged senior-technical-credentials the wider villain-network has produced for cross-kingdom-coordinated saboteurs. Studied Tripurari's published engineering papers since 2018. Drafted the 6-page sabotage-proposal that exploited Tripurari's self-repair-architecture by injecting reverse-stress through the kingdom's own pressure-monitoring sensor-network. Survives Ch 2 in the flying-fortress operations-cell.","Senior strategist under Tripura-Asura's direct command; coordinated with Adharma-Kendra's NE field-operatives network through the Singapore funding line; coordinated WITHOUT KNOWLEDGE with Apurba Saha (Border-Trade Consortium intermediary who provided the technical information at the June water-rights committee meeting noon-break)","Forty-two. Wears engineering-consultancy cotton; speaks Bengali fluently with the precise technical-vocabulary that a forged-doctorate consultant would use; passes for an ordinary cross-border engineering-consultant in any south-Asian city. The forged-credential profile is the saga's first documented technical-saboteur with a forged senior-academic credential; the saga's wider villain-network registry will identify 13 similar profiles across the next three chapters."
tripura-apurba-saha,Tripura,northeast,2,Apurba Saha,border-trade-chair-suspended,48,male,Dharmanagar Border-Trade Consortium → Suspended,—,Ch 2 Beat 1 (the water-rights committee noon-break phone call),"The Border-Trade Consortium chair whose noon-break phone call to a Bangladesh-side intermediary at the June water-rights committee meeting provided the technical information that enabled the triple sabotage. Did not know the intermediary's information was routed to Tripura-Asura's operations-cell. Formally suspended by the kingdom-council pending the consortium's ongoing investigation. Attends the day-23 abdication ceremony as observer-only with his suspension noted in the council record.","Cross-Bangladesh consortium chair; second-elected chair in the consortium's history; the Bangladesh-side intermediary's identity is unknown to the consortium's internal investigation as of chapter end; the kingdom-council's standing belief is that Apurba's disclosure was naive (motivated by consortium-economic concern, not by malicious intent toward the kingdom)","Forty-eight. The chapter's most-tragic human-error figure — his information-disclosure enabled the sabotage; he did not know; he is institutionally suspended but not personally guilty in the criminal sense. The kingdom-council's emergency-response cell's standing recommendation: institutional reform of consortium-confidentiality protocols (no kingdom-internal technical-vulnerability information to be shared with cross-border counterparties without prior kingdom-council clearance). The recommendation is ratified at the day-47 council session. Per Ch 3 plan Apurba returns to active consortium duties after a 2-year suspension; per Ch 4 plan he serves as the consortium's standing institutional-confidentiality-protocol advisor."
tripura-subimal-roy,Tripura,northeast,2,Subimal Roy,institute-senior-deputy-chair,57,male,Bharat-Yantra Engineering Institute → Emergency-Response Cell Deputy,—,Ch 2 Beat 1 (the water-rights committee meeting),"The Bharat-Yantra engineering institute's senior engineering-research-cell chair. Supervised Tripurari's graduate thesis 2009-2011. Filed the institute's standing concern ('The king solves equations the kingdom no longer recognises.') in the confidential-correspondence drawer 18 months before the chapter. Survived the central-Agartala collapse (was on the 2nd floor; moved from the 3rd-floor review-session 10 minutes before the collapse). Becomes deputy chair of the kingdom-council's emergency-response cell on Tripurari's explicit appointment from the field-hospital bedside day 9. Cast one of the 3 dissenting votes against the abdication. Placed the ceremonial sash on Triputra's shoulders himself at the day-23 swearing-in.","Twenty-three years at the Bharat-Yantra institute; Tripurari's graduate-thesis supervisor; the institute's senior leadership had been circulating the standing concern for 18 months without raising it with Tripurari directly; cross-kingdom engineering-consultant correspondent with Bilash-Babu's West Bengal structural-engineering compact in the rebuilding decade","Fifty-seven. The chapter's institutional bridge between the old engineering tradition and the new. Survives Volume I as Triputra's senior engineering counsel. The institute's engineering-tradition has changed hands; the institute itself remains intact."
tripura-anjali-debbarma,Tripura,northeast,2,Anjali Debbarma,heritage-trust-chair-archive-seal,51,female,Bhubaneswari Temple Heritage-Trust,—,Ch 2 Beat 1 (the water-rights committee meeting),"The Bhubaneswari Temple Heritage-Trust chair. Three generations of her family at the temple. Wrote the line 'The young king solves the equation. The young king does not see the temple.' in her notebook at the noon-break; did not show the notebook to anyone until day 40 when she submitted it as part of the kingdom-council's post-collapse review-documentation. Survived the Udaipur central-market collapse (the temple's inner-courtyard wall held; the outer-courtyard wall fell). Coordinates the cross-Kamakhya-Bhubaneswari religious-administration compact. Holds the seal for the kingdom's permanent state-archive at the Bhubaneswari Temple manuscript-vault — the standing-archive for all Margin-throne correspondence after the abdication.","Cross-kingdom temple-administration correspondent with Kamalavarna's Kamakhya office (the Kamakhya-Bhubaneswari joint-rite during the Udaipur rebuilding decade); standing archive-seal-holder for the Margin-throne correspondence (Tripurari's full-moon-and-new-moon-pair letters from the Margin-hermitage)","Fifty-one. The chapter's standing institutional voice for the temple-tradition. Cast one of the 3 dissenting votes against the abdication (she argued the temple-tradition required a senior-bonded ruler; affirmed her loyalty to the new arrangement). Survives Volume I as Triputra's senior temple-tradition counsel."
tripura-sunita-reang,Tripura,northeast,2,Sunita Reang,wildlife-officer-pigeon-shrine-keeper,46,female,Agartala District Wildlife Office,—,Ch 2 Epilogue (the pigeon-and-stone-egg observation),"The senior wildlife-rehabilitation officer who observed the pigeon-and-stone-egg sign at the Ujjayanta Palace western Mahua-tree. Observed the laying at 5:18 a.m. on day 25 from the 6-metre hide. Did not interfere through the 14-day continuous incubation behaviour. Collected the dead pigeon on day 39 in the incubation-posture; preserved it alongside the stone egg in the zoological-museum sub-collection. Becomes the kingdom's standing pigeon-shrine-keeper at the Mahua tree under the kingdom-council's day-43 appointment. Refreshes the small memorial-stone's saffron-cord-and-feather at every dawn.","Cross-kingdom Forest-Department correspondent with Vanlalruati (Mizoram, two-headed-serow witness) and the Kanha forest-guards (MP motionless-herd shrine-keepers) and Tashi-Bhutia (Sikkim panda-at-altitude shrine-keeper); part of the saga's standing Forest-Department-as-Shrine-Keeper network","Forty-six. The chapter's institutional witness to the Maw's stuck-behaviour experiment. Filed the daily incident-reports with the kingdom-council's emergency-response cell. Survives Volume I."
tripura-stone-egg-pigeon,Tripura,northeast,2,TR-IMP-1141 + The Serpentinite Ovoid,maw-stuck-behaviour-sign,—,—,—,—,Ch 2 Epilogue (5:18 a.m. day 25),"First stuck-behaviour Maw sign in the chapter. Green Imperial Pigeon (mature female, banded 2022) lays a serpentinite stone egg (287 g; 13x the standard egg-mass) at the Ujjayanta Palace western Mahua-tree. The nest collapses under the weight. The mother pigeon returns to the empty branch and performs the incubation behaviour on the absent nest for 14 consecutive days. She does not eat or drink. Dies in the incubation-posture on day 39 at 5:47 a.m.","Mate (TR-IMP-1142) presumed dead in the eastern collapse-zone, last sighted day 3 of recovery operations; the bird's body and the stone egg are preserved together in the zoological-museum sub-collection at the Agartala District Wildlife Office","The Maw has demonstrated the capacity to make a creature perform an action whose object has been removed — the saga's first stuck-behaviour experiment. Thirteenth rung of the escalation pattern. Krishnadevaraya-Bhrata's cross-region reply catalogues the three positions: presence-without-action (Karnataka's Bronze-Dust Child), future-naming (Mizoram's two-headed serow), stuck-behaviour (Tripura's brooding pigeon). The Maw is mapping the saga's response-space."
mizoram-lalruatpuia,Mizoram,northeast,2,Lalruatpuia,non-bonded-political-inheritor-refusing-youth-author,22,male,The Refusing Youth → New Political Seat,—,Ch 2 Beat 1 (the Aizawl Synod hall Manifesto address),"The 22-year-old Manifesto author who inherits the kingdom's political seat after his father's death. Drafted the spring 2025 first-draft Refusing Youth Manifesto. Led the December 2025 Aizawl Synod hall sit-in (11 days; hardened the senior tribal-elders' position by 20%). Reconciled with his father across a single kitchen-conversation on the Sunday evening before the Tuesday entry. Co-drafted the reformed three-clause Manifesto with his cousin Hmangaihi across two days at the aunt's kitchen table after the funeral; cast the joint-signature at the kingdom-council's emergency ratification session (vote 18-6).","Son of Tlangvala (deceased) and the late wife who died in the Mautam bamboo-famine; first cousin to Hmangaihi (by their mothers — his mother and her mother were sisters); nephew of Lalrinpuii of the Synod by marriage (Lalrinpuii is Lalruatpuia's mother's cousin-in-law); cross-kingdom Sarus-pigeon correspondent with Lalruatpuia-style political-seat inheritors at U-Khrawkmen (Meghalaya, 28) and Pema-Chöden (Sikkim, 16) — both non-bonded inheritors paired with female bond-bearers","Twenty-two. Wears plain Mizo wool blue-and-grey without clan-pattern (the Manifesto-style; deliberately dressed without his father's family-mark at the August address and at the funeral procession). Inherits the bamboo staff-spear Hnam-Tuk at the funeral procession by Ramdinmawia's spoken declaration. Carries the spear into the kingdom-council's Friday ratification session. By Ch 3 he attends the Sanctuary as Mizoram's joint political voice with Hmangaihi. By Ch 4 he is a senior council voice in the NE Dominant federation under Moirangthem of Manipur. Survives Volume I. The 22-year-old non-bonded male political-inheritor pattern mirrors U-Khrawkmen's 28-year-old non-bonded inheritance at Meghalaya, with one key difference: U-Khrawkmen's authority was Meghanadi's explicit-wish; Lalruatpuia's authority is the kingdom-council's emergency vote following his father's death."
mizoram-hmangaihi,Mizoram,northeast,2,Hmangaihi,bond-bearer-niece,17,female,Bond-Bearer Seat (Stage I serow-hoofprint),D,Ch 2 Interval (the western trailhead on the entry-morning),"The 17-year-old niece who inherits the serow-bond. Tlangvala's eldest sister's daughter (mother died in 2018 landslide; raised at Tlangvala's household from age 9). Stayed at Tlangvala's household during the December 2025 sit-in's family-fracture. Was at the western trailhead with Lalruatpuia from 4 a.m. on the entry-morning; watched the mark form through her late father's Forest Department binoculars. Received the serow-bond at 7:53 a.m. when the wild serow walked down from Phawngpui's southern ridge and stopped at her right side. Stage I hoofprint formed on her right shoulder across 48 hours. The two-headed serow kid spoke her name at 23 hours' age, 4 minutes before its death. Drafts the cross-kingdom Sarus-pigeon cascade-alert on the death-day; alert reaches all 9 bonded-kingdom senior guardians by sunset.","First cousin to Lalruatpuia (by their mothers — sisters); orphaned of mother (2018 landslide) and father (deputy district forest officer, deceased 2020 from undiagnosed pancreatic cancer); raised at Tlangvala's household; will be the saga's youngest formal bond-bearer at her Stage I formation (17); cross-kingdom Sarus-pigeon correspondent with Ka-Sienlyngdoh (Meghalaya, 12, future bond-bearer once her threshold is reached) and Sangaputra (Manipur, 8, pause-discoverer); inherits her late father's Forest Department binoculars as her primary work-implement","Seventeen. Wears plain Mizo wool with the senior tribal-council's neutral grey shawl. Per Ch 3 plan she attends the Sanctuary as Mizoram's bond-bearer alongside Lalruatpuia and Lalrinpuii. The 17-year-old female bond-bearer pattern parallels Pema-Chöden (Sikkim, 16, refugee co-administrator) and Ka-Sienlyngdoh (Meghalaya, 12, future bond-bearer) but Hmangaihi's bond has already settled (vs Sikkim's institutional-only authority and Meghalaya's dormant clouded-leopard). Survives Volume I. By Ch 4 she is a senior council voice in the NE Dominant federation."
mizoram-parvata-asura-locked-629,Mizoram,northeast,2,The Locked Generation (629 youth),catalyst-survivors,—,mixed (15-22),—,—,Ch 2 Beat 2 (the new-moon week of week 4 locking),"The 629 Mizos aged 15-22 from all 13 kingdom-villages who accepted Parvata-Asura's 'refuge from the inheritance' offer. Locked inside Phawngpui Mountain at the new-moon week of week 4. Released through the southern fissure at 6:35 a.m. on day 3 of week 11 across 11 minutes. None die inside. 47 are dehydrated and 3 are mildly hypothermic; none requires hospitalisation. The kingdom's permanent witness-record of the chapter.","Drawn from all 13 villages — 47 from Aizawl, 83 Lunglei, 51 Champhai, 38 Saiha, 29 Mamit, 44 Kolasib, 68 Lawngtlai, 77 Serchhip plus 192 from sub-village clusters and the Bangalore-Delhi-Chennai-Singapore diaspora; lead-walker through the southern fissure was Lalpianhlira, an 18-year-old Saiha refugee who recovers the Hnam-Tuk from the exit-path and returns it to Ramdinmawia at the western trailhead by 10 a.m. that morning","Survived 7 weeks inside the mountain with rations provided by Parvata-Asura. The kingdom's care for the 629 across the next 12 months is logged in the public Sacrifice-Acceptance Registry's auxiliary section — they are the saga's first documented survivors-of-asura-confinement; the kingdom's standard psychological-recovery programme (developed jointly by the Synod and the Mizoram State Civil Service) becomes the template for the saga's wider villain-network kidnap-survivors recovery procedures across Volumes Two-Three."
mizoram-ramdinmawia,Mizoram,northeast,2,Ramdinmawia,retired-senior-chair,81,male,Tribal-Council Senior Chair → Retired,—,Ch 2 Beat 1 (the Youth Council elder-side commentary) — active through Beat 3,"The 81-year-old kingdom-council senior chair whose last act was the joint-signature ratification. Senior chair since 1996. Moved the unprecedented 15-7 vote to formally request Tlangvala not return. Voted in favour of the reformed Manifesto's ratification (18-6). Resigned the chair immediately after the vote. Passed the senior-chair's ceremonial bamboo gavel to Lalrinpuii at 6:28 p.m. on the ratification Friday.","Senior tribal-council chair 1996-2026; attended every biennium of the Youth Council since 1971; mentor to Ramdinmawia-the-younger (his grandson, who becomes the Aizawl District Tribal Council Chair in Ch 3)","Eighty-one. Becomes the kingdom's standing elder-advisor through Ch 3 and Ch 4 without formal council seat. Survives Volume I in private retirement at his Aizawl home, attended by his three children and seven grandchildren. His sixty-three-year-old elder-side commentary to Lalrinpuii at the August Youth Council ('The boy is right. He is also wrong. He is right that the creed is being misused. He is wrong about the kingdom's readiness to administer it.') is preserved in the Synod's oral-tradition archive as the chapter's most-quoted elder statement."
mizoram-lalrinpuii,Mizoram,northeast,2,Lalrinpuii,new-senior-chair,66,female,Synod Moderator → Senior Chair,—,Ch 2 Beat 1 (the elder-side Youth Council commentary),"The 66-year-old Aizawl Presbyterian Synod senior moderator who drafted the sacrifice-geography (kingdom watches from west, asura takes the east, bond walks down between the two). Ratified by kingdom-council unanimous vote the night before the Tuesday entry. Succeeds Ramdinmawia as the kingdom-council's senior chair at 6:28 p.m. on the ratification Friday. The first Synod-moderator to hold the senior-chair position in the kingdom's post-1972 history.","Senior moderator of the Aizawl Presbyterian Synod since 2015; cross-Synod correspondent with the Mizo Presbyterian diaspora networks in Singapore and Bangalore; will attend the Sanctuary in Ch 3 as the kingdom's administrative voice alongside Hmangaihi and Lalruatpuia","Sixty-six. The chapter's most institutionally significant succession — the kingdom-council's senior chair is drawn from the Synod for the first time since 1972. Her elevation is the kingdom's evidence that the new administration of the creed will draw from both the tribal-council and the Synod institutional traditions. Survives Volume I."
mizoram-vanlalruati,Mizoram,northeast,2,Vanlalruati,shrine-keeper-two-headed-serow-witness,41,female,Mizoram Forest Department Senior Ranger,—,Ch 2 Epilogue (the two-headed serow birth observation),"Senior shrine-keeper for the Phawngpui Mountain Sanctuary. Observed the two-headed serow kid's birth and 23-hour lifespan from the six-metre observation distance. Recorded the speech-event on her body-camera audio at 1:58 a.m. on the death-day. Subsequently appointed by kingdom-council vote as the shrine-keeper for both the eastern-face mark's bier-base (refreshes the bend with a small saffron cord each morning) and the two-headed serow's zoological-museum sub-collection (authorised to display the preserved body to family-members of the locked-six-hundred-and-twenty-nine on request).","Senior ranger Mizoram Forest Department since 2008; cross-kingdom Forest-Department correspondent with Tashi-Bhutia (Sikkim, Khangchendzonga panda-at-altitude shrine-keeper) and the Kanha forest-guards (the MP motionless-herd shrine-keepers); part of the saga's standing Forest-Department-as-Shrine-Keeper network established across Chapter Two","Forty-one. The chapter's institutional bridge between the bond-mark (on the mountain) and the Maw-experiment (the speech-event). Her body-camera audio recording is the saga's first authenticated audio-record of a Maw future-naming event. Subsequent audio analysis (run by the Mizoram State Civil Service's forensic-audio sub-unit) confirms the two heads' voices were sharply distinct and the sub-fifty-millisecond synchrony was consistent with two distinct vocal-tracts speaking in coordinated production. Survives Volume I."
mizoram-two-headed-serow,Mizoram,northeast,2,The Two-Headed Serow Kid,maw-future-naming-sign,—,—,—,—,Ch 2 Epilogue (3:02 a.m. on day 4 after Tlangvala's death),"First future-naming Maw sign in the chapter. A two-headed kid born to a wild serow doe at the Phawngpui southern meadow. Lives 23 hours. At 1:58 a.m. on the death-day both heads speak together in plain Mizo a single word — Hmangaihi's name — 4 minutes before death.","The mother stays at the village outskirts for 3 days after the kid's death; villagers leave food and water; she does not eat or drink; on day 4 she walks back up to the meadow and is not seen again","Preserved in formaldehyde at the Aizawl District Forest Department's zoological-museum sub-collection in the configuration in which it died. Not on public display. Logged as 'Two-headed serow kid, Phawngpui southern slope, post-natal death at 23 hours, observed speech at 23 hours minus 4 minutes, single word, Hmangaihi.' The saga's first authenticated future-naming event — the Maw has demonstrated the capacity to name the next bond-bearer aloud through a creature that should not have existed and should not have spoken. Twelfth rung of the escalation pattern."
arunachal-tani-veil,Arunachal Pradesh,northeast,2,Tani-of-the-Veil,translator-cross-faction-defector,29,female,The Veil (Faction Three) → Temple Translator,—,Ch 2 Interval (the morning after Baba Parashar's cremation),"First cross-faction-defector co-administrator in Arunachal Pradesh's history. The Galo-tribe medic who pulled 7 wounded soldiers off the Tawang river-stone in 2022 before losing the sight in her right eye to flying granite. Was with the night-cult 13 months as Asta-Asura's primary interpreter; fluent in all 4 cult working languages (Apatani-Adi-Galo, cave-Tibetan, Hindi, English). Named by Baba Parashar at the Tawang valley pass moments before his death (the cloud-speaker heard her name in the cloud-bank's morning report before she heard it herself). Drafted the 7-page Order of the Dawn-Shadow Temple registration document in a single 30-hour session. Lifted her veil ONCE at the consecration for 15 seconds — the kingdom's permanent television-and-radio record of the wound the Temple is the answer to.","Galo-tribe by birth (Aalo district); served Indian Army's Arunachal Scouts as battlefield medic 2018-2022; war-disability discharge 2023; cult-defector 2026; Temple translator from week 4 onward; cross-kingdom Sarus-pigeon correspondent with Pema-Chöden at Sikkim (parallel co-administrator pattern — both 16-29 year old women holding institutional office in kingdoms whose senior virtue has been amended/curved this chapter) and Mhabemo at Kohima","Twenty-nine. Wears the night-cult's plain dark-grey homespun under the kingdom-translator's neutral wool over-coat from week 4 onward. The silver-clipped black wool veil at her right temple is retained as her permanent personal mark. Per Ch 3 plan she attends the Sanctuary as Udayagiri's co-translator — the Sanctuary's first medic-trained attendee and first cross-faction-defector co-administrator. Trains two successor-translators (one from each faction) during the 11-week build-out. By Ch 4 she is a senior council voice in the NE Dominant federation under Moirangthem of Manipur. Survives Volume I."
arunachal-baba-parashar,Arunachal Pradesh,northeast,2,Baba Parashar (deceased),karna-shadow-elder,68,male,The Cloud-Line (deceased week 3),—,Ch 2 Beat 2 (the cloud-line consultation; the Tawang valley pass killing),"The Karna-shadow loss that consecrated the first Dawn-Shadow Temple. Udayagiri's mentor since age 12. Lived above the cloud-line at 4,200m on the Sela ridge's northern face for 41 years. Spoke to clouds. Read the chapter's situation through the northwest cloud-bank's curve and articulated the Dawn-Shadow Temple architecture as the kingdom's required answer. Descended below the cloud-line for the first time since 1985 to announce the Temple at the Tawang valley pass. Killed at 3:27:39 p.m. on day 3 of week 3 by an arrow (from the dawn-tribe's 23-year-old third-rank archer) and a bullet (from the night-cult's 31-year-old second-rank rifleman), fired without coordination. Predicted his own death the night before.","Last continuous cloud-line resident in the kingdom's recorded history (the discipline ends with him; he has no successor); mentored Udayagiri 19 years; cremated above the cloud-line at first light the day after his killing by Udayagiri and Asta-Asura together (the first joint act across the faction-line); ashes divided equally — half scattered above the cloud-line, half interred at the Tawang Temple's cornerstone","Sixty-eight. Faded saffron robes, wool socks, no shoes. The saga's first ARCHITECT-MENTOR'S FORTY-ONE-YEAR WARNING — the senior figure who descends from a kingdom's longest-running discipline once to articulate a kingdom-restructuring decision, knowing the descent costs his life. Saga-rule established here: the architect-mentor does not have a successor in their discipline; the discipline ends with them. The Tawang Temple's cornerstone is his body's interred half-ashes. The morning-greeting at all three Dawn-Shadow Temples (Tawang, Roing, Lower Subansiri) reads his name as the third invocation after the dawn-greeting and the Herald-naming (Sahodara-Aapun)."
arunachal-tashi-norbu,Arunachal Pradesh,northeast,2,Tashi-Norbu,galwan-veteran-listener,51,male,Night-Cult → Tawang Temple Listening-Floor Caretaker,—,Ch 2 Beat 1 (the listening-floor scene with Asta-Asura),"The 2020 Galwan veteran missing his left arm below the elbow from the river-stone clash. First witness on the listening-floor to hear Asta-Asura speak. Stayed during Udayagiri's first conversation with the Comforter. After the chapter becomes one of the Tawang Temple's standing listening-floor caretakers — the cult's informal continuation under the formal Order's aegis.","Galwan-2020 veteran (Indian Army's Arunachal Scouts; same unit Tani-of-the-Veil served 2 years later); listened to the Comforter for 14 months; never formally joined the cult's senior delegate ring; was the cult's most quietly trusted long-listener","Fifty-one. Wears a prosthetic left forearm-and-hand provided by the state-government's tribal-rehabilitation programme post-2020. Speaks Apatani-Adi-Galo and Hindi fluently; learned cave-Tibetan from listening to Asta-Asura's listening-floor pauses (a passive-acquisition fluency the cult-tradition recognises as legitimate). Survives Volume I; by Ch 4 he co-chairs the Tawang Temple's veteran-recovery sub-programme."
arunachal-sonam-lama-bumla,Arunachal Pradesh,northeast,2,Sonam-Lama-Bumla,senior-administrative-monk,57,male,Tawang Monastery Administrative Wing,—,Ch 2 Beat 1 (the morning-council),"The senior administrative monk of the Tawang Monastery. Raises the night-cult agenda-item at the chapter's opening morning-council. Manages the Temple build-out's monastery-side logistics through 11 weeks. Counter-signs the 7-page registration document. Will attend the Sanctuary in Ch 3 as the kingdom's administrative voice (Udayagiri's third-position attendee alongside Tani-of-the-Veil and the Stage III bond-bearer himself).","Karmapa-Tawang lineage; no relation to Sonam at Rumtek (the name Sonam is common across the Karmapa-and-Tawang lineages); 9-year senior administrative monk at Tawang; cross-kingdom administrative correspondent with Lobsang and Sonam at Rumtek (the parallel name-pattern between the two senior administrative monks is noted but unremarked across the cross-kingdom record)","Fifty-seven. The chapter's quiet institutional spine. Survives Ch 2 and Volume I. By Ch 3 he is one of the chief operational liaisons between the Tawang Temple's administration and the wider NE Federation."
arunachal-khoda-jaya,Arunachal Pradesh,northeast,2,Khoda-Jaya,lower-subansiri-shade-master-elect,38,female,Lower Subansiri Sub-Cult,—,Ch 2 Epilogue (the Lower Subansiri pigeon-letter),"The 600-member Lower Subansiri sub-cult's senior delegate. Drafted the Lower Subansiri Temple admission-request 3 days after the Tawang consecration. Will become the Lower Subansiri Temple's shade-master at its 4th-month Ch 3 consecration.","Apatani-tribe; her name Khoda is from the Apatani creator-line and means 'the one who is brought forth'; cross-cult correspondent with Asta-Asura through the cult's old listening-floor pigeon-relay before the Tawang consecration formalised the network","Thirty-eight. Wears the Apatani working-tunic. The first replication of the Temple architecture in the kingdom; will be the Lower Subansiri Temple's shade-master from Ch 3 forward. The Lower Subansiri Temple's dawn-master will be drawn from the Apatani-tribe-elder council (the council ratifying its appointment in week 1 of Ch 3) and the translator from the local medic-and-teacher community (to be appointed under Tani-of-the-Veil's remote supervision)."
arunachal-karme-bobo,Arunachal Pradesh,northeast,2,Karme-Bobo,roing-build-manager,34,female,Roing Temple-Site Lead,—,Ch 2 Epilogue (the Roing build-out begins),"The former Tawang-clash medic who moved from Tawang to Roing to manage the second Dawn-Shadow Temple's build-out — explicitly the Herald-return room. Reads the village-headman's incident-log every morning at 5 a.m. before dawn. Receives Yapum-Mihu's First-Herald naming on the third Thursday after the foundations are laid.","Galo-Adi mixed background; 2022 Tawang clash medic (was Tani-of-the-Veil's junior on the same Arunachal Scouts unit); relocated to Roing autumn 2026; appointed by Udayagiri and Tani-of-the-Veil jointly","Thirty-four. The first dawn-master of the Roing Dawn-Shadow Temple (the appointment is made informally during the build-out and formalised at the Ch 3 consecration). Survives Volume I."
arunachal-yapum-mihu,Arunachal Pradesh,northeast,2,Yapum-Mihu,first-herald-namer,13,female,Roing Temple Translator-in-Training,—,Ch 2 Epilogue (the naming of the First Herald),"The 13-year-old Adi translator-in-training at the Roing Temple-site who named the First Herald 'Sahodara-Aapun' — the brother-without-self — from the Adi-creator-line's children's songs. The naming holds the place where the face was. Becomes the Roing Temple's standing translator at the Ch 3 consecration.","Daughter of the Roing village-headman; trained as translator-in-training under Tani-of-the-Veil's remote supervision; cross-kingdom Sarus-pigeon correspondent with Sangaputra of Manipur (both 8-13 year olds whose discovery is the kingdom's institutional turning-point) and Sutrakara of MP (the 12-year-old MP Court-witness)","Thirteen. The saga's youngest Herald-namer. The Adi children's songs she draws on become part of the kingdom's official Order morning-greeting at all three Temples thereafter. Per Ch 3 plan she is positioned as a future cross-kingdom translator alongside Sangaputra and Sutrakara — the saga's youngest-generation institutional voices."
arunachal-first-herald,Arunachal Pradesh,northeast,2,Sahodara-Aapun (The First Herald),herald-of-the-maw,—,male (uncertain),—,—,Ch 2 Epilogue (the consecration morning at Roing),"The saga's First Herald in Maw-hierarchy terms. A man with no shadow who walks the 800-metre length of the Roing village's main path at 6:57 a.m. on the consecration morning. Face cannot be remembered by any of the ~130 witnesses. Named by 13-year-old Yapum-Mihu three weeks later as 'Sahodara-Aapun' — the brother-without-self from the Adi-creator-line.","The first Herald is the Maw's most-direct manifestation in human form. He is the saga's First Herald in Maw-hierarchy terms (not chronological terms; chronologically Karnataka's Third and Goa's Second appeared first, but they are further from the Maw's centre). Per D10 the Roing Dawn-Shadow Temple has been begun explicitly as the room he will be invited to walk through, when he returns. The return-visit is expected within the Chapter Three timeframe.","Plain Adi-tribe homespun cotton shawl, undyed, no clan-pattern. Barefoot. Carries nothing. The standard mid-morning sun angle of 32 degrees should cast a westward shadow of about 1.6 times his height. He casts no shadow. The dirt-path beneath his bare feet shows no shadow-track, no foot-impression, no compression. Within 90 minutes of his passage no witness can describe his face. The face has erased itself from the world's memory. The naming holds the place where the face was. The kingdom does not forget the forgetting."
sikkim-pema-choden,Sikkim,northeast,2,Pema-Chöden,refugee-co-administrator,16,female,The Refugees Themselves (Faction Three) → Co-Administrator (institutional first),—,Ch 2 Beat 2 (the monastery east gate at 5:12 a.m. on day 47),"The first refugee in the Beyul-Kshetra's nine-century history to hold institutional office. Identifies the Refugee Father as Krodha from a coloured-pencil drawing she made at age 8 in 2018 in the actual Pelliang Village. Retrieves the Chintamani from the dawn-prayer-wheel at 1:06 p.m. on the boundary-speech day. Drafts the Pema-Chöden amendment (first amendment to the Compassion-Charter in 9 centuries).","Tibetan refugee from a village in the Chinese-occupied zone two days' walk west of Pelliang; parents (Tenzin and Dolma) and elder brother Wangchuk killed in the same border-crossing she survived at the autumn surge; intake-name registered as Pema-Wangchuk-Chöden so her brother 'keeps arriving in her paperwork'; surviving younger cousin Tashi-the-cousin (12, recovering at monastery rehabilitation-school); cross-kingdom correspondent through Lobsang-Mhabemo mutual-records exchange with Kohima","Sixteen-and-three-months at the chapter's climax. Will be sixteen-and-five-months at the Chapter Three Sanctuary's scheduled date — the Sanctuary's youngest attendee and first refugee-attendee in three hundred years. Studies for the Sikkim state-civil-service junior-administrative-officer examination at Sonam's suggestion. Tutored by Lobsang (administrative-Tibetan), Sonam (state-administrative-Hindi), and the chief-secretary's deputy (state-government procedural protocol). Will receive a Khonoma-clay tea-bowl welcome-gift from Dzulevira at the Sanctuary opening. Per Ch 3 plan she becomes Sikkim's institutional voice alongside Kanchenjunga's bond-voice — saga's parallel to the U-Khrawkmen/Ka-Sienlyngdoh non-bonded-inheritor pattern but inverted (Pema is non-bond-bearing while Kanchenjunga retains the bond; in Meghalaya U-Khrawkmen is non-bond while Ka-Sienlyngdoh will carry the bond). She will not vote at the Sanctuary; she will be present as an aide. Survives Volume I."
sikkim-tashi-cousin,Sikkim,northeast,2,Tashi-the-cousin,sub-council-victim-recovering,12,male,Sub-council recruitee → Monastery Rehabilitation School,—,Ch 2 Beat 2 (referenced — the 12-day-old voice-substitution),"The 12-year-old whose voice was substituted by the Refugee Father's cadence during the evening sub-council. The recovery becomes the case-study for Lobsang's sub-council-recovery programme.","Pema-Chöden's younger cousin (her mother's sister's son); the surviving male of their family after the border-crossing; lives with Pema at south-camp barrack 22-A through Ch 2; transfers to monastery rehabilitation-school day 11 after the boundary-speech","Twelve. The recovery takes time. He will recover. Begins speaking in his own voice again at week four of Lobsang's rehabilitation programme. Eleven other ex-sub-council boys enrolled with him. By Ch 3 he is a witness in the testimony-based reconstruction of the Refugee Father's recruitment-methods; his testimony helps shape the saga's understanding of Maw-adjacent psychological-implantation. Lives at the monastery from Ch 2 end onward; Pema-Chöden visits him at the school every Saturday afternoon."
sikkim-lobsang,Sikkim,northeast,2,Lobsang,junior-intake-monk-and-rehab-school-designer,31,male,Karmapa-Lineage Monks → Rehabilitation School Director,—,Ch 1 references (intake-clerk for the 2024 Krodha registration); Ch 2 Beat 2 (the dawn-gate scene); Beat 3 (the 4-km key-run),"The junior monk who logged Krodha-Sherpa's arrival at intake-number 9,847 in 2024. Stood at the south side of the central altar during the autumn Refugee-Blessing Ceremony when the Refugee Father walked past him to adjust the butter-lamp. Runs the 4 km from the monastery archive to the south-camp eastern plaza in 45 minutes to deliver the dawn-prayer-wheel key to Pema-Chöden. Designs and runs the sub-council-recovery programme.","Karmapa-lineage monk ordained at age 24; intake-clerk for the south camp for seven years; one of three monks Kanchenjunga informs about the Chintamani theft (the other two are Sonam and the chief-secretary); becomes Pema-Chöden's administrative-Tibetan tutor","Thirty-one. Carries the weight of the original intake throughout the chapter. After the chapter he becomes director of the monastery's new rehabilitation-school. Coordinates the Lobsang-Mhabemo cross-kingdom mutual-records exchange with the Nagaland State Government. Survives Volume I. By Ch 3 he is one of the chief operational liaisons between the Beyul-Kshetra's institutional administration and the wider NE Federation."
sikkim-sonam,Sikkim,northeast,2,Sonam,senior-administrative-monk,54,male,Karmapa-Lineage Monks → Senior Administrative Monk,—,Ch 2 Beat 1 (the silent search begins) — active through Beat 3,"The senior administrative monk who managed the silent 47-day search across the monastery, the three south-Sikkim camps, and the surrounding villages. Carries the failed-search-discipline through the chapter as a quiet wound — the man who would have eventually found the Chintamani given another two months, but who was outpaced by a 16-year-old refugee girl walking 4 km with a memory drawn in coloured pencils 8 years earlier.","Karmapa-lineage monk ordained 1995; senior administrative monk since 2014; one of three monks Kanchenjunga informs about the Chintamani theft; becomes Pema-Chöden's state-administrative-Hindi tutor; files the mutual-records exchange with Mhabemo at Kohima within the same week as the amendment","Fifty-four. Wears the senior administrative monk's grey under-robe with red over-sash. The forty-seven-day search is the longest sustained administrative operation in the Beyul-Kshetra's modern history. After the chapter he becomes the senior advisor on the new procedural-amendment institutional framework. Survives Volume I."
sikkim-tenzin-norbu,Sikkim,northeast,2,Tenzin-Norbu,dissenting-senior-monk-retired,68,male,Compassion-Absolutist (Faction One),—,Ch 2 Beat 3 (the senior monks council vote),"The second-most-senior monk after Kanchenjunga. Holds the Compassion-Charter as unamendable for 40 years. Casts the lone dissenting vote against the Pema-Chöden amendment (vote 23-1). Resigns from active senior-monks-council duties two days later in protest and takes up a meditation-cave residence in the central forest.","Karmapa-lineage senior monk for 51 years; Kanchenjunga's senior counsel since 2017; mentored both Lobsang and Sonam in their early ordination years","Sixty-eight. The chapter's dissenting voice — the one who refuses the amendment on principle and accepts the majority will without obstruction. His retirement to the meditation-cave is a long-anticipated transition that the chapter's events accelerate by approximately two years. Survives Volume I in the cave-residence; Kanchenjunga and Pema-Chöden visit him together once a season for counsel."
sikkim-tashi-bhutia,Sikkim,northeast,2,Tashi-Bhutia,park-ranger-shrine-keeper,43,male,Khangchendzonga National Park Service,—,Ch 2 Epilogue (the panda-at-altitude sighting on December 2nd),"The senior ranger of the western-face patrol-station. Sights the red panda at five thousand four hundred metres on December 2nd at 7:43 a.m. during the standard December high-altitude wildlife-census. Becomes the permanent shrine-keeper of the Khangchendzonga Boundary Shrine at four thousand five hundred metres.","Khangchendzonga National Park senior ranger; 11-year park-service veteran; previously logged the 2022 panda conservation-tagging that identified the same individual at three thousand eight hundred metres; no relation to Tashi-the-cousin","Forty-three. Wears the standard park-service olive uniform with the western-face patrol-station badge. Checks on the panda's grazing-spot through high-power binoculars once a week from the four-thousand-five-hundred-metre base camp. Does not climb higher. The panda has not descended in the months since the sighting. Survives Volume I as the ongoing shrine-keeper and the kingdom's standing witness to the Maw's species-lethal-altitude experiment."
sikkim-panda-altitude,Sikkim,northeast,2,The Red Panda at Five Thousand Four Hundred Metres (species-lethal-altitude sign),maw-species-lethal-altitude-sign,—,—,—,—,Ch 2 Epilogue (December 2nd onward),"First SPECIES-LETHAL-CONDITION Maw sign in the chapter — the Maw shifts from form-making (Manipur, Nagaland) to direct experimentation on the saga's bond-architecture. Tenth rung of the escalation pattern.","Stacked-stone shrine at the Khangchendzonga western-face base camp at four thousand five hundred metres; single red-panda-paw-print carved in low relief on the eastern face; Park Service ranger Tashi-Bhutia as permanent shrine-keeper; weekly high-power-binocular monitoring from the base camp; cross-kingdom Sarus-pigeon cascade-alert sent to all 9 bonded-kingdom senior guardians by sunset of the sighting day","Mechanism: a red panda is sighted at five thousand four hundred metres on Khangchendzonga's western face — six hundred metres above the species' documented maximum survival altitude. Red-panda haemoglobin lacks the high-altitude oxygen-affinity mutation; the species should die within 30 minutes from acute mountain-sickness combined with cold-stress at that altitude. The panda is alive, breathing at fourteen breaths per minute, grazing on a rhododendron-patch that has somehow survived six hundred metres above the rhododendron-belt's normal altitude limit. The ear-tag confirms it as a known Khangchendzonga National Park individual previously recorded at three thousand eight hundred metres. Observed for nine consecutive days; does not descend. The Maw is testing whether bonded animals can be sent to dwell at elevations that should kill them. If the panda lives, the Maw knows the bond is stronger than the species. The Maw will then begin moving other bonded animals to other lethal-to-the-species conditions across the saga's nine bonded kingdoms. Significance: the Maw is no longer reacting (Karnataka through Assam), no longer form-making (Manipur, Nagaland); it is experimenting on the bond-architecture itself. Sikkim's contribution to the catalogue is the tenth rung — the first species-lethal-altitude experiment."
bihar-maitreyi-younger,Bihar,east,2,Maitreyi-the-Younger,acting-mahasthavira-living-archive-future-wife,29,female,Standing Nalanda-Order Acting-Mahasthavira + Standing Living-Archive Seat (NEW),Bloodline-A Nalanda-scholar-line,Ch 2 Beat 1 (the standing-Nalanda Reconstructed Library's standing-junior-librarian roster) — active through Beat 4,"The 29-year-old standing-junior-librarian at the Nalanda Reconstructed Library since 2021. Standing-Bodhgaya-Vihara-tradition Nalanda-graduate (Magadhi-Prakrit Comparative-Philology 2019). Standing-fire-emergency-protocol's standing-secondary-exit officer on the standing-night-of-the-riot. Reaches the standing-northern-skylight at 2:49 a.m.; breaks the standing-skylight-glass with the standing-mortar-pestle from the standing-restoration-room at 2:53 a.m. Survives the standing-roof-collapse by approximately 11 minutes. Drags Vajramukha from the standing-manuscript-vault at 3:08 a.m. through the standing-northern-skylight (Vajramukha's standing-fractured-femur prevents standing-self-extraction). Walks the standing-architectural-blueprint with Vajramukha every dawn for 93 days at 3-metre distance reading the eleventh-century load-bearing-pattern aloud. Conferred the standing-living-archive seat and the standing-acting-Mahasthavira position at the standing-amended-charter ratification-day. Per Ch 3 plan she marries Vajramukha at the Magadhi spring wedding-festival week 8 of Ch 3 — the saga's Bloodline-A + Bloodline-D mixing event.","Standing-Bodhgaya-Vihara-tradition Nalanda-graduate 2019; standing-junior-librarian under Acharya Vasudha-of-the-Manuscript 2021-2026; standing-acting-Mahasthavira since the amended-charter ratification-day; standing-living-archive seat-holder; future Bloodline-mixing wife of Vajramukha (Ch 3 week 8)","Twenty-nine. Wears the standing-Nalanda-saffron cotton with the standing-Atisha-Dipankara palm-leaf-bundle medallion at her left shoulder (conferred at the standing-living-archive seat ratification-day; the bundle had been recovered intact from Acharya Vasudha's right-hand at 6:11 a.m. on the riot-morning). The standing-skylight-glass-fracture-pattern from her standing-2:53 a.m. emergency-exit is preserved at the kingdom-council's standing-emergency-record. Per restructure §5 she is a New Female Character introduced at Ch 2 Stage III for the standing-Bloodline-mixing event; survives Volume I. The marriage produces the standing-Bihar-throne's standing-Ch-3 heir in late Chapter Three."
bihar-vasudha-manuscript,Bihar,east,2,Acharya Vasudha-of-the-Manuscript,deceased-mahasthavira-vault-fire,68,female,Standing Nalanda-Order Mahasthavira (DECEASED),—,Ch 2 Beat 1 (the standing-Mahasthavira's faculty-tea reception at week 1) — deceased Beat 2 (3:03:31 a.m. riot-night),"The 68-year-old kingdom-council's standing-Nalanda-Order Mahasthavira since 2012. Standing-Magadhi-Buddhist-scholar lineage descendant of the seventeenth-century Bodhgaya-Vihara Mahasthavira-line. Standing-Atisha-Dipankara 1042-CE palm-leaf bundle's standing-keeper since the 1995 standing-Nalanda Reconstructed Library opening. Holds the standing-private-audience with Acharya Ghora across weeks 1-6; receives the standing-Nalanda printing-press funding-line through the standing-back-channel; does not initially question the source-of-fund. Remains in the standing-manuscript-vault on the riot-night at 1:58 a.m. to attempt the Atisha-Dipankara retrieval. The standing-secondary-fire-front reaches the standing-Atisha-Dipankara shelf-position at 3:03:31 a.m. Death recorded at 3:03:31 a.m. The palm-leaf bundle recovered at her right-hand at 6:11 a.m. on the riot-morning by the standing-Bihar-State-Fire-Service cadaver-recovery cohort; bundle intact (her body had shielded it from direct fire-contact). The bundle conferred to Maitreyi-the-Younger at the standing-living-archive seat conferral on the ratification-day. State-funeral administered at the Bodhgaya-Vihara cremation-ghat on day-three at 4:11 a.m. by Maitreyi-the-Younger alone.","Standing-Bodhgaya-Vihara Mahasthavira-line descendant; standing-Atisha-Dipankara palm-leaf bundle keeper 1995-2026 (31 years); senior of Maitreyi-the-Younger (mentor-pupil); standing-private-audience holder with Acharya Ghora weeks 1-6","Sixty-eight at death. Wore the standing-Nalanda Mahasthavira-saffron cotton with the standing-Mauryan-bronze pectoral plaque inscribed with the kingdom-council's standing-Bodhgaya-Vihara seal. Per restructure §4 her death is a senior female-character fate at Ch 2 — the standing-mind-tradition's standing-most-senior holder dies inside the manuscript-vault for a single palm-leaf bundle. The standing-Atisha-Dipankara 1042-CE palm-leaf bundle (the kingdom's standing-permanent-foundation since the 1193 CE Bakhtiyar-Khilji Nalanda burning) is the standing-charter-foundational artefact recovered intact from her body. Her death is the chapter's irrecoverable loss — the wound the fist could not prevent."
bihar-bhima-plains,Bihar,east,2,Senapati Bhima-of-the-Plains,retired-resigned-cooperating-witness,59,male,Standing Vajra-Sangha Senapati (RESIGNED post-riot),—,Ch 2 Beat 1 (the standing-Vajra-Sangha Senate-Hall Wednesday-noon session week 1) — resigns Beat 3 day-3 post-riot,"The 59-year-old kingdom-council's standing-Vajra-Sangha Senapati since 2009. Standing-Magadhi warrior-clans' standing-most-senior commander of the Patna-Gaya-Nalanda-Rajgir corridor. Holds the standing-private-audience with Acharya Ghora across weeks 1-6; receives the standing-Vajra-Sangha weapon-procurement funding-line through the standing-back-channel; does not initially question the source-of-fund. After the standing-seventh-week-riot files the standing-resignation at 11:11 a.m. on day-three to the kingdom-council's standing-State-Civil-Service standing-administrative-coordination cell. The standing-resignation is accepted at the standing-Sixth-Clause-criminalisation-day. Stands as the kingdom-council's standing-cooperating-witness throughout the standing-forgery-cell-investigation; provides the standing-back-channel record of the Acharya-Ghora-funding correspondence. The standing-State-Police standing-protocol records no charge under the standing-good-faith provision. Retires to the standing-Rajgir-hill cottage on day-twelve. Per Ch 3 plan returns from retirement at the standing-first-Beast-Rising as the kingdom-council's standing-emergency-tactical-advisor.","Standing-Vajra-Sangha Senapati 2009-2026 (17-year tenure); standing-Patna-Gaya-Nalanda-Rajgir corridor warrior-clans' standing-most-senior; standing-cooperating-witness in the standing-forgery-cell-investigation; mentor of Senapati-Junior Rakta-Eyed Surya (his successor)","Fifty-nine. Wears the standing-Mauryan-pattern Vajra-Sangha grey cotton with the standing-Senapati pectoral medallion. Survives Volume I; per Ch 3 plan returns from retirement at the first Beast-Rising as standing-emergency-tactical-advisor. The standing-good-faith provision protects him from charge — his standing-back-channel acceptance of the standing-Ghora-funding line was administered under the standing-Senapati-discretion clause that pre-amended-charter did not require source-verification."
bihar-surya-rakta-eyed,Bihar,east,2,Senapati-Junior Rakta-Eyed Surya,vajra-sangha-new-commander,36,male,Standing Vajra-Sangha New Commander (NEW post-riot),—,Ch 2 Beat 2 (assumes command 11:14 a.m. day-three post-riot),"The 36-year-old standing-Vajra-Sangha standing-second-in-command since 2018. Standing-Patna-Gaya-corridor warrior-clan's standing-senior-trainer. The honorific 'Rakta-Eyed' (Red-Eyed) refers to his standing-overnight-combat-vigilance discipline — sleeps only 3 hours across the standing-active-training rotation. Assumes the standing-Vajra-Sangha command at 11:14 a.m. on day-three following Bhima's resignation. Restructures the standing-weapon-procurement chain across days 3-21; cancels the standing-Singapore-tied procurement-orders; refunds the standing-Singapore source-account's tendered-amount through the standing-Reserve-Bank-Patna-Branch (the standing-refund-transaction is the kingdom-council's standing-Singapore-cross-network-investigation's standing-evidence-document E-47). Counter-signs the amended charter at the ratification-day. Per Ch 3 plan commands the standing-Vajra-Sangha standing-Beast-Rising response cohort and inherits the standing-tactical-coordination seat at the standing-Eastern-Federation council.","Standing-Vajra-Sangha standing-second-in-command 2018-2026; standing-senior-trainer of the Patna-Gaya-corridor warrior-clan; protégé of Senapati Bhima-of-the-Plains; standing-evidence-document E-47 authoring-counter-signatory","Thirty-six. Wears the standing-Mauryan-pattern Vajra-Sangha grey cotton with the standing-Senapati-Junior shoulder-cord and the standing-red-eye eyeshadow-band at his lower-eyelids (the standing-Rakta-Eyed honorific's standing-visual-marker). Per restructure §5 he is a New Male Character introduced at Ch 2 Stage III for the standing-male-led restructure's standing-warrior-tradition succession. Survives Volume I."
bihar-buddha-mitra,Bihar,east,2,Acharya Buddha-mitra,madhyama-senior-bhikshu-fifth-clause-drafter,72,male,Standing Madhyama Senior-Bhikshu + Standing Madhyama-Permanent-Seat (NEW),—,Ch 2 Beat 1 (the standing-Bodhgaya-Vihara mediating-procession weeks 1-7) — active through Beat 4,"The 72-year-old standing-Bodhgaya-Vihara standing-most-senior Bhikshu since 2003. Standing-Madhyama-tradition's standing-mind-body-integration discipline-holder. Standing-Magadhi-Prakrit poetry-discipline teacher (Vajramukha's standing-childhood poetry-tutor at the standing-Bodhgaya-Vihara's standing-youth-instruction wing 1998-2006). Walks the standing-mediating-procession across the standing-three-faction weekly Wednesday-noon Senate-Hall sessions throughout weeks 1-7. Drafts the standing-Fifth-Clause Madhyama-provision integrating the standing-mind-tradition and the standing-body-tradition into a standing-single-state-hero discipline-requirement. Files the standing-draft at the kingdom-council's standing-emergency-session at 11:11 a.m. on day-94. The standing-draft ratified at 4:14 p.m. on the standing-same-day. Conferred the standing-Madhyama-permanent-seat at the kingdom-council's standing-Bihar-State-Council.","Standing-Bodhgaya-Vihara standing-most-senior Bhikshu 2003-2026; Vajramukha's standing-childhood poetry-tutor 1998-2006; standing-Madhyama-tradition discipline-holder; standing-Fifth-Clause drafter; standing-Madhyama-permanent-seat holder","Seventy-two. Wears the standing-saffron Bhikshu robe with the standing-Bodhgaya-Vihara seal embroidered at the left shoulder. Per Ch 3 plan attends the Sanctuary as the standing-Madhyama-permanent-seat representative; his standing-mind-body-integration discipline informs the kingdom-council's standing-state-hero-discipline-protocol across Chapters Three and Four. Survives Volume I."
bihar-v-singh,Bihar,east,2,V. Singh,forest-department-ranger-hollow-gaur-discoverer,43,male,Standing Forest-Department Valmiki-Tiger-Reserve Ranger,—,Ch 2 Beat 2 (the standing-witness-statement at 9:11 a.m. day-1 post-riot) and Beat 4 (the standing-hollow-gaur discovery at 6:14 a.m. day-94),"The 43-year-old standing-Forest-Department Valmiki-Tiger-Reserve standing-Saturday-morning ranger since 2017. Standing-overnight-administrative-duty rotation officer at the standing-Patna-Gaya-Nalanda-Rajgir corridor on the standing-night-of-the-riot; observes Acharya Ghora at the standing-northern-courtyard at 1:43 a.m.; files the standing-witness-statement at the kingdom-council's standing-State-Police-station at 9:11 a.m. on day-one. Returns to the standing-Valmiki-Tiger-Reserve duty rotation on day-seven. Arrives at the standing-northern-grazing-meadow at 6:14 a.m. on day-94. Performs the standing-visual-inspection at 6:14-6:21; touches the standing-gaur-shoulder-flank at 6:21; recognises the standing-body's standing-light-mass (approximately one-twentieth of the standing-living-mass); calls Dr. K. Bhardwaj at 6:23 a.m. Files the standing-Forest-Department incident-report at 9:43 a.m. The standing-incident-report is the kingdom-council's standing-Maw-sign-recognition cell's standing-evidence-document M-19A.","Standing-Forest-Department Valmiki-Tiger-Reserve standing-Saturday-morning ranger 2017-2026; standing-Ghora-night witness; standing-hollow-gaur first-discoverer; standing-evidence-document M-19A author","Forty-three. Wears the standing-Forest-Department khaki uniform with the standing-Valmiki-Tiger-Reserve emblem at the left chest. Survives Volume I."
bihar-bhardwaj-vet,Bihar,east,2,Dr. K. Bhardwaj,veterinary-cell-on-call-hollow-gaur-investigator,57,female,Standing Forest-Department Veterinary-Cell On-Call Veterinarian,—,Ch 2 Beat 4 (the standing-incision-cross-reference at 8:23 a.m. day-94),"The 57-year-old standing-Forest-Department standing-veterinary-cell's standing-on-call veterinarian since 2009. Standing-Patna-University Veterinary-Pathology faculty 1998-2009. Arrives at the standing-Valmiki-Tiger-Reserve's standing-northern-grazing-meadow at 8:11 a.m. on day 94. Performs the standing-veterinary-emergency assessment at 8:11-8:23; conducts the standing-incision-cross-reference at the standing-abdominal-position at 8:23. Documents the standing-internal-organ-cavity's standing-empty-state; documents the standing-no-incision-evidence and standing-no-decomposition-evidence; documents the standing-fresh-grass and standing-rain-water smell at the standing-cavity-interior. Files the standing-veterinary-pathology report at 4:11 p.m. on day 94 (concurrent with the standing-amended-charter ratification). The report is the kingdom-council's standing-Maw-sign-recognition cell's standing-evidence-document M-19B. Counter-signs the standing-fifth-cross-region paired-sign-naming document with Dr. Pratap Mohanty at the standing-ratification-day at 4:14 p.m.","Standing-Patna-University Veterinary-Pathology faculty 1998-2009; standing-Forest-Department on-call veterinarian 2009-2026; standing-evidence-document M-19B author; standing-cross-region paired-sign-naming counter-signatory with Dr. Pratap Mohanty (Odisha)","Fifty-seven. Wears the standing-Forest-Department veterinary-cell olive-green field coat with the standing-veterinary-pathology shoulder-patch. Survives Volume I."
bihar-hollow-gaur,Bihar,east,2,The Hollow Gaur,maw-sign-19-bonded-species-interior-removal,—,—,Standing Maw Sign #19 — The Saga's Fifth Cross-Region Paired-Sign (Hollow-From-Within),—,Ch 2 Beat 4 (discovered 6:11 a.m. day-94 at Valmiki Tiger Reserve's northern-grazing-meadow),"The standing-male-gaur (approximately 900 kg standing-living-mass) found at the standing-Valmiki-Tiger-Reserve's standing-northern-grazing-meadow at 6:11 a.m. on day-94 (the day after Vajramukha's standing-Stage-III completion). Body in standing-grazing-pose with head lowered toward grass-surface and four legs at stationary-position. No wound. No predator-print. No incision-evidence. Body weighs approximately 45 kg (one-twentieth of the standing-living-mass). The standing-incision-cross-reference at the standing-abdominal-position confirms the standing-internal-organ-cavity is empty: no heart, no lungs, no liver, no stomach, no intestines, no skeletal-internals; the standing-rib-cage, standing-skull, standing-spinal-cord, and standing-musculature are in place at the standing-shell-pattern (~3 cm of standing-muscle-tissue lining the standing-internal-surfaces of the skeletal cage). The standing-cavity-interior smells of standing-fresh-grass and standing-rain-water. The Maw has demonstrated the capacity to remove the entire interior of a sacred bonded-species body without external wound or incision-evidence.","Standing-Maw-sign-recognition cell's standing-evidence-documents M-19A (V. Singh, Forest-Department incident-report) and M-19B (Dr. K. Bhardwaj, veterinary-pathology report); paired with Maharashtra's Burnt Squirrel-Nest as saga's 5th cross-region Maw-sign pair (hollow-from-within); standing-Pratap-Mohanty (Odisha) and Dr. K. Bhardwaj (Bihar) standing-cross-region paired-sign-naming counter-signatories","Saga's NINETEENTH Maw sign — first interior-removal-without-wound experiment at bonded-species scale. The five paired-sign categories (material-experiment Kerala-AP; Maw-language Mizoram-TN; shadow-experiment Arunachal-Telangana; direction-reversal Assam-Odisha; hollow-from-within Maharashtra-Bihar) constitute the standing-Maw-sign-recognition cell's standing-Chapter-Two cross-reference catalogue. The standing-bonded-species (sacred gaur of Magadhi-tradition; the standing-Vajramukha-bond-totem-species) is the standing-Maw-target-selection's standing-direct-message-pattern: the Maw has the capacity to hollow the standing-bonded-species without touching the standing-state-hero's body."
jharkhand-birsa-aaj,Jharkhand,east,2,Birsa-Aaj,pivot-boy-informer-schoolboy,13,male,Standing Pasanda-Munda Vana-Vidya School Student → Standing Sasaranatu-Cottage Custodial Resident (NEW per restructure §5),Bloodline-D Munda-line,Ch 2 Beat 1 (Pasanda Vana-Vidya School Friday senior-class roster) — active through Beat 4,"The 13-year-old standing-Pasanda-Munda informer-schoolboy. Born 2013 at the Pasanda Munda-clan birth-cottage; admitted to the Pasanda Vana-Vidya School at age 9 in 2022. Named after Birsa Munda (1900-CE Munda Ulgulan revolutionary) by his grandfather's instruction at the birth-naming ceremony; the second name 'Aaj' ('today') was added at the 8-month welcoming-ceremony to mark the clan-elder's prophecy that the boy 'would not wait for tomorrow'. Elder brother Sukhdeo-Aaj (17, Vana-Vidya 2024-graduate, shift-leader at deep-seam-6) died at the standing-roof-collapse 11:43 a.m. day-15. Decided at 2:14 a.m. on the clay-floor at the eastern-window on the night of day-15 that he would not be the third Aaj son to walk the mine. Reads Acharya Ghora's cross-network letter at the standing-Pasanda Vana-Vidya School headmaster-cabin third-drawer at 7:14 p.m. day-17 (the third-drawer was unlocked because the standing-administrative-clerk had taken personal-emergency leave for her mother's funeral and the Acharya departed in a hurry for the Aditya emergency-coordination meeting). Memorises 3 names (Ghora, Hari, Singapore) and 3 places (Phuentsholing, Murshidabad, Karanpura). Walks 23 km from Pasanda to Ranchi-Vana-Bhavan across 19h43m (4:11 a.m. day-18 departure to 11:43 p.m. day-17 arrival via the rickshaw-cousin-of-Aranya-Mata-Tudu's Vana-Bhavan delivery). Delivers letter to night-duty officer R. Tirkey at 11:55 p.m. Survives under kingdom-council protective-custody at Sasaranatu-Cottage with Aranya-Mata Tudu as legal-guardian until age 18.","Standing-Pasanda-Munda by birth; Vana-Vidya School student 2022-26 (withdrew day-25 at the standing-charter ratification); Aranya-Mata Tudu's standing-legal-ward day-18 onward; brother of Sukhdeo-Aaj (deceased day-15 deep-seam-6 roof-collapse); Vajramukha at Bihar standing-cross-region acknowledgement at the Ch 3 Sanctuary delegation; Jagannath-Bandhu at Odisha standing-deferential-position acknowledgement; future-Sanctuary-delegate at age 15 (Ch 3 spring 2026 standing-East-cluster deferential-position behind Vanajara)","Thirteen at the informer-turn (will be 15 at the spring 2026 Sanctuary opening). Wears the standing-Pasanda Vana-Vidya School olive-and-white standing-school-uniform across Ch 2 (withdrawn day-25); transitions to the standing-Ranchi Government Higher-Secondary School standing-blue-and-grey uniform from academic-year-2026 admission. Per restructure §5 he is a New Male Character introduced at Ch 2 Stage III for the standing-male-led pivot-boy continuity; survives Volume I. Per Ch 3 plan he attends the Ranchi GHS from academic-year-2026; carries the standing-Vana-Vidya-replacement education-reform document to the Sanctuary in early Ch 3; walks the kingdom-council Sanctuary-delegation behind Vanajara at the East-cluster deferential-position at age 15. The standing-Sukhdeo-Aaj death and Birsa-Aaj's 23-km pre-dawn walk are the chapter's standing-most-quoted heroic-by-restraint moments — the boy who did not cry, did not eat, did not return to the Vana-Vidya School, and delivered the letter to the kingdom-council before his standing-thirteenth-birthday."
jharkhand-aranya-mata,Jharkhand,east,2,Aranya-Mata Tudu,vana-kula-clan-mother-saranda-vidya-trust-founder,73,female,Standing Vana-Kula Clan-Mother + Standing Council-Seat #1 + Standing Saranda-Vidya Replacement Trust Founder + Standing Birsa-Aaj Legal Guardian (NEW per restructure §5),—,Ch 2 Beat 1 (the standing-Pasanda village-hall pre-meeting weeks 1-5) — active through Beat 4,"The 73-year-old standing-Vana-Kula clan-mother. Standing-clan-mother by inheritance since 2001 (25-year tenure); 3rd-generation clan-mother (her grandmother 1953-1981, her mother 1981-2001). Holds council-seat #1 at the Saranatu-Sarna tribal-council by Vana-Kula clan-inheritance. Buried both her husbands (1st at age 23 standing-malaria; 2nd at age 47 standing-tiger-attack at Saranatu-Sarna northern-margin) and 3 of her 5 children (cholera, pneumonia, childbirth) at the Sasaranatu-Cottage cremation-ghat. Speaks the standing-11-minute opposition at the standing-Tuesday-week-5 council at 11:11 a.m. — 3-part speech (grove-not-transferable, the-12-with-the-son-at-the-mine, the-Maw-is-no-longer-silent) — the saga's standing-most-quoted Ch 2 pre-vote oration. Files the standing-Schedule-V cross-reference document at the State-Forest-Department licensing-cell Wednesday week 6 with the kingdom-council cross-network investigation cell. Walks 11 metres to the amphitheatre's southern-position at the Ranchi-Vana-Bhavan emergency-session day-23 at 11:54 a.m. and places her right-palm on Vanajara's Stage II mark-position for 11 seconds. Drafts the Saranda-Vidya Replacement Trust trust-deed across the following 4 days; the Trust receives the revoked-Vana-Vidya corpus (~₹194 crore) at the State-Forest-Department transfer-cell at the amended-charter ratification-day. Receives Birsa-Aaj at the Sasaranatu-Cottage at 3:11 a.m. day-18 at the Ranchi-Vana-Bhavan protective-custody-team delivery. Sits at the Sasaranatu-Cottage doorstep at 6:11 a.m. on the 35th-day morning as Birsa-Aaj boards the Ranchi GHS school-bus.","Standing-Vana-Kula clan-mother 2001-2026 (25-year tenure); standing-Saranatu-Sarna tribal-council seat #1 by clan-inheritance; standing-Saranda-Vidya Replacement Trust standing-founder-director (drafted trust-deed day-23 to day-27); standing-Birsa-Aaj's standing-legal-guardian day-18 onward; standing-Wild-Tribal block senior delegate at the 21-vote opposition (joined by 21 of 24 council-members at the standing-vote-against position); standing-Sanctuary delegate at the standing-East-cluster deferential-position behind Vanajara at the spring 2026 opening","Seventy-three. Wears the standing-Munda-tradition off-white cotton sari with the standing-Sal-leaf-thread shoulder-cord and the standing-Saranatu-flower standing-hair-clip at the standing-right-temple. Per restructure §5 she is a New Female Character introduced at Ch 2 Stage III for the standing-clan-mother continuity at the East-cluster (the third standing-living-archive seat-equivalent after Subhadra-of-the-Wood at Odisha and Maitreyi-the-Younger at Bihar). Survives Volume I; per Ch 3 plan attends the Sanctuary as the Saranda-Vidya Replacement Trust founder-director and East-cluster living-archive seat-equivalent representative; her standing-Schedule-V sacred-site exclusion-protocol informs the Eastern-Federation Sanctuary delegation's standing-cross-region Schedule-V cross-reference catalogue at the spring 2026 opening."
jharkhand-sukhdeo-aaj,Jharkhand,east,2,Sukhdeo-Aaj,deceased-deep-seam-six-roof-collapse-elder-brother,17,male,Standing North-Karanpura Mine Shift-Leader Deep-Seam-6 (DECEASED day-15 11:43 a.m.),—,Ch 2 Beat 2 (the deep-seam-6 roof-collapse 11:43 a.m. day-15 of the felling-period),"The 17-year-and-1-month-old standing-Vana-Vidya School class of 2024-graduate. Standing-Karanpura training-cell vocational-cycle 2022-23. Standing-Aditya-Coal mine-labour subcontracting cohort from age 15-and-11-months (October 2024). Standing-shift-leader at the standing-North-Karanpura deep-seam-6 eastern-coal-face since March 2024 (19-month tenure). Standing-11-man sub-team leader on day-15 of the standing-felling-period. Killed standing-instantly at the standing-eastern-coal-face roof-fall at 11:43 a.m. when the standing-31-metre roof-bolt-spacing pattern fractured across ~47 metres width and ~11 metres depth (8 standing-immediate deaths in his sub-team; 2 more died at standing-Karanpura Mine-Hospital evening day-15; 1 survivor with bilateral lower-limb amputation). Body recovered at 8:11 p.m. day-15. Standing-cremation at Pasanda-village cremation-ghat 11:11 a.m. day-16 by mother and grandfather (Birsa-Aaj did not attend — sat at the clay-floor at eastern-window through the cremation duration).","Standing-Aaj family at Pasanda Munda-clan; mother (accepted condolence-cheque day-16 1:47 a.m.); grandfather (refused condolence-cheque day-15 11:11 p.m.); grandmother (walked out of cottage 2:11 a.m. day-16 — did not return until dawn); younger brother Birsa-Aaj (13; standing-informer-walk catalysed by Sukhdeo-Aaj's death); standing-fellow-shift-trainees at the standing-Karanpura training-cell 2022-23 cohort","Seventeen-and-1-month at death. The standing-eastern-coal-face roof-collapse was caused by the standing-Aditya-Coal Mining-Director's countermand of the standing-DGMS standing-emergency-closure order issued in response to D. Kacchap's day-13 emergency-evacuation directive. The standing-Vana-Vidya Trust standing-condolence-cheque of ₹2-lakh was delivered by the standing-condolence-cell driver (Acharya Hari-Mohan Mahato did not deliver the standing-cheque personally despite delivering Sukhdeo-Aaj's prior 6-month condolence-letter at the standing-prior-protocol; the non-attendance is the evidence-anchor at the cross-network investigation cell's pattern-of-disengagement registry). Per restructure §4 his death is a senior-male-character fate at Ch 2 — the standing-elder-brother death at the mine is the standing-catalytic-event that produces the standing-Birsa-Aaj informer-turn (the chapter's standing-most heroic-by-restraint moment). The standing-Sukhdeo-Aaj name is honoured at the standing-Saranda-Vidya Replacement Trust's standing-first-graduation-class scholarship at the standing-academic-year-2026 induction (the Sukhdeo-Aaj Memorial Scholarship for Munda-Santhal-Ho-Birhor tribal students)."
jharkhand-d-kacchap,Jharkhand,east,2,D. Kacchap,shift-foreman-first-whisper-witness,52,male,Standing North-Karanpura Mine Shift-Foreman (Survives the Cascade With Partial Hearing-Loss),—,Ch 2 Beat 2 (the first-whisper at 4:11:08 a.m. day-13 of the felling-period),"The 52-year-old standing-Pasanda-Munda shift-foreman at the North-Karanpura mine since 2007 (18-year tenure). Standing-mine-worker since 1991 (34 years of service). 4 standing-grandchildren at the Pasanda Vana-Vidya School (eldest grandson age 11 in the 5th-class academic-year 2025-26). Hears the standing-first whisper at the standing-coal-face-cross-section at 4:11:08 a.m. on day-13 of the standing-felling-period. Records the whisper on the standing-shift-foreman issued mine-radio at 4:13 a.m. Raises the standing-emergency-evacuation directive at 4:58 a.m. The standing-43-miner night-shift cohort reaches the surface at 5:29 a.m. Files the standing-DGMS shift-foreman incident-report at 11:11 a.m. day-13 at the standing-North-Karanpura mine-administration office. Survives the standing-coal-whispers cascade with standing-residual-tinnitus and partial standing-high-frequency hearing-loss but is not in the 240 bilateral-deafness cohort (his evacuation-directive was raised within the 47-minute exposure-window).","Standing-North-Karanpura mine shift-foreman 2007-2026 (18-year tenure); standing-Pasanda-Munda by birth; 4 grandchildren at Pasanda Vana-Vidya School (withdrew all 4 day-25 at the standing-charter ratification); standing-evidence-document G-20A author at the kingdom-council Maw-sign-recognition cell; standing-Sanctuary delegate at the spring 2026 mine-cohort representative position","Fifty-two. Wears the standing-Coal-India navy-blue mine-uniform with the standing-shift-foreman shoulder-cord and the standing-Pasanda-Munda clan-thread at his standing-left-wrist. Per Ch 3 plan he attends the Sanctuary as the standing-mine-cohort representative; his standing-shift-foreman incident-report is the standing-East-cluster cross-region paired-sign-naming document's standing-first-witness anchor. Survives Volume I."
jharkhand-r-tirkey,Jharkhand,east,2,R. Tirkey,vana-bhavan-night-duty-officer-letter-first-reader,47,male,Standing Vana-Bhavan Night-Duty Officer (Standing-Letter First-Reader),—,Ch 2 Beat 3 (the night-duty office reception 11:43 p.m. day-17),"The 47-year-old standing-Oraon-tribal administrative-officer at the Vana-Bhavan since 2010 (16-year tenure). Standing-night-duty officer at the Vana-Bhavan Tuesday-Saturday rotation since 2018. Receives Birsa-Aaj at the Vana-Bhavan front-gate at 11:43 p.m. day-17 of the felling-period. Recognises the standing-Pasanda-village Vana-Vidya School uniform from the kingdom-council cross-network investigation cell's standing-14-school uniform-photograph register. Takes Birsa-Aaj into the night-duty office 11:44 p.m.; provides water and rice-and-dal; asks no questions for the first 11 minutes. Receives the folded letter at 11:55 p.m. Reads it twice 11:55-11:57 p.m. Calls Mrs. K. Lakra at 11:59 p.m. Reads the letter aloud at the phone-position over the following 4 minutes.","Standing-Vana-Bhavan administrative-officer 2010-2026 (16-year tenure); standing-Oraon-tribal by birth; standing-Birsa-Aaj's standing-letter first-reader and standing-cross-network investigation cell's foundational evidence-document J-0 author; cross-region Sarus-pigeon correspondent with Mr. A. Mishra at Kalinga-Chakra (Odisha temple-administrative cell receiving-officer parallel)","Forty-seven. Wears the standing-Jharkhand-Forest-Department khaki uniform with the standing-Vana-Bhavan night-duty badge at the left-chest. Per Ch 3 plan he is promoted to standing-Vana-Bhavan senior-administrative-officer at the 1 April 2026 annual-promotion cycle; attends the Sanctuary as the Vana-Bhavan secretariat representative. Survives Volume I."
jharkhand-suresh-munda,Jharkhand,east,2,Suresh Munda-of-Pasanda,coal-tribal-senior-delegate-repentance,47,male,Standing Coal-Tribal Senior Delegate + Standing Vana-Vidya Trust School-Board Chairman (Resigned post-ratification),—,Ch 2 Beat 1 (the standing-Pasanda Vana-Vidya School board meetings 2022-25; the Tuesday-week-5 council vote-in-favour),"The 47-year-old standing-Pasanda-Munda. Saranatu-Sarna tribal-council seat-holder #9 by election 2017 (3-term re-election to 2027). Vana-Vidya Trust school-board chairman since 2022 (founding-board membership). Son Devnath Munda (age 16-and-11-months) is at the standing-North-Karanpura mine shift-trainee position since May 2025. Senior delegate of the standing-coal-tribal block at the Tuesday-week-5 council; votes in favour of Resolution 47/2025 at the 1:11 p.m. count. Votes against the standing-Vana-Kula clan-mother veto-clause at the standing-amended-charter ratification-vote (the single-opposition vote at the 23-1 ratification). Resigns from the Vana-Vidya Trust school-board chairmanship at 5:11 p.m. day-24 (concurrent with ratification); resignation accepted by Vana-Vidya Trust board-secretariat day-25 (by then the Saranda-Vidya Replacement Trust transfer-cell). Withdraws Devnath Munda from the standing-North-Karanpura mine shift-trainee position day-31.","Standing-Saranatu-Sarna tribal-council seat #9 (2017-2027); standing-Vana-Vidya Trust school-board chairman 2022-26 (resigned day-24); standing-coal-tribal block senior delegate at the Tuesday-week-5 council; future-Sanctuary repentance-delegate at the East-cluster deferential-position; cross-region acknowledgement-letter recipient from Pati-Mahapatra Senapati at Kalinga-Chakra (Brahmin senior-priest mob-justice cremation-officiant alone parallel — both standing-coal-and-cult senior-delegate failed-position repentance)","Forty-seven. Wears the standing-Munda-tradition white-cotton dhoti-and-kurta with the standing-Vana-Vidya Trust standing-school-board pin at the left-collar across Ch 2 (removed day-24 at the resignation). Per Ch 3 plan he attends the Sanctuary at the East-cluster deferential-position as the standing-coal-tribal repentance-delegate; his day-31 withdrawal of Devnath is the pattern-anchor for the standing-Eastern-Federation standing-coal-question working-group. Survives Volume I."
jharkhand-m-bhardwaj,Jharkhand,east,2,Dr. M. Bhardwaj,cross-region-veterinary-cell-aranya-putra-grief-fasting,41,male,Standing Forest-Department Veterinary-Cell On-Call Veterinarian (Patna Regional-Cell — Cross-Region Coordination Protocol with Vana-Agni),—,Ch 2 Beat 2 (the day-11 grief-fasting confirmation at the Pasanda state-hero residence),"The 41-year-old standing-Forest-Department veterinary-cell on-call veterinarian at the Patna regional-cell since 2014. Standing-younger-brother of Dr. K. Bhardwaj (the Bihar Valmiki-Tiger-Reserve hollow-gaur incision-cross-reference investigator from 19 days prior). Patna-Medical-College Veterinary-Pathology Master's 2007-09; Patna-University Veterinary-Surgery 2009-14. Arrives at the standing-Pasanda-village state-hero residence at 11:11 a.m. day-11 of the felling-period at the kingdom-council cross-region veterinary-coordination protocol (opened by Dr. K. Bhardwaj at Vajra-Bhumi day-94 hollow-gaur recognition; the Vana-Agni Aranya-Putra grief-fasting was logged at the cross-region veterinary alert-cell at 6:11 a.m. day-6 of the felling-period). Confirms standing-grief-fasting at the pre-mortality margin at 11:43 a.m. day-11. Administers standing-IV-saline at 12 l/day from day-12 to day-29 (18-day continuous-administration). Removes IV-line at 7:14 a.m. day-30 after Aranya-Putra's water-bucket spontaneous-drinking at 6:08 a.m. Files veterinary-recovery report 9:11 a.m. day-30.","Standing-Forest-Department veterinary-cell 2014-26 (12-year tenure); younger-brother of Dr. K. Bhardwaj (Bihar Valmiki hollow-gaur investigator) — standing-cross-region veterinary-coordination protocol's standing-East-cluster shared family-line; standing-Aranya-Putra grief-fasting on-call veterinarian; future-Sanctuary delegate at the East-cluster veterinary-cross-region coordinator position","Forty-one. Wears the standing-Forest-Department veterinary-cell olive-green field coat with the standing-Patna regional-cell shoulder-patch. Per Ch 3 plan he is the standing-East-cluster veterinary-cross-region coordinator at the Sanctuary; his standing-day-30 recovery report on Aranya-Putra is the standing-veterinary-pathology-cell's standing-elephant-grief-fasting cross-reference document (the standing-saga's standing-first elephant-grief-fasting pre-mortality recovery instance under the standing-IV-saline 18-day continuous-administration protocol). Survives Volume I."
jharkhand-coal-whispers,Jharkhand,east,2,The Coal-Seam Whispers,maw-sign-20-substrate-voice,—,—,Standing Maw Sign #20 — The Saga's Sixth Paired-Sign Category Opening (Substrate-Voice — Pair Awaiting),—,Ch 2 Beat 2 (first whisper at 4:11:08 a.m. day-13 of the felling-period at North-Karanpura deep-seam-6),"At 4:11:08 a.m. on day-13 of the standing-felling-period the standing-North-Karanpura mine's standing-deep-seam-6 (at vertical-depth 411 metres below the surface; the Jharia-coalfield's second-deepest active extraction-face) begins to whisper at approximately 55 dB in a standing-Magadhi-Prakrit-tinged register. The 3-word phrase resolves at 4:34 a.m. as the standing-Sal-tree-and-grove invocation-couplet 'Ah Sal, Ah Sarna' — the Saranatu-Sarna naming-couplet that Aranya-Mata Tudu spoke at the standing-Tuesday-week-5 council opening 25 hours before the standing-felling began. The whisper repeats at the standing-11-second repetition-cycle for the following 47 minutes. Across the standing-following 7-day cascade approximately 240 miners experience standing-bilateral-sensorineural permanent deafness. The Aditya-Coal extraction-operation halts on day-7 of the cascade under the DGMS emergency-closure order. The extraction-license for the Saranatu-Sarna grove is cancelled on day-25 at 11:11 a.m. at the State-Forest-Department licensing-cell — the standing-first standing-extraction-license cancellation in Indian-mining-regulation history triggered by a Maw-sign rather than conventional safety-hazard. The Maw has demonstrated the capacity to utter language from a non-living substrate (coal-seam stratification at 411-metre depth) at 55-dB intensity in a Magadhi-Prakrit-tinged register that the bonded-population mother-tongue speakers cannot directly identify but can clearly distinguish as language — followed by the deafness-cascade across the listener-cohort.","Standing-Maw-sign-recognition cell's standing-evidence-documents G-20A (D. Kacchap shift-foreman incident-report), G-20B (DGMS regional-officer day-14 confirmation-letter), G-20C (Patna-AIIMS audiology-cell 240-patient pathology report); standing-pair-candidate awaiting in subsequent Ch 2 kingdom (West-Bengal Sundarbans alluvium-voice or Andhra-Pradesh Krishna-delta sediment-voice projected by the standing-Eastern-Federation watch-protocol); standing-D. Kacchap standing-first-witness anchor; standing-Aranya-Mata Tudu standing-pre-vote prediction-anchor","Saga's TWENTIETH Maw sign — first substrate-voice experiment at non-living-substrate scale. Opens the saga's sixth paired-sign category (substrate-voice: the Maw utters language from non-living substrate). 5 categories complete (material-experiment Kerala-AP; Maw-language Mizoram-TN; shadow Arunachal-Telangana; direction-reversal Assam-Odisha; hollow-from-within Maharashtra-Bihar); 1 category open and watching (substrate-voice Jharkhand-?). The standing-coal-whispers were predicted at the standing-Tuesday-week-5 council 25 hours before they began — Aranya-Mata Tudu's standing-pre-vote 3rd-clause ('the standing-Maw will speak in the standing-language of our standing-grandmothers from the standing-place that does not breathe air') is the standing-saga's standing-first kingdom-council pre-vote Maw-sign prediction. The standing-cross-network villain-funded mine-labour subcontracting at the standing-Aditya-Coal partnership is the standing-substrate-voice's standing-target-selection direct-message-pattern: the Maw speaks the standing-grandmothers' language at the standing-coal-face where the standing-grandchildren of the standing-grandmothers had been ordered to extract. The standing-substrate-voice rule extends the standing-Maw-language pair (Mizoram-TN) to a third dimension: language can be carried by a living-creature (Mizoram serow), by a sealed-historical-page (Tamil Nadu epic), or by a non-living substrate (Jharkhand coal-seam)."
west-bengal-ganesh-babu,West Bengal,east,2,Ganesh-Babu,inner-antagonist-suryavamsha-patriarch,63,male,Standing Suryavamsha-Noble of Bhowanipore Mansion + Standing Calcutta High Court Petition-Filer + Standing Adharma-Kendra Cross-Network Eastern Field-Operative Coordinator (NEW per restructure §6),Bloodline-B Suryavamsha-line,Ch 2 Beat 1 (Bhowanipore mansion library-safe occasional-glimpses across 2013-2026 observed by Bilash-Babu) — active through Beat 4 exfiltration,"The 63-year-old standing-Suryavamsha-noble of the Bhowanipore mansion (12 Lansdowne Terrace, Bhowanipore-Calcutta; 3-story colonial-bungalow built 1873 by Suryavamsha-line great-great-grandfather). Retired Indian Administrative Service officer 1985-2014 (Joint Secretary at Mamata-Banerjee government). Father of Sundarvani (38, by his wife Latika-Devi who died breast-cancer 2010), Bilash-Babu (31), and the secret Kala-Nadi (38). Recognised Kala-Nadi at Bhowanipore mansion front-gate 4:14 p.m. Tuesday week 1 by delta-mud at her ankles and iris-pattern flecked-grey at 11-o'clock photographed at her 13th-birthday Gosaba ceremony 2001. Filed Suryavamsha-tradition Patrilineal-Primogeniture petition at Calcutta High Court Civil-Court emergency-petition session 11:11 a.m. Friday week 6. Co-coordinated Adharma-Kendra cross-network Eastern field-operative cell at Bhowanipore mansion safe-house since October 2025 (3 confirmed cross-network correspondence-letters: Oct 14 2025 / Dec 23 2025 / Mar 11 2026). Departed Bhowanipore noon Sunday week 11 at Adharma-Kendra exfiltration-protocol with Kala-Nadi and Suryamukha. Reached Bhutan-border Phuentsholing safe-house 7:11 p.m. Wednesday week 12.","Standing-Suryavamsha-noble of Bhowanipore 1996-2026 (30-year tenure); standing-IAS retired Joint Secretary 1985-2014; standing-Adharma-Kendra cross-network Eastern field-operative coordinator since Oct 2025; standing-Phuentsholing safe-house cell joint-operative with Acharya Ghora, Vana-Raksha, and Vinasha-Garbha; father of Sundarvani (deceased early Ch 3 twin-confrontation), Bilash-Babu (defected Sunday week 11; inherits Bengal Ch 3), and the secret Kala-Nadi (deceased early Ch 3 mutual-kill outcome); future-Ch 3 killed-by-Bilash-Babu at Bhowanipore confrontation at Sundarvani-funeral aftermath","Sixty-three. Wears the standing-Bhadralok-tradition white-cotton dhoti-and-punjabi at the standing-formal-engagement protocol; the standing-IAS standing-retired Joint Secretary lapel-pin at the standing-Calcutta High Court appearance day. Per Ch 3 plan he is killed by Bilash-Babu at the Bhowanipore mansion confrontation late-Ch 3 at the standing-Sundarvani-funeral aftermath moment. The standing-Adharma-Kendra cross-network correspondence-cluster (3 letters Oct 2025 / Dec 2025 / Mar 2026) is the kingdom-council's standing-cross-network evidence-document cluster B-21C, B-21D, B-21E."
west-bengal-bilash-babu,West Bengal,east,2,Bilash-Babu,defecting-younger-brother-east-dominant-deferential-successor,31,male,Standing Bhowanipore Mansion Southern-Wing Resident → Standing East-Dominant-Deferential-Successor Seat-Holder (NEW per restructure §5 and §1),Bloodline-B Suryavamsha-line,Ch 2 Beat 1 (Bhowanipore mansion southern-wing observation-window position since 2013) — active through Beat 4 defection,"The 31-year-old Sundarvani's younger brother by 7 years. Ganesh-Babu's younger son. Standing-Bhowanipore mansion southern-wing resident since age 18 (unmarried; standing-Suryavamsha-tradition house-attendant-son across prior 13-year window). Observed the 38-year secret-arrangement at library-safe occasional-glimpses across 2013-2026 at the do-not-stir-the-father discipline. Observed Kala-Nadi arrival 4:14 p.m. Tuesday week 1 from southern-wing window. Observed 11 weekend-visits from southern-veranda observation-window position. Observed Sunday-week-9 claiming. Observed Sundarvani's kneeling at 11-metre proximity. Did not sleep for 11 nights between claiming and defection. Witnessed Kala-Nadi's mother-imitation-fracture at 11:11 p.m. Friday week 11 (bedtime-story 11th-paragraph mother-line pause). Acted 11:43 a.m. Sunday week 11. Opened Bhowanipore library-safe with key observed at Ganesh-Babu bedroom-dresser at Sunday-morning chess-session position. Took 1988 birth-record original, paternal-grandmother's 1988 custodial-care arrangement-letter, and 3-letter Adharma-Kendra cross-network correspondence-cluster. Walked 23 km from Bhowanipore to Howrah-Bhavan across 11:56 a.m.-4:13 p.m. Delivered evidence to Howrah-Bhavan kingdom-council emergency-session 4:13 p.m. Conferred East-Dominant-deferential-successor seat at amended-charter ratification-day.","Standing-Bhowanipore mansion southern-wing resident 2013-2026 (13-year tenure as house-attendant-son); standing-evidence-documents B-21A through B-21E author (1988 birth-record, custodial-care arrangement-letter, 3 Adharma-Kendra correspondence-letters); standing-East-Dominant-deferential-successor seat-holder; Bengal Ch 3 inheritor at Sundarvani-twin-confrontation death moment; Sanctuary spring 2026 East-cluster deferential-position behind Vajramukha and Jagannath-Bandhu; Ch 3 killer of Ganesh-Babu at Bhowanipore confrontation late-Ch 3 Sundarvani-funeral aftermath; Suryamukha's legal-guardian at Sundarvani-death moment until age 18","Thirty-one. Wears the standing-Bhadralok-tradition off-white cotton kurta-and-pyjama with the standing-Bhowanipore southern-wing house-attendant-pin at the left-collar across Ch 2 (removed at defection moment). Per restructure §5 he is a New Male Character introduced at Ch 2 Stage III for the standing-male-led East-cluster succession. Per restructure §1 he inherits Bengal in Chapter Three after Sundarvani's early-Ch 3 twin-confrontation death; carries Bengal-State seat across Ch 3 and Ch 4. The standing-13-year delay at the do-not-stir-the-father discipline is the standing-saga's standing-late-witness redemption-pattern; the standing-11-night sleepless-vigil after the claiming is the standing-discernment-window. Per Ch 3 plan he is the East-cluster repentance-delegate at the Sanctuary; takes Suryamukha into custody at the Sundarvani-death moment; raises Suryamukha at the Howrah-Bhavan secretariat residence under the standing-clan-mother-equivalent guardianship arrangement until age 18."
west-bengal-suryamukha,West Bengal,east,2,Suryamukha,protected-anchor-child-bloodline-cb-hybrid,11,male,Standing Sundarvani's Son + Standing Adharma-Kendra Cross-Network Bloodline-C+B Cultivation-Target + Standing Ch 3 Returner-To-Mother (NEW per restructure §5),Bloodline-C+B hybrid,Ch 2 Beat 1 (Loreto-House Calcutta class-6 academic-year 2025-26) — active through Beat 4 exfiltration,"The 11-year-old standing-Bloodline-C+B hybrid son of Sundarvani. Born September 11 2014 at Calcutta Lake Gardens private-nursing-home. Standing-deceased father Pradip Choudhury (Bloodline-B Suryavamsha-line; died cardiac-arrest October 11 2023 at age 38 at the standing-Hindusthan Park flat after a standing-routine work-day). Standing-paternal-grandmother Rohini Choudhury (1958-2018) was Adharma-Kendra's elder-sister at Adharma-Kendra cross-network Bloodline-mixing protocol; the Suryamukha is the cross-region planning document's Adharma-shadow-nephew anchor. Standing-Adharma-Kendra cross-network cultivation-target since age 4 at standing-paternal-grandmother's standing-pre-mortality instruction. Standing-Loreto-House Calcutta class-6 student academic-year 2025-26. Met Kala-Nadi at Bhowanipore southern-veranda Saturday week 7; cultivated across 11 weekend-visits May-June through mirror-perfect mother-imitation discipline. Chose Kala-Nadi at 5:14:58 p.m. Sunday week 9 at southern-veranda: 'Ma. I love you. I love Kala-Mashi too. She makes me luchi. She helps me with my history-essays. She teaches me the tidal-clock. She is also my mother. I want to stay with her. I will visit you. I will not forget you. Please understand. I am eleven. I know what I want.' Departed Bhowanipore noon Sunday week 11 with Kala-Nadi and Ganesh-Babu at Adharma-Kendra exfiltration.","Sundarvani's son (Bloodline-C); deceased father Pradip Choudhury (Bloodline-B Suryavamsha-line cardiac-arrest Oct 11 2023); deceased paternal-grandmother Rohini Choudhury (1958-2018, Adharma-Kendra's elder-sister); Loreto-House Calcutta class-6 academic-year 2025-26; standing-Adharma-Kendra cross-network Bloodline-mixing cultivation-target since age 4; standing-Bhowanipore mansion southern-veranda 11 weekend-visits May-June 2025; future-Sanctuary delegate at age 13 (Ch 3 late twin-confrontation aftermath standing-East-cluster delegation under Bilash-Babu legal-guardianship)","Eleven. Wears the standing-Loreto-House Calcutta white-and-navy school-uniform at the standing-academic-year 2025-26 weekday-rotation; the standing-Bhowanipore mansion southern-veranda Saturday-and-Sunday weekend-cotton kurta at the May-June weekend-visit window. Per Ch 3 plan he recognises the standing-Sundarvani-real cadence at the Gosaba-island final twin-confrontation when Kala-Nadi's mother-imitation collapses at the death-moment; returns to Sundarvani at the standing-pre-mortality 47-minute window during which she dies at the confrontation-injury; is at her standing-side at the death-moment. Inherited at Bilash-Babu's legal-guardianship at Sundarvani-death moment; raised at Howrah-Bhavan secretariat residence under the clan-mother-equivalent guardianship arrangement until age 18. Carries the standing-Sundara-Vana Bloodline-C+B-hybrid inheritance across Ch 3 and Ch 4; attends the Sanctuary at age 13 at the East-cluster delegation behind Bilash-Babu and Vajramukha."
west-bengal-pradip-choudhury,West Bengal,east,2,Pradip Choudhury,deceased-husband-suryavamsha-line,38,male,Standing Suryavamsha-Line Husband (DECEASED Ch 1 cardiac-arrest October 11 2023),Bloodline-B Suryavamsha-line,Ch 1 reference only (deceased pre-Ch 2; cited in Ch 2 character-records),"Sundarvani's standing-deceased husband. Bloodline-B Suryavamsha-line; brother of Rohini Choudhury (1958-2018, Adharma-Kendra's elder-sister and Suryamukha's paternal-grandmother). Standing-Calcutta Stock-Exchange senior trader 2007-2023 (16-year career). Married Sundarvani in 2013 at the standing-Bhowanipore mansion arranged-marriage at Ganesh-Babu's standing-Suryavamsha-tradition-bridge-arrangement. Father of Suryamukha (born September 11 2014). Died of standing-cardiac-arrest at the standing-Hindusthan Park flat at 11:11 p.m. on October 11 2023 at age 38 after a routine work-day; medical-certificate signed by Dr. R. Mukherjee at Belle Vue Clinic 11:43 p.m. State-funeral at Keoratala cremation-ghat October 12 2023.","Sundarvani's husband 2013-2023; Suryamukha's father (deceased before age 9); Rohini Choudhury's brother (deceased); Adharma-Kendra's nephew via Rohini-line; Calcutta Stock-Exchange senior trader 2007-23; Bhowanipore mansion arranged-marriage at Ganesh-Babu's bridge-arrangement","Thirty-eight at death. The standing-cardiac-arrest at 11:11 p.m. is the standing-cross-network investigation cell's standing-suspected Adharma-Kendra cross-network targeted-removal at the standing-pre-2024 Bloodline-mixing Suryamukha cultivation-preparation window (the standing-Suryamukha cultivation-target required the standing-paternal-figure removal at the standing-pre-mortality window to ensure the standing-grandmother-side Adharma-Kendra cultivation-line dominance at the standing-Suryamukha standing-paternal-grandmother instruction-line; the standing-cross-network investigation is at the standing-open-protocol at the Ch 2 closure but the standing-medical-certificate Belle Vue Clinic record does not bear the standing-toxicology-cross-reference necessary for the standing-confirmation at this time)."
west-bengal-justice-bhattacharjee,West Bengal,east,2,Justice K. Bhattacharjee,calcutta-high-court-presiding-judge-jurisdiction-narrowed-ruling,67,male,Standing Calcutta High Court Civil-Court Presiding Judge (Jurisdiction-Narrowed Ruling Author),—,Ch 2 Beat 2 (Friday-week-6 Calcutta High Court Civil-Court emergency-petition session),"The 67-year-old standing-Honourable Justice K. Bhattacharjee at the Calcutta High Court Civil-Court since 1989 (36-year career). Standing-Bhadralok-tradition Patrilineal-Primogeniture jurisprudence-scholar. Author of the 2014 Calcutta High Court compendium on Suryavamsha-tradition inheritance-precedent. Presided over the standing-Calcutta High Court Civil-Court emergency-petition session Friday week 6 at 11:11 a.m. Read petition for 11 minutes; read attached evidence for 7 minutes; asked Sundarvani for respondent-statement at 11:43 a.m.; received Sundarvani's 3-minute jurisdiction-contestation statement (state-hero seat is fishing-cat-bond-conferral seat, not Patrilineal-Primogeniture jurisdiction). Delivered jurisdiction-narrowed ruling 12:11 p.m.: 'Patrilineal-Primogeniture clause applies to Bhowanipore mansion and Choudhury trust-fund only; state-hero seat excluded; 1988 11-minute birth-priority confirmed; Bhowanipore and trust-fund principal-inheritance transferred to Kala-Nadi.'","Standing-Calcutta High Court Civil-Court presiding judge 1989-2026 (36-year career); standing-Bhadralok-tradition Patrilineal-Primogeniture jurisprudence-scholar; author of 2014 Calcutta High Court compendium on Suryavamsha-tradition inheritance-precedent; standing-jurisdiction-narrowed ruling author (saga's first kingdom-charter jurisdiction-clarification at civil-court emergency-petition session); future-Sanctuary delegate at standing-Calcutta High Court Civil-Court senior-judicial representative","Sixty-seven. Wears the standing-Calcutta High Court black-robe-and-white-band judicial-uniform at the standing-Civil-Court emergency-petition session. The standing-jurisdiction-narrowed ruling is the standing-saga's standing-first kingdom-charter jurisdiction-clarification precedent; the standing-precedent is incorporated into the standing-amended Sundara-Vana charter at the standing-First-Provision codification. Survives Volume I."
west-bengal-captain-ghosh,West Bengal,east,2,Captain A. Ghosh,delta-battalion-captain-eleven-metre-proximity-protocol,43,male,Standing Delta-Battalion Captain (Twelve-Member Cohort Commander),—,Ch 2 Beat 3 (Sunday-week-9 5:11 p.m. Bhowanipore mansion front-gate stand-down protocol),"The 43-year-old standing-Sundarbans Delta-Battalion Captain since 2019 (6-year tenure). Standing-State-Civil-Service auxiliary cohort officer. 12-member Delta-Battalion command at standing-Sundarbans-Reserve protection-protocol. Arrived at Bhowanipore mansion front-gate 5:11 p.m. Sunday week 9 at 11-metre proximity at armed-extraction position-ready protocol. Received Sundarvani's direct-discretion order at 5:11:11 p.m.: 'Stand at 11-metre proximity. Do not enter. Do not raise the weapon. Do not intervene at any moment regardless of what you see at the southern-veranda.' Held position for 47 minutes 5:11-5:58 p.m. Saluted Sundarvani at jeep-boarding-threshold 5:16:43 p.m. without acknowledgment-return.","Standing-Sundarbans Delta-Battalion Captain 2019-2026 (6-year tenure); standing-State-Civil-Service auxiliary cohort officer; standing-12-member Delta-Battalion commander; standing-Sundarvani's direct-discretion order recipient at Sunday-week-9 5:11 p.m. stand-down protocol; future-Sanctuary delegate at Delta-Battalion senior-officer representative","Forty-three. Wears the standing-Sundarbans Delta-Battalion olive-and-blue uniform with the standing-Captain shoulder-cord and the standing-fishing-cat-emblem chest-patch. Survives Volume I. Per Ch 3 plan he attends the Sanctuary as the Delta-Battalion senior-officer representative; commands the standing-Beast-Rising response cohort at the Sundarbans Reserve during the standing-Ch 3 first Beast-Rising."
west-bengal-m-sardar,West Bengal,east,2,M. Sardar,sajnekhali-reserve-night-watch-tidal-mudflat-recording,43,male,Standing Sajnekhali Tiger-Reserve Night-Watch Officer (Evidence-Document M-21A Author),—,Ch 2 Beat 4 (Saturday-week-11 4:23 a.m. tidal-mudflat utterance recording),"The 43-year-old standing-Forest-Department Sajnekhali Tiger-Reserve night-watch officer since 2015 (10-year tenure). Standing-Munda-tribal-line by birth; standing-Sundarbans-Reserve watch-tower position at the Sajnekhali-village northern boundary. Recorded the tidal-mudflat utterance on night-watch radio at 4:23 a.m. Saturday week 11 from Sajnekhali watch-tower at 11-km southern proximity to Gosaba-mudflat. Filed Sajnekhali-Reserve watch-tower incident-report 7:11 a.m. Saturday week 11. The recording is kingdom-council Maw-sign-recognition cell evidence-document M-21A.","Standing-Sajnekhali Tiger-Reserve night-watch officer 2015-2026 (10-year tenure); standing-Munda-tribal-line by birth; standing-evidence-document M-21A author; future-Sanctuary delegate at Sajnekhali-Reserve night-watch representative","Forty-three. Wears the standing-Forest-Department khaki-and-olive uniform with the standing-Sajnekhali night-watch shoulder-cord. Survives Volume I. Per Ch 3 plan he attends the Sanctuary as the standing-Sajnekhali-Reserve night-watch representative; his recording is the East-cluster substrate-voice paired-sign-naming document anchor."
west-bengal-k-mukherjee,West Bengal,east,2,Dr. K. Mukherjee,forest-department-wildlife-division-tiger-departure-confirmation,58,male,Standing Forest-Department Wildlife-Division On-Call Senior Officer (Evidence-Document M-21B Author),—,Ch 2 Beat 4 (Friday-night-week-11 midnight tiger-departure coordinated-walk confirmation),"The 58-year-old standing-Forest-Department Wildlife-Division ASI-rank standing-on-call senior officer at the Sundarbans Reserve administration since 2013. Confirmed the coordinated tiger-departure at Sajnekhali night-watch tower camera-trap monitoring-feed at Friday-week-11 midnight. Filed Forest-Department tiger-departure confirmation report 6:11 a.m. Saturday week 11. Coordinated the Bardhaman-Birbhum mainland Forest-Department cross-region transfer-recognition protocol across the following 8-day window (mainland camera-trap count ~93 confirmations). The confirmation-report is kingdom-council Maw-sign-recognition cell evidence-document M-21B.","Standing-Forest-Department Wildlife-Division ASI-rank on-call senior officer 2013-2026 (13-year tenure); standing-evidence-document M-21B author; cross-region coordination protocol with Bardhaman-Birbhum mainland Forest-Department; future-Sanctuary delegate at Wildlife-Division representative","Fifty-eight. Wears the standing-Forest-Department Wildlife-Division olive-and-brown ASI-rank uniform with the standing-Wildlife-Division shoulder-cord. Survives Volume I. Per Ch 3 plan he coordinates the standing-tiger-return protocol at the Ch 3 Sanctuary opening Sundarvani-mourning aftermath; oversees the Sundarbans Reserve standing-charter-recognised tiger-population restoration."
west-bengal-tidal-mudflat,West Bengal,east,2,The Sundarbans Tidal-Mudflat,maw-sign-21-substrate-voice-living-substrate-pair-completion,—,—,Standing Maw Sign #21 — The Saga's Sixth Paired-Sign Category Completion (Substrate-Voice Pair with Jharkhand),—,Ch 2 Beat 4 (first utterance 4:11:23 a.m. Saturday week 11 at Gosaba-island tidal-mudflat),"At 4:11:23 a.m. Saturday week 11 (concurrent with Sundarvani's Stage III mark-formation at Gosaba-island mudflat) the Sundarbans tidal-mudflat began to speak at approximately 47 dB in Bengali-Brahmaputra-tradition cadence. The 3-word phrase resolved at 4:13:07 a.m. as the Sundarbans engineer-priestess tradition tidal-mudflat invocation-couplet 'Bhasha-jal, Mata-jal' (water that speaks, water that mothers) — the paternal-grandmother instruction-couplet both twins received at age 7 at shared Gosaba-island grandmother instruction-line. The utterance repeated at the 11-second repetition-cycle across the rising-tide window (4:11-7:18 a.m.) and continues at each subsequent rising-tide window across the following 93-day post-mark monitoring period. M. Sardar (Sajnekhali Reserve night-watch officer, 43) recorded at 4:23 a.m. from 11-km south Sajnekhali watch-tower. Concurrent with the utterance the standing-Sundarbans Reserve standing-96 Royal Bengal Tigers left the islands in a single night (Friday-into-Saturday week 11; coordinated-departure-walk to Hooghly-river crossing recorded 11:43 p.m. Friday). Mainland camera-trap count returned ~93 confirmations at Bardhaman-Birbhum forest-tracts across following 8-day window. The Maw has demonstrated the capacity to utter language from a living-substrate (Sundarbans tidal-mudflat alluvium-sediment at Hooghly-Matla confluence) at ~47 dB Bengali-Brahmaputra cadence that engineer-priestess mother-tongue speakers directly identify as the grandmothers' naming-couplet.","Standing-Maw-sign-recognition cell's standing-evidence-documents M-21A (M. Sardar Sajnekhali-Reserve recording), M-21B (Dr. K. Mukherjee Forest-Department tiger-departure confirmation), M-21C (Bardhaman-Birbhum mainland Forest-Department 8-day cross-reference count); paired with Jharkhand's Coal-Seam Whispers as saga's 6th cross-region Maw-sign pair (substrate-voice — completes the paired-sign category); Animal-Bond-Indicator standing-cooperative-departure 3rd application after Odisha sambar-deer and Assam Kaziranga-rhino","Saga's TWENTY-FIRST Maw sign — first living-substrate utterance experiment at tidal-surface scale. COMPLETES the saga's sixth paired-sign category (substrate-voice: the Maw utters language from substrate, living or non-living). 6 categories now complete (material-experiment Kerala-AP; Maw-language Mizoram-TN; shadow Arunachal-Telangana; direction-reversal Assam-Odisha; hollow-from-within Maharashtra-Bihar; substrate-voice Jharkhand-Bengal). The standing-Chapter-Two cross-reference catalogue is now 6-category complete at 21 Maw-signs across 21 catalogued kingdoms. 9 kingdoms remain (Haryana, HP, Punjab, Uttarakhand, Kashmir, Gujarat, Rajasthan, Chhattisgarh, Andaman); their signs will either extend the existing 6 categories at the standing-3rd-or-4th-entry expansion-protocol or open a 7th category at the Maw's next experiment-vector. The standing-East-cluster (Cluster 2.F) is now complete at 4 kingdoms (Odisha, Bihar, Jharkhand, Bengal) with 4 Maw-signs across 3 formally-recognised paired-sign categories (direction-reversal, hollow-from-within, substrate-voice). The standing-substrate-voice pair (Jharkhand non-living + Bengal living) is the standing-saga's standing-most-codified cross-region paired-sign-naming protocol completion-instance — the standing-Sundara-Vana tidal-mudflat utterance was predicted at the standing-Jharkhand-Vana-Agni Aranya-Mata Tudu pre-vote 25-hour-prediction (her grandmothers' language from the place that does not breathe air) and confirmed at the standing-Bengal-Sundara-Vana grandmothers' language from the place that breathes tidal-water-air at the completing-second-entry."
punjab-karam-kaur,Punjab,north,2,Bibi Karam-Kaur,enforcer-mastuana-sahib-gurdwara-administrator,47,female,Standing Sant-Atar-Singh-Gurdwara-Mastuana-Sahib Administrator + Standing Kirpan-Sangha Enforcement-Cohort Commander + Standing Beas-Resettlement Replacement Trust Co-Founder (NEW per restructure §5 enforcer-pattern),—,Ch 2 Beat 2 (Mastuana-Sahib kirpan-justice protocol February 23 2026) — active through Beat 4,"The 47-year-old standing-Sikh-tradition village-headwoman of the Mastuana-Sahib village (Sangrur district) since 2017 (9-year tenure). Standing-Sant-Atar-Singh-Gurdwara-Mastuana-Sahib administrator since 2019 at Gurmat-tradition kirpan-justice protocol. Standing-only living standing-female gurdwara-administrator at Sant-Atar-Singh-tradition 11-gurdwara network across Sangrur-Patiala-Mansa corridor (tradition initiated by Mata Sahib Devan in 1699 Khalsa-creation; 6 administrators across 300-year window to Karam-Kaur). Standing-personal-execution of 3 standing-Beas-poisoners-caught-red-handed at Mastuana-Sahib gurdwara-tank February 23 2026 at Sant-Atar-Singh-tradition kirpan-justice protocol (the 3 were Hoshiarpur-Pathankot industrial-effluent contract-discharge operators engaged by Akhand-Saint-Brotherhood-Trust secondary-contract to dispose of remaining OMP-211 mixture; State-Police Sangrur-District Sub-Inspector recorded 3 bodies at Gurmat-justice register under 1925 Sikh Gurdwaras Act Section 105 Gurmat-jurisdiction recognition-clause; no IPC 302 murder-investigation). Meets Panchanada at Mastuana-Sahib Gurdwara April 1 2026; accepts enforcer-role at Anandpur-Sahib Vaisakhi-day decree. Stands at his 3-metre-right enforcer-position with Mastuana-Sahib kirpan unsheathed at vertical-readiness across 11-second decree-signature window April 13 2026 4:11-4:14 p.m. Co-founds Beas-Resettlement Replacement Trust April 14-17 2026 with Panchanada (~₹197 crore traced-corpus transferred). Commands 311-warrior Kirpan-Sangha enforcement-cohort across Sutlej-Ravi-Chenab cooperating-corridor 20-year Beas-extraction-prohibition enforcement-protocol.","Standing-Sikh-tradition village-headwoman Mastuana-Sahib 2017-2026 (9-year tenure); Sant-Atar-Singh-Gurdwara administrator 2019-2026; saga's standing-first female-enforcer-pattern per restructure §5; Panchanada's standing-3-metre-right enforcer at Anandpur-Sahib decree; Beas-Resettlement Replacement Trust co-founder-director; Kirpan-Sangha enforcement-cohort commander across Sutlej-Ravi-Chenab 20-year prohibition; future-Sanctuary North-cluster delegate alongside Panchanada; future-Akal-Takht Bhog-Akhand-Patha tribunal co-accused (accepts the breaking-of-Sarbat-Khalsa charge alongside Panchanada; does not contest, does not seek pardon)","Forty-seven. Wears standing-Mastuana-Sahib gurdwara-administrator white-cotton kurta-and-salwar with the standing-saffron-dupatta over the shoulder; standing-Sant-Atar-Singh-tradition kirpan at the standing-left-shoulder sheath-position; standing-iron kara at right-wrist; standing-blue dastaar at the head. Per restructure §5 she is a New Female Character introduced at Ch 2 Stage III at the standing-enforcer-role where female-character provides standing-ruthlessness the male-hero lacks (saga's first such pattern). Survives Volume I. Per Ch 3 plan she attends Sanctuary at North-cluster delegation alongside Panchanada; appears at Akal-Takht future-tribunal as co-accused; carries Beas-extraction-prohibition enforcement-protocol across 20-year window. The standing-Karam-Kaur kirpan-justice February 23 administration is the standing-saga's standing-most-quoted female-direct-action Ch 2 moment alongside Sundarvani's letting-go and Sukhdeo-Aaj's death-aftermath."
punjab-sukhpreet-singh,Punjab,north,2,Bhai Sukhpreet-Singh,akal-takht-jathedar-witness-recorder,63,male,Standing Akal-Takht Senior-Jathedar + Standing Vaisakhi-Day Witness + Standing Reflection-Substitution First-Observer + Standing Future-Tribunal Convenor,—,Ch 2 Beat 1 (Wednesday-evening session November 12 2025) — active through Beat 4,"The 63-year-old standing-Akal-Takht Jathedar (senior-officiant) since 2018 (8-year tenure). Damdami-Taksal graduate 1985; jathedar-training career across 41 years 1985-2026. Reviewed Kirpan-Sangha intelligence-cell cross-reference-discrepancy memo at November 12 Wednesday-evening session and acknowledged Sant Hari-Charanjit Maharaj forged-credential identification but did not authorise pre-emptive intervention at Sarbat-Khalsa unanimity-protocol jurisdiction-determination. Presided at Akal-Takht senior-seat at 47 Sarbat-Khalsa failed-sessions January 11-March 23 2026. Received Panchanada at private audience at Akal-Takht eastern-veranda Wednesday-evening 7:11 p.m. March 23 2026; promised to sit at Anandpur-Sahib Takht-spire on Vaisakhi-day as witness-only (not blesser, not condemner, recorder). Sat at Anandpur-Sahib Takht-spire across April 13 4:11 p.m. decree-signature window. Observed standing-Harimandir-Sahib sarovar-reflection at standing-1577 Guru-Ram-Das original brick-and-mud-mortar configuration at 4:11:08 a.m. April 14 2026 at Akal-Takht eastern-veranda pre-dawn ardas-position. Photographed at 4:12:11 a.m. Drafted witness-statement at Akal-Takht permanent-record cell at following 47 minutes (the 47th entry across 300-year recorded-history; first entry at Maw-attribution category at saga's cross-region Maw-sign-recognition cell cross-reference).","Standing-Akal-Takht Jathedar 2018-2026 (8-year tenure); Damdami-Taksal graduate 1985; saga's first standing-Akal-Takht-tradition witness-recorder at a standing-Maw-attribution reflection-substitution event; future-Sanctuary delegate at standing-Sikh-tradition senior-jathedar representative; future-Akal-Takht Bhog-Akhand-Patha tribunal convenor (at Sanctuary-following post-2026 window) judging Panchanada at breaking-of-Sarbat-Khalsa charge","Sixty-three. Wears standing-Akal-Takht jathedar saffron-and-blue robe with the standing-Sant-Atar-Singh-tradition Khanda-emblem at the dastaar; the standing-blue jathedar-stole over the shoulder; the standing-iron kara at right-wrist. Survives Volume I. Per Ch 3 plan he convenes the Akal-Takht Bhog-Akhand-Patha future-tribunal at Sanctuary-following post-2026 window to judge Panchanada (and Karam-Kaur as co-accused) at breaking-of-Sarbat-Khalsa charge."
punjab-manjit-singh,Punjab,north,2,Sardar Manjit-Singh,sutlej-state-senior-delegate-obey,63,male,Standing Sutlej-State Senior-Delegate + Standing Bist-Doab Corridor Cooperating-Cohort Lead,—,Ch 2 Beat 2 (Sarbat-Khalsa session 1 of 47) — active through Beat 4,"The 63-year-old standing-Sutlej-river corridor senior-delegate at the Punjab-State kingdom-council seat since 2014 (12-year tenure). Standing-Ferozpur-district Akali-Sikh-administrator. Voted unilateral-sovereignty across 47 Sarbat-Khalsa failed-sessions but signed obedience-protocol at Chandigarh secretariat 4:11 p.m. April 15 2026 (Wednesday post-Vaisakhi). Bist-Doab corridor (Ferozpur, Faridkot, Ludhiana, Sangrur districts; ~4.7 million constituents) is standing-Beas-displaced-population host-corridor at 60% allocation.","Standing-Sutlej-state senior-delegate 2014-2026 (12-year tenure); Ferozpur-district Akali-Sikh-administrator; Beas-displaced-population 60% host-corridor lead; standing-Resettlement-Coordination cell cooperating-delegate; future-Sanctuary delegate at Sutlej-state senior-delegate position","Sixty-three. Wears standing-Akali-Sikh sky-blue dastaar and white-cotton kurta-pyjama with the standing-Khanda-emblem lapel-pin. Survives Volume I."
punjab-daljit-singh,Punjab,north,2,Bhai Daljit-Singh,ravi-state-senior-delegate-obey,58,male,Standing Ravi-State Senior-Delegate + Standing Majha Corridor Cooperating-Cohort Lead,—,Ch 2 Beat 2 (Sarbat-Khalsa session 1 of 47) — active through Beat 4,"The 58-year-old standing-Ravi-river corridor senior-delegate at the Punjab-State kingdom-council seat since 2017 (9-year tenure). Amritsar-district SGPC member; Majha-tradition Sikh administrator. Voted unilateral-sovereignty across 47 Sarbat-Khalsa failed-sessions but signed obedience-protocol at Chandigarh secretariat 4:11 p.m. April 15 2026. Majha corridor (Amritsar, Tarn-Taran, Gurdaspur districts; ~1.6 million constituents) is standing-Beas-displaced-population host-corridor at 40% allocation.","Standing-Ravi-state senior-delegate 2017-2026 (9-year tenure); Amritsar-district SGPC member; Beas-displaced-population 40% host-corridor lead; future-Sanctuary delegate at Ravi-state senior-delegate position","Fifty-eight. Wears standing-SGPC saffron-and-white kurta with the standing-Khanda chest-emblem. Survives Volume I."
punjab-ranbir-singh,Punjab,north,2,Subedar Ranbir-Singh,chenab-state-senior-delegate-obey,61,male,Standing Chenab-State Senior-Delegate + Standing Border-Corridor Cooperating-Cohort Lead,—,Ch 2 Beat 2 — active through Beat 4,"The 61-year-old standing-Chenab-river standing-Indian-corridor senior-delegate since 2019 (7-year tenure). Retired Indian-Army Border-Roads-Organisation Brigadier (1985-2017 career; Pathankot Northern-Command experience). Voted unilateral-sovereignty across 47 Sarbat-Khalsa failed-sessions; signed obedience-protocol at Chandigarh secretariat April 15 2026. Chenab-Indian-corridor (Pathankot and Jammu-Kashmir border-tract; ~0.8 million constituents) is at Indus-Waters-Treaty 1960 standing-restriction-zone.","Standing-Chenab-state senior-delegate 2019-2026 (7-year tenure); retired Indian-Army Border-Roads-Organisation Brigadier; Indus-Waters-Treaty 1960 Pakistan-border liaison; future-Sanctuary delegate at Chenab-state senior-delegate position","Sixty-one. Wears standing-retired-Brigadier khaki blazer with the standing-Border-Roads-Organisation lapel-pin. Survives Volume I."
punjab-inderpal-singh,Punjab,north,2,Sardar Inderpal-Singh,beas-state-senior-delegate-secede,53,male,Standing Beas-State Senior-Delegate + Standing Pathankot Secession-Council Convenor (Sacrificial-Corridor),—,Ch 2 Beat 2 — active through Beat 4 secession,"The 53-year-old standing-Beas-river corridor senior-delegate at Punjab-State kingdom-council seat since 2017 (9-year tenure). Hoshiarpur-district Akali-Sikh-administrator. Voted unilateral-sovereignty across 47 Sarbat-Khalsa failed-sessions; refused to sign Chandigarh obedience-protocol April 15. Convened Pathankot Beas-State-secession-council at Pathankot district-hall April 17 2026 4:11 p.m. Secession-vote completed 47-3. Beas-state seceded de-jure at Pathankot declaration.","Standing-Beas-state senior-delegate 2017-2026 (9-year tenure); Hoshiarpur-district Akali-Sikh-administrator; Pathankot Beas-State-secession-council convenor; future-Sanctuary mediation senior-delegate at Beas-secession; future-Ch 3 reintegration-delegate at Sanctuary-mediation outcome","Fifty-three. Wears standing-Akali-Sikh navy-blue dastaar and white-cotton kurta. Per Ch 3 plan Beas-state secession is resolved at spring-2026 Sanctuary mediation under Gangaputra's River-Sisters alliance reconvening; Inderpal-Singh attends mediation at Beas-secession senior-delegate position. Survives Volume I."
punjab-surinder-kaur,Punjab,north,2,Mata Surinder-Kaur,jhelum-state-senior-delegate-secede,69,female,Standing Jhelum-State Senior-Delegate + Standing Solidarity-Secession Lead,—,Ch 2 Beat 2 — active through Beat 4 secession,"The 69-year-old standing-Jhelum-river standing-Indian-corridor senior-delegate at Punjab-State kingdom-council seat since 2010 (16-year tenure). Standing-Jammu-Kashmir border-Punjabi-tradition matriarch; cross-border Sikh-tradition liaison. Voted unilateral-sovereignty across 47 Sarbat-Khalsa failed-sessions; led Pathankot Jhelum-State-secession-council at Pathankot district-hall April 18 2026 4:11 p.m. Secession-vote completed 31-9. Jhelum-state seceded de-jure in solidarity with Beas-state.","Standing-Jhelum-state senior-delegate 2010-2026 (16-year tenure); Jammu-Kashmir border-Punjabi-tradition matriarch; Pathankot Jhelum-State-secession-council convenor; future-Sanctuary mediation senior-delegate at Jhelum-secession; future-Ch 3 reintegration-delegate at Sanctuary-mediation outcome","Sixty-nine. Wears standing-Jammu-Kashmir border-Punjabi traditional white-cotton phulkari-embroidered chunni and salwar-kameez. Per Ch 3 plan Jhelum-state secession is resolved at spring-2026 Sanctuary mediation; Surinder-Kaur attends mediation at Jhelum-secession senior-delegate position. Survives Volume I."
punjab-a-bedi,Punjab,north,2,Dr. A. Bedi,pspcb-senior-toxicologist-omp-211-identification,47,male,Standing Punjab State-Pollution-Control-Board Senior-Toxicologist + Standing OMP-211 Identification-Confirmation Author,—,Ch 2 Beat 2 (PSPCB emergency-investigation cell January 23 2026 mass-spectrometry analysis),"The 47-year-old standing-PSPCB senior-toxicologist since 2014 (12-year career). Patiala-University Toxicology Master's 2003-05; IIT-Roorkee Environmental-Chemistry Doctorate 2005-12. Conducted Beas-channel sediment-core mass-spectrometry analysis at PSPCB emergency-investigation cell January 23 2026. Identified OMP-211 organic-mercury-bound recursive-poison compound at 47 ppm cross-channel reading. Filed PSPCB Beas-contamination report 11:11 a.m. January 25 (evidence-document M-22B). Cross-referenced OMP-211 synthesis-trace to Bhopal-pharmacology cell at IIT-Roorkee chemical-fingerprint database cross-reference February 7 2026.","Standing-PSPCB senior-toxicologist 2014-2026 (12-year career); IIT-Roorkee Environmental-Chemistry Doctorate; OMP-211 identification-author; standing-Bhopal-pharmacology cell synthesis-trace identifier; future-Sanctuary delegate at Punjab-State environmental-cell representative","Forty-seven. Wears standing-PSPCB laboratory white-coat with the standing-Environmental-Chemistry IIT-Roorkee alumni-pin. Survives Volume I."
punjab-tarlochan-singh,Punjab,north,2,Bhai Tarlochan-Singh,kirpan-sangha-deputy-commander,53,male,Standing Anandpur-Sahib Kirpan-Sangha Deputy-Commander,—,Ch 2 Beat 3 (Anandpur-Sahib Vaisakhi-day perimeter security 4:11 p.m. April 13 2026) — active through Beat 4,"The 53-year-old standing-Kirpan-Sangha senior-warrior at Anandpur-Sahib Takht-Hazur-Sahib jathedar-tradition since 1996 (30-year career). Standing-Anandpur-Sahib Akali-Takht-Hazur-Sahib deputy-commander since 2018. Commanded 23-warrior deputy-cohort at outer-perimeter security-position at Anandpur-Sahib Vaisakhi-day decree 4:11 p.m. April 13 2026. Per amended-charter Sixth-Provision serves as Bibi Karam-Kaur's standing-deputy at Beas-extraction-prohibition enforcement-cohort.","Standing-Kirpan-Sangha senior-warrior 1996-2026 (30-year career); Anandpur-Sahib Akali-Takht-Hazur-Sahib deputy-commander 2018-2026; Karam-Kaur standing-deputy at 20-year Beas-extraction-prohibition enforcement-cohort; future-Sanctuary delegate at Kirpan-Sangha senior-warrior representative","Fifty-three. Wears standing-Kirpan-Sangha black-bana with the standing-Akali-Takht jathedar shoulder-cord and the standing-Khanda-emblem chest-patch; standing-Sant-Atar-Singh-tradition kirpan at the standing-left-shoulder. Survives Volume I."
punjab-tej-singh,Punjab,north,2,Tej-Singh (the Shikra),aerial-companion-bonded-bird,—,male (bird),Standing Bonded-Aerial-Companion of Panchanada Since 2009,—,Ch 2 Beat 3 (Anandpur-Sahib Takht-spire overhead-position April 13 2026 4:11 p.m.) — active through Beat 4,"The standing-shikra bonded-aerial-companion of Panchanada since 2009 (17-year companion-bond). Standing-Punjab sacred-bird (Shikra hawk; Accipiter badius). Standing-eleven-metre overhead-position perch at the Anandpur-Sahib Takht-spire across the Vaisakhi-day 4:11 p.m. decree-signature window. Standing-Harike-wetland eastern-bank acacia-tree perch at the closing-image May 11 2026 sunset position. Does not cross to the Beas-side standing-black-channel across the Ch 2 remainder; flies the Sutlej-side mid-channel only.","Panchanada's standing-bonded-aerial-companion 2009-2026; standing-Punjab sacred-bird (Shikra hawk); standing-Anandpur-Sahib Takht-spire perch at Vaisakhi-day decree; standing-Harike-wetland eastern-bank acacia perch at closing-image; standing-mark-confirmation indicator at thirty-seven-degree warming at standing-Stage-III mark-position","Bonded-bird. Standing-Punjab-sacred-bird Shikra hawk (Accipiter badius). Survives Volume I. The standing-shikra-departure-and-return pattern is the standing-Animal-Bond-Indicator for Panch-Nada at the standing-Maw-sign-recognition cell second-order cross-reference protocol (per the Odisha sambar-deer codification)."
punjab-golden-temple-reflection,Punjab,north,2,The Golden Temple Reflection at 1577,maw-sign-22-reflection-substitution-opens-7th-paired-category,—,—,Standing Maw Sign #22 — The Saga's Seventh Paired-Sign Category Opening (Reflection-Substitution — Pair Awaiting),—,Ch 2 Beat 4 (4:11 a.m. April 14 2026 at Akal-Takht eastern-veranda),"At 4:11:08 a.m. on April 14 2026 (Vaisakhi-following dawn) the standing-Harimandir-Sahib sarovar-reflection at Amritsar showed the standing-1577 Guru-Ram-Das original brick-and-mud-mortar configuration of the temple rather than the standing-current 1830 Maharaja-Ranjit-Singh marble-and-gold-leaf configuration. The reflected-temple was approximately one-third smaller than current temple-elevation; roof was flat-clay-tile not gold-domed onion-dome; walls were exposed-brick-and-mud-mortar not white-marble-and-gold-leaf cladding. The reflection-image was held at sarovar-water-surface for 3-minute window (4:11-4:14 a.m.); returned to current 1830-configuration at 4:14:11 a.m. The actual-temple at aerial-elevation had not changed configuration across the 3-minute window; only the reflection-image changed. Bhai Sukhpreet-Singh photographed at 4:12:11 a.m. State-Department-of-Archaeology cross-reference confirmed 1577-configuration match at Akal-Takht 1604 Guru-Arjan-Dev period brick-and-mud-mortar layout-plan at 11:14 a.m. The Maw chose the reflection-medium at Punjab because the Beas substrate was at the poisoned-channel Maw-non-utterance configuration; the Jharkhand-Bengal substrate-voice category requires a functional substrate; the poisoned-Beas substrate could not carry grandmothers' language. The Maw was witnessing through the living-monument pre-reset memory at the Sarbat-Khalsa-tradition Guru-Arjan-Dev installation-precedent.","Standing-Maw-sign-recognition cell evidence-documents M-22A (Bhai Sukhpreet-Singh 23-photograph cross-reference), M-22B (Punjab-State Department-of-Archaeology 1604-layout-plan confirmation), M-22C (Dr. A. Bedi PSPCB Beas-OMP-211 poisoned-substrate Maw-non-utterance configuration confirmation); pair-candidate awaiting in subsequent Ch 2 kingdom (Uttarakhand Kedarnath-Nandi animation-shift, Maharashtra Trimbakeshwar-mirror, or Tamil-Nadu Mamallapuram bas-relief shadows projected); Bhai Sukhpreet-Singh witness-recorder; Akal-Takht administrator-line 47th entry (first Maw-attribution entry across 300-year recorded-history)","Saga's TWENTY-SECOND Maw sign — first reflection-substitution experiment at monument scale. OPENS the saga's seventh paired-sign category (reflection-substitution: the Maw substitutes the pre-historical configuration of a bonded-monument in the monument's reflection-medium at the dawn-window for a 3-minute duration without altering the actual-monument's aerial-configuration). Catalogue is now 22 Maw-signs across 22 catalogued kingdoms with 6 paired-sign categories complete (material-experiment Kerala-AP; Maw-language Mizoram-TN; shadow Arunachal-Telangana; direction-reversal Assam-Odisha; hollow-from-within Maharashtra-Bihar; substrate-voice Jharkhand-Bengal) and 1 category open (reflection-substitution Punjab + pair-candidate awaiting). 8 kingdoms remain (Haryana, HP, Uttarakhand, Kashmir, Gujarat, Rajasthan, Chhattisgarh, Andaman); their signs will either complete the reflection-substitution pair, extend the existing 6 categories at 3rd-or-4th-entry expansion-protocol, or open further categories at the Maw's next experiment-vector."
haryana-yajna-devi,Haryana,north,2,Yajna-Devi,mother-in-law-who-returned-the-ring,67,female,Standing Sannihit-Sarovar Bloodline-B Yagnopavita-Line Matriarch-Line Direct-Line Head + Standing Mother-in-Law-Who-Returned-the-Ring (NEW per restructure §5),Bloodline-B Yagnopavita-line,Ch 2 Beat 1 (1840-vintage ring at left-ring-finger since 2010 conferral) — active through Beat 4,"The 67-year-old standing-Sannihit-Sarovar Bloodline-B Yagnopavita-line matriarch-line direct-line head since 2010 (16-year tenure since her own mother-in-law's death). Mother of Kuru-Bhasma (only child; deceased at 40 by Khap-internal-justice talwar-stroke March 11 2026). Bloodline-B Suryavamsha-tradition Yagnopavita-line matriarch by inheritance from her Yagnopavita-line grandmother and her mother-in-law Mata Saraswati-Devi Yagnopavita (the grandmother who instructed the standing-deathbed-wish-completion clause at the 2010 ring-rotation administration and the October-22-2022 private-audience). Standing-Sannihit-Sarovar residence-mistress at Karnal-district matriarch-residence since 2005 (21-year tenure). Husband Pradip-Babu died of cancer January 2023 at age 68; she was at standing-thirty-day mourning-rotation at February-2023 wedding-ceremony non-attendance window. Has carried 1840-vintage gold-and-pearl Sannihit-Sarovar Bloodline-B matriarch-conferring-ring at left-ring-finger since 2010 (16-year hold-window per grandmother's 1989-conferral instruction). Attends February 14 2026 Punjab-and-Haryana High Court Family-Court Chandigarh Court-Room-Eleven at observation-gallery western-veranda position (had travelled to Chandigarh February 11 at 3-day pre-hearing advance-travel; not informed Kuru-Bhasma; standing-Chandigarh Sector-9 Bloodline-B Suryavamsha-family guest-house 3-night residence). Learns of Bhainswal-Bhana village-burning at 11:43 a.m. through Kurukshetraa's deposition testimony second-clause. Holds position across following 4 hours 28 minutes (11:43 a.m.-4:11 p.m.) without movement or speech. Rises at 4:11:48 p.m. at judge's reserve-for-ruling-preparation window opening. Walks 11 metres at walking-pace to petitioner's-bench southern-position 4:11:48-4:12:11 p.m. Removes 1840-vintage gold-and-pearl ring from left-ring-finger across 11 seconds 4:12:11-4:12:22 p.m. Places ring on petitioner's-bench at Kurukshetraa's right-hand position 4:12:23 p.m. Speaks 47-second mother-in-law-acknowledgment statement at Bloodline-B Sanskrit-and-Haryanvi syncretic Yagnopavita-line matriarch-cadence at no-tremor configuration. Returns to observation-gallery 4:14:11 p.m.; sits at 4:14:23 p.m. Does not look at Kuru-Bhasma. Justice K. R. Shoor 4:23 p.m. ruling voids marriage. Attends Kuru-Bhasma's Karnal cremation alone March 12 2026 11:11 a.m. as only blood-relative attendant. Departs Karnal matriarch-residence March 14 2026 (3rd-day post-cremation) and joins Sannihit-Sarovar matriarch-residence at standing-mother-in-law-relocation protocol voided-marriage corollary. Wears white-cotton widow-saree at post-cremation 23-year-mourning-tradition configuration.","Standing-Yagnopavita-line matriarch-line direct-line head 2010-2026 (16-year tenure); 1840-vintage gold-and-pearl ring holder 2010-2026 (16-year hold-window); Kurukshetraa's mother-in-law-who-returned-the-ring at February-14 4:12:23 p.m. ring-conferral; Kuru-Bhasma's mother (deceased only-child); Mata Saraswati-Devi Yagnopavita's daughter-in-law (received ring at 2010 deathbed-conferral); Sannihit-Sarovar matriarch-residence relocated resident from March 14 2026; future-Sanctuary standing-living-archive seat representative at North-cluster delegation alongside Kurukshetraa","Sixty-seven. Wears standing-Bloodline-B Suryavamsha-tradition cream-cotton sari pre-Kuru-Bhasma-cremation (post-husband-cremation 3-year mourning-completion January 2026 transition); white-cotton widow-saree post-Kuru-Bhasma-cremation March 12 2026 onwards (23-year mourning-tradition applies); 1840-vintage gold-and-pearl ring at left-ring-finger 2010-February 14 2026 (then transferred to Kurukshetraa's right-ring-finger). Per restructure §5 she is New Female Character introduced at Ch 2 Stage III at courtroom-witness mother-in-law-acknowledgment role; her action provides Bloodline-B Suryavamsha-tradition charter-foundational legitimacy that Justice K. R. Shoor's 4:23-p.m. ruling recognises. Survives Volume I. Per Ch 3 plan attends Sanctuary as standing-Yagnopavita-line living-archive seat representative at North-cluster delegation alongside Kurukshetraa; provides Bloodline-B Suryavamsha-tradition deathbed-wish-completion protocol cross-reference at Sanctuary mediation council standing-charter-tradition jurisprudence-cell."
haryana-justice-shoor,Haryana,north,2,Justice K. R. Shoor,family-court-presiding-judge-jurisdiction-narrowed-ruling,58,male,Standing Punjab-and-Haryana High Court Family-Court Presiding Judge + Standing Bloodline-B Suryavamsha-Tradition Pre-1955 Jurisprudence-Scholar,—,Ch 2 Beat 3 (February 14 2026 Family-Court emergency-session 11:11 a.m.-4:30 p.m.),"The 58-year-old standing-Punjab-and-Haryana High Court Family-Court presiding judge since 2017 (9-year tenure); judicial career since 1991 (35-year career). Standing-Bloodline-B Suryavamsha-tradition pre-1955 jurisprudence-scholar; author of 2021 P&H High Court compendium on Bloodline-B Suryavamsha-tradition pre-1955 jurisprudence-precedent. Presides over February 14 2026 Family-Court emergency-session 11:11 a.m.-4:30 p.m. at Court-Room-Eleven Chandigarh Sector-17 Family-Court. Opens session 11:11 a.m. with 11-minute jurisdiction-introduction. Hears Kurukshetraa deposition 11:22-11:58 a.m. Hears defence-rebuttal under Advocate H. S. Rana 12:11-3:43 p.m. Hears amicus-curiae testimonies (M. P. Singh State-Police 2:43-3:11 p.m.; Pradhan Bhola-Ram-Mukhia reform-Khap 3:11-3:43 p.m.). Announces 15-minute reserve-for-ruling-preparation window 4:11 p.m. Walks to chamber eastern-veranda exit 4:11:33 p.m. but does not exit; pauses at veranda-threshold for ~14 seconds at standing-Bloodline-B Suryavamsha-tradition pre-ruling-meditation discipline at eastern-direction Sun-acknowledgment protocol. Returns to presiding-bench 4:11:47 p.m. Witnesses Yajna-Devi 4:12-p.m. ring-conferral from presiding-bench observation-position. Delivers jurisdiction-narrowed ruling 4:23-4:30 p.m. recognising Bloodline-B Suryavamsha-tradition pre-1955 jurisprudence-precedent at deathbed-wish-completion clause corollary-precedent at Yagnopavita-line matriarch-line direct-line ring-rotation administration as charter-foundational divorce-recognition that supersedes Hindu-Marriage-Act 1955 Section 13(1) statutory-grounds primary jurisdiction.","Standing-P&H High Court Family-Court presiding judge 2017-2026 (9-year tenure); judicial career 1991-2026 (35-year career); 2021 compendium author; jurisdiction-narrowed ruling author at Yagnopavita-line ring-rotation administration precedent; future-Sanctuary delegate at P&H High Court Family-Court senior-judicial representative","Fifty-eight. Wears P&H High Court black-robe-and-white-band judicial-uniform at Court-Room-Eleven session. Standing-Bloodline-B Suryavamsha-tradition pre-ruling-meditation discipline at eastern-direction Sun-acknowledgment protocol is the 14-second veranda-threshold pause-window at 4:11:33-4:11:47 p.m. between announcement and Yajna-Devi rise. Survives Volume I. Per Ch 3 plan attends Sanctuary as P&H High Court Family-Court senior-judicial representative; precedent incorporated into Sanctuary mediation council charter-tradition jurisprudence-cell."
haryana-lal-singh,Haryana,north,2,Khap-Mukhia Lal-Singh,traditional-khap-mukhia-executed-his-own-administrator,71,male,Standing Karnal-District Traditional-Khap Mukhia (33-Year Council-Mukhia Tenure) + Standing Khap-Internal-Justice Executioner of Kuru-Bhasma + Standing Repentance-Protocol Signatory at Amended-Charter,—,Ch 2 Beat 1 (Karnal Khap-Council emergency-meeting November 17 2025 7:11 p.m.) — active through Beat 4,"The 71-year-old standing-Karnal-district traditional-Khap Mukhia since 1993 (33-year council-mukhia tenure). Standing-traditional-Khap senior-elder; coordinated Bhainswal-Bhana village-burning at 11:43 p.m. December 23 2025 via Kuru-Bhasma's standing-direct-action coordination at Karnal Khap-Administrator residence (he was the standing-Khap-Mukhia approver-of-direct-action at the Karnal Khap-council standing-9:11-p.m. dispatch order). Did not directly execute the village-burning (he was at the standing-Karnal Khap-Administrator residence south-veranda standing-observer-position across the 11:38 p.m.-12:54 a.m. window; ~47 standing-armed Khap-followers under Kuru-Bhasma's direct-coordination administered the burning). Executed Kuru-Bhasma at Karnal Khap-Administrator residence southern-courtyard March 11 2026 4:11:18 p.m. at Khap-internal-justice protocol (talwar-stroke, cervical-vertebrae, singular-stroke; 11-second duration). Reasoning: Bhainswal-Bhana village-burning excess violated Khap-tradition standing-honour-jurisdiction proportionality-clause at village-collective-punishment threshold (Khap-tradition is couple-execution protocol, not village-collective-punishment protocol); village-collective-punishment produced 47-villager death-count which produced P&H High Court Family-Court ruling voiding Bloodline-B Suryavamsha-tradition charter-foundational marriage at Yagnopavita-line ring-rotation administration and revoking Khap-council standing-jurisdiction-precedence claim at amended-charter cross-reference; loss attributable to Kuru-Bhasma's Bhainswal-Bhana direct-coordination excess. Attended Kuru-Bhasma cremation March 12 2026 11:11 a.m. as Khap-Mukhia funeral-witness. Attended March 23 amended-charter ratification at Sannihit-Sarovar State-Council session at Sannihit-Sarovar-aligned jurisdiction-recognition repentance-protocol; signed amended-charter at traditional-Khap reconciliation-protocol.","Standing-Karnal-district traditional-Khap Mukhia 1993-2026 (33-year tenure); Khap-internal-justice executioner of Kuru-Bhasma March 11 2026; repentance-protocol signatory at March 23 amended-charter ratification; traditional-Khap reconciliation-protocol leader; future-Sanctuary delegate at North-cluster traditional-Khap reconciled-delegate position alongside Kurukshetraa and Pradhan Bhola-Ram-Mukhia","Seventy-one. Wears standing-traditional-Khap Karnal-tradition cream-cotton dhoti-and-kurta with standing-Khap-Mukhia black-pagri at standing-Khap-Mukhia formal-administration configuration; standing-Khap-traditional talwar at standing-left-shoulder sheath-position. Survives Volume I. Per Ch 3 plan attends Sanctuary at North-cluster traditional-Khap reconciled-delegate position; carries Karnal-Khap memorial-bricks contribution to Bhainswal-Bhana village-rebuild protocol."
haryana-bhola-ram,Haryana,north,2,Pradhan Bhola-Ram-Mukhia,reform-khap-mukhia-sannihit-sarovar-aligned,63,male,Standing Kaithal-District Reform-Khap Mukhia + Standing Sannihit-Sarovar-Aligned Senior-Delegate,—,Ch 2 Beat 1 (November-17 reform-Khap resignation-protocol leader) — active through Beat 4,"The 63-year-old standing-Kaithal-district reform-Khap Mukhia since 2015 (11-year tenure). Standing-Kurukshetraa 2009 Sannihit-Sarovar Stage-I conferral-witness. Bloodline-B Suryavamsha-tradition jurisprudence-graduate at Kurukshetra-University 1985-89. Led November-17 2025 9:11 p.m. reform-Khap senior-cohort resignation from traditional-Khap council (~78 of 211 seats resigned at resignation-protocol). Convened Sannihit-Sarovar reform-Khap emergency-session November 18 2025 11:11 a.m. to organise reform-Khap parallel-council. Attended Kurukshetraa's December 23 dissolution-order at 7:11 p.m. Sannihit-Sarovar emergency-session at eastern-veranda position. Delivered standing-amicus-curiae testimony at February-14 P&H High Court Family-Court hearing 3:11-3:43 p.m. confirming reform-Khap acknowledgment of Bloodline-B Suryavamsha-tradition dharma-tradition standing-precedence at standing-charter-foundational ethics-question.","Standing-Kaithal-district reform-Khap Mukhia 2015-2026 (11-year tenure); Kurukshetraa 2009 conferral-witness; reform-Khap resignation-protocol leader November 17 2025; reform-Khap parallel-council convenor; future-Sanctuary delegate at North-cluster reform-Khap senior-delegate position","Sixty-three. Wears standing-Kaithal-tradition Reform-Khap cream-and-blue cotton kurta-and-dhoti with standing-reform-Khap white-pagri at standing-reform-Khap Mukhia formal-administration configuration. Survives Volume I. Per Ch 3 plan consolidated under Kurukshetraa's Regent-of-Yamunadatta authority at amended-charter Sannihit-Sarovar-aligned jurisdiction-recognition; attends Sanctuary at North-cluster reform-Khap senior-delegate position."
haryana-m-p-singh,Haryana,north,2,Inspector M. P. Singh,state-police-karnal-radio-intercept-evidence-author,43,male,Standing State-Police Karnal-District Senior-Inspector + Standing Radio-Intercept Evidence-Cluster Author,—,Ch 2 Beat 1 (cumulative-honour-killing report November 17 2025) — active through Beat 4,"The 43-year-old standing-State-Police Karnal-District senior-inspector since 2019 (7-year tenure). Filed cumulative-honour-killing report at Haryana-State DGP office November 17 2025 11:11 a.m. (47 inter-caste-marriage executions cumulative-count). Coordinated standing-State-Police standing-intelligence-cell radio-tap on Karnal Khap-council radio-channel since November 18 2025 under DGP emergency-investigation order (the tap captured Kuru-Bhasma's standing-9:11-p.m. standing-direct-action dispatch coordination on December 23 2025; standing-radio-transcript at evidence-cluster M-23B-through-G presented at February-14 court-hearing as State-Police standing-amicus-curiae testimony anchor). Delivered standing-State-Police standing-intelligence-cell testimony at February-14 P&H High Court Family-Court hearing 2:43-3:11 p.m. confirming Kuru-Bhasma's standing-direct-coordination at standing-radio-intercept cross-reference. Coordinated standing-State-Police standing-perimeter-observation cohort at March-11 Karnal Khap-internal-justice execution at 11-km southern-proximity standing-stand-down position per 1925 Khap-Mukhia administrative tradition recognition-precedent.","Standing-State-Police Karnal-District senior-inspector 2019-2026 (7-year tenure); cumulative-honour-killing report November 17 2025 author; standing-intelligence-cell radio-tap coordinator since November 18; standing-evidence-cluster M-23B-through-G author; future-Sanctuary delegate at Karnal-District State-Police senior-investigator representative","Forty-three. Wears standing-Haryana-State-Police khaki-and-olive uniform with standing-Inspector shoulder-cord and standing-Karnal-District lapel-pin. Survives Volume I."
haryana-r-saxena,Haryana,north,2,Dr. R. Saxena,pspcb-senior-toxicologist-ash-fingerprint-author,47,male,Standing PSPCB Senior-Toxicologist + Standing Kurukshetra-Plain Ash Chemical-Fingerprint Identification-Author,—,Ch 2 Beat 4 (Kurukshetra-plain ash mass-spectrometry analysis February 17 2026),"The 47-year-old standing-Punjab-State-Pollution-Control-Board (joint Punjab-Haryana environmental-monitoring cell) standing-senior-toxicologist since 2014 (12-year career). Patiala-University Toxicology Master's 2003-05; IIT-Roorkee Environmental-Chemistry Doctorate 2005-12. Conducted Kurukshetra-plain ash mass-spectrometry analysis at Karnal-District laboratory February 17 morning 2026. Confirmed ash chemical-fingerprint match with Bhainswal-Bhana village-burning cremation-ash standing-thatch-and-clay village-construction material burning-residue at 99.7% confidence-interval. Filed PSPCB Kurukshetra-ash report 4:11 p.m. February 17 2026 (evidence-document M-23A). Coordinated Carbon-14 isotope cross-reference at Bhabha-Atomic-Research-Centre Mumbai 5-day analysis-window completion at February 22 confirmation (8-week age-window match with December-23 village-burning).","Standing-PSPCB senior-toxicologist 2014-2026 (12-year career); IIT-Roorkee Environmental-Chemistry Doctorate; standing-evidence-document M-23A author (Kurukshetra-ash chemical-fingerprint identification); standing-BARC Carbon-14 cross-reference coordinator; cross-region cousin of Dr. A. Bedi at PSPCB Punjab-cell standing-OMP-211 Beas-river identification at the prior 23-day window (the PSPCB Punjab-Haryana joint-cell shared-investigator infrastructure); future-Sanctuary delegate at PSPCB joint-environmental-cell senior-toxicologist representative","Forty-seven. Wears PSPCB laboratory white-coat with Environmental-Chemistry IIT-Roorkee alumni-pin. Survives Volume I."
haryana-dharma-sakhi,Haryana,north,2,Dharma-Sakhi (the Black-Francolin),aerial-companion-bonded-bird,—,female (bird),Standing Bonded-Aerial-Companion of Kurukshetraa Since 2014,—,Ch 2 Beat 3 (Court-Room-Eleven skylight south-eastern corner 4:23:19-4:30:23 p.m. February 14 2026) — active through Beat 4,"The standing-black-francolin bonded-aerial-companion of Kurukshetraa since 2014 (12-year companion-bond). Standing-Haryana sacred-bird (Black Francolin; Francolinus francolinus). Standing-Sannihit-Sarovar grazing-grounds acacia-tree perch-position. Followed Kurukshetraa to Chandigarh February 11 2026 at three-day pre-hearing travel (perched at Chandigarh Sector-17 jacaranda-tree at standing-court-complex perimeter standing-twenty-three-metre proximity to Court-Room-Eleven across February-11-to-13 nights). Perched at Court-Room-Eleven skylight south-eastern-corner at 11-metre overhead position from 11:11 a.m. February 14 (entered via standing-skylight-aperture seasonal-opening; standing-clerk did not observe the entrance). Called Vasant-Panchami-eve dawn-cadence at 11-second repetition-cycle from 4:23:19 to 4:30:23 p.m. across the standing-mark-formation completion and the standing-Justice K. R. Shoor ruling delivery (7-minute call-completion window). Returned to Sannihit-Sarovar acacia-tree perch March 16 2026 at Kurukshetraa's return-journey conclusion. Perches at standing-acacia-tree perch at standing-eastern-bank 11-metre overhead position at the standing-closing-image March 25 sunset.","Kurukshetraa's standing-bonded-aerial-companion 2014-2026 (12-year companion-bond); standing-Haryana sacred-bird (Black Francolin); standing-Court-Room-Eleven skylight south-eastern-corner perch at February-14 ruling-window; standing-mark-confirmation indicator at thirty-seven-degree warming standing-Stage-III mark-position; standing-Sannihit-Sarovar acacia-tree perch at standing-closing-image March 25 sunset","Bonded-bird. Standing-Haryana sacred-bird Black Francolin (Francolinus francolinus). Survives Volume I. The standing-Dharma-Sakhi call-cadence at the standing-Court-Room-Eleven during the 7-minute mark-formation-and-ruling window is the standing-Animal-Bond-Indicator standing-female-line cross-reference for Kurukshetraa at the standing-Maw-sign-recognition cell second-order cross-reference protocol (per the Odisha sambar-deer codification)."
haryana-kurukshetra-ash,Haryana,north,2,The Kurukshetra-Plain Ash,maw-sign-23-anti-weather-completes-pair-with-meghalaya,—,—,Standing Maw Sign #23 — The Saga's Eighth Paired-Sign Category Completion (Anti-Weather Pair With Meghalaya — Ash From Clear Sky for Three Nights),—,Ch 2 Beat 4 (11:11 p.m. February 14 2026 first ash-fall through dawn February 17 third-night completion),"Beginning at 11:11 p.m. on February 14 2026 (6 hours 48 minutes after Justice K. R. Shoor 4:23-p.m. void-marriage ruling at P&H High Court Family-Court Chandigarh) and continuing across 3 consecutive nights (February 14-15, 15-16, 16-17), ash falls from clear sky over Kurukshetra plain. Precipitation-area covers Karnal-Kurukshetra-Kaithal-Yamunanagar-Panipat district zone at ~211 sq km. Cumulative-depth at third-night completion ~11 mm at uniform-light-precipitation pattern. Night-sky at zero-cloud-cover configuration at IMD Karnal-station 23:11-hour observation log across all three nights. Wind-speed across three nights below 2 m/s threshold required for aerosol-transport model. PSPCB mass-spectrometry confirms ash chemical-fingerprint match with Bhainswal-Bhana cremation-residue at 99.7% confidence; BARC Carbon-14 isotope cross-reference confirms 8-week age-window match. The Maw has demonstrated the capacity to precipitate cremation-ash of charter-foundational fire-event across charter-foundational geographic-zone at uniform-light-precipitation pattern over 3-night window from clear-sky configuration without meteorological-mechanism identification.","Standing-Maw-sign-recognition cell evidence-documents M-23A (PSPCB Dr. R. Saxena Kurukshetra-ash mass-spectrometry report), M-23B-through-G (State-Police Karnal-District radio-intercept cluster confirming Kuru-Bhasma direct-coordination), M-23H (BARC Carbon-14 isotope cross-reference confirming 8-week age-window match), M-23I (IMD Karnal-station 23:11-hour observation log confirming zero-cloud-cover at all three nights); paired with Meghalaya's Ka-Rhang-Wat-Snie at the standing-anti-weather paired-sign category (Meghalaya weather-presence-missing rain-that-did-not-fall in world's wettest place; Haryana weather-substance-wrong ash-that-fell from clear-sky over Kurukshetra plain); Animal-Bond-Indicator second-order cross-reference at Dharma-Sakhi black-francolin Court-Room-Eleven 7-minute call-cadence + Sannihit-Sarovar blackbuck-herd split (187 Sannihit / 124 Karnal cohort)","Saga's TWENTY-THIRD Maw sign — first cremation-ash redistribution experiment at charter-foundational geographic-zone scale. COMPLETES saga's eighth paired-sign category (anti-weather: weather-properties anomaly — Meghalaya presence-absence; Haryana substance-wrong). Catalogue now 23 Maw-signs across 23 catalogued kingdoms with 7 paired-sign categories complete (material-experiment Kerala-AP; Maw-language Mizoram-TN; shadow Arunachal-Telangana; direction-reversal Assam-Odisha; hollow-from-within Maharashtra-Bihar; substrate-voice Jharkhand-Bengal; anti-weather Meghalaya-Haryana) and 1 open (reflection-substitution Punjab + pair-candidate awaiting). 7 kingdoms remain (HP, Uttarakhand, Kashmir, Gujarat, Rajasthan, Chhattisgarh, Andaman); their signs will either complete the reflection-substitution pair, extend the existing 7 categories at the 3rd-or-4th-entry expansion-protocol, or open further categories at the Maw's next experiment-vector. The standing-Maw-witness-of-the-dharma-administrator-ruling pattern (Meghalaya-Haryana anti-weather + Punjab reflection-substitution) is the saga's emerging standing-Maw-charter-foundational-ruling acknowledgement-protocol; the Maw is now witnessing through standing-substrate (substrate-voice), standing-reflection (reflection-substitution), and standing-precipitation (anti-weather) at the standing-charter-foundational reset-moments across the 7-category cross-reference catalogue."
uttarakhand-bhairavi-mata,Uttarakhand,north,2,Bhairavi-Mata,healer-co-equal-garhwal-khasi-tradition-elder,73,female,Standing Garhwal-Khasi-Tradition Healer-Woman + Standing Char-Dham-Tradition Living-Archive Seat-Equivalent (NEW per restructure §5 co-equal-healer-pattern),—,Ch 2 Beat 1 (dismissed at 2019 Garhwal-Khasi-feminine-healing protocol revival-attempt) — active through Beat 4,"The 73-year-old standing-Garhwal-Khasi-tradition healer-woman since 1972 (54-year tradition-practice tenure). Standing-Char-Dham-tradition standing-feminine-healing protocol-keeper at Madhmaheshwar-village Bhairavi-Mata-cottage residence-administration. Practised pilgrim-family grief-tending healing-administration ceremony across prior 54-year window at ~4,711 standing-bereaved-family ceremonies. Mother of Bhairava-Ji (38, retired Indian-Army Garhwal-Rifles Battalion-Commander 2010-2024). Dismissed by Kasturika at 2019 Garhwal-Khasi-feminine-healing protocol revival-attempt at modern-State-Yatra-administration era cross-reference. Held Madhmaheshwar-village residence 2019-2026 at grief-tending-individual-family voluntary-administration without State-Yatra-administration recognition. Walked 211 km from Madhmaheshwar to Hardwar Hari-ki-Pauri ghat across May 24-26 2026 at 73-year-old pace ~70 km/day on hearing of landslide. Met Kasturika at Brahmakund southern-pavilion 4:43 p.m. May 27. Accepted Kasturika's co-equal healer-pair acknowledgment 4:43:28 p.m. Walked Char-Dham circuit 47 days May 28-July 12 as co-equal-healer-pair (~6-7 bereaved-family visits/day; cumulative 311 visits; mentorship-phase first 23, independent from visit 24). Witnessed Kasturika's Stage III mark-formation at Badrinath Brahmakapal across 47-min extended-window 4:11:23-5:23:11 p.m. July 11. Returned to Madhmaheshwar-village cottage July 31 2026 (post-July-23 amended-charter ratification).","Standing-Garhwal-Khasi-tradition healer since 1972 (54-year tenure); standing-Madhmaheshwar-cottage residence-administrator; Bhairava-Ji's mother; dismissed by Kasturika at 2019 revival-attempt; Kasturika's co-equal-healer-acceptance acknowledger; 311 bereaved-family visit-cohort co-administrator; future-Sanctuary standing-Char-Dham-tradition living-archive seat-equivalent representative at North-cluster delegation","Seventy-three. Wears standing-Garhwal-Khasi-tradition cream-cotton kurta-and-salwar with standing-Madhmaheshwar-village walking-attire saffron-dupatta at standing-co-equal-healer-pair walking-configuration; standing-Garhwal-Khasi-tradition grief-tending herbal-bundle at right-shoulder; standing-walking-staff at left-hand; standing-Madhmaheshwar-village clay-pot at back-strap. Per restructure §5 she is New Female Character introduced at Ch 2 Stage III at standing-co-equal healer-acknowledgment role; her 54-year healer-tradition provides Garhwal-Khasi-feminine-healing charter-foundational tradition-anchor that Kasturika's Stage III mark-formation acknowledges. Survives Volume I. Per Ch 3 plan becomes Char-Dham-tradition living-archive seat-equivalent representative at Sanctuary mediation council; her adult-son Bhairava-Ji takes warrior-role at State-Hero deferential-successor designation."
uttarakhand-bhairava-ji,Uttarakhand,north,2,Bhairava-Ji,state-hero-deferential-successor-retired-army-major,38,male,Standing Uttarakhand State-Hero Deferential-Successor + Standing Char-Dham-Tradition Protector-Discipline Administrator (NEW per restructure §1),—,Ch 2 Beat 4 (State-Hero deferential-successor oath at Hari-ki-Pauri ghat Brahmakund western-ghat-step 4:23 p.m. July 23 2026),"The 38-year-old retired Indian-Army Garhwal-Rifles Battalion-Commander. Bhairavi-Mata's adult son (only child). Commissioned IMA Dehradun 2010 at 22; 12-year-active-service across Garhwal-Rifles 11th-Battalion Siachen-Glacier-deployment 2010-2014, Garhwal-Rifles 4th-Battalion Sikkim-border-deployment 2014-2018, Garhwal-Rifles 11th-Battalion Garhwal-Himalayan-deployment 2018-2024 (Major-rank Battalion-Commander 2018-2024). Premature-retirement at 2024 at standing-mother's standing-final-years administrative-support cross-reference. Has not been at Char-Dham-tradition warrior-priestess Vajra-Patti cohort administration since 2010 IA-commissioning at Indian-Army standing-non-affiliation administrative-protocol. Accepts State-Hero deferential-successor oath at Hari-ki-Pauri ghat Brahmakund western-ghat-step administration 4:23 p.m. July 23 2026. Takes Char-Dham-tradition warrior-priest deferential-successor oath at Garhwal-Khasi-tradition co-equal-pair complement-administration with Kasturika (Kasturika at healer-discipline; Bhairava-Ji at protector-discipline). Wears Garhwal-Rifles-retired Indian-Army-veteran khaki at protector-discipline configuration. Standing-residence at Tunganath-village State-Hero-quarters allocation.","Bhairavi-Mata's adult son; retired Indian-Army Garhwal-Rifles Battalion-Commander 2010-2024 Major-rank; Kasturika's co-equal-pair complement-administrator at protector-discipline configuration; future-Sanctuary Uttarakhand State-Hero seat at North-cluster delegation alongside Kurukshetraa (Haryana Regent-of-Yamunadatta) and Panchanada (Punjab abandoned-consensus jathedar); standing-Char-Dham-tradition warrior-priest deferential-successor protector-discipline administrator","Thirty-eight. Wears standing-Garhwal-Rifles-retired Indian-Army-veteran khaki with standing-Major-rank veteran-pin at left-chest and standing-Garhwal-Rifles regimental-badge at right-shoulder. Per restructure §1 he is New Male Character introduced at Ch 2 Stage III for male-led North-cluster succession. Survives Volume I. Per Ch 3 plan attends Sanctuary at Uttarakhand State-Hero seat at North-cluster delegation."
uttarakhand-vishnu-bhakt,Uttarakhand,north,2,Pradhan Yogi Vishnu-Bhakt,pilgrim-sangha-senior-yogi-accountability-convenor,63,male,Standing Char-Dham-Tradition Senior-Yogi + Standing Pilgrim-Sangha Public-Accountability Assembly Convenor,—,Ch 2 Beat 3 (Hari-ki-Pauri ghat public-accountability assembly May 27 2026),"The 63-year-old standing-Char-Dham-tradition senior-yogi since 2003 (23-year tenure). Standing-Pilgrim-Sangha senior-leader at Char-Dham circuit pilgrim-Sangha administrative-line. Standing-Hari-ki-Pauri ghat Brahmakund-cohort senior-administrator at Akshaya-Tritiya-opening pilgrim-administration. Convened Hari-ki-Pauri ghat public-accountability assembly 4:11 p.m. May 27 2026 at Brahmakund western-ghat-step assembly-position with ~11,000 Pilgrim-Sangha members and bereaved-family attendees including 311 bereaved-family senior-representatives front-rank. Delivered 47-minute accountability address at Sanskrit-and-Garhwali syncretic yogi-cadence directly addressing Kasturika at public-accountability protocol. Permitted Kasturika-Bhairavi-Mata co-equal healer-pair walk at Pilgrim-Sangha permission-acknowledgment 4:58 p.m.","Standing-Char-Dham-tradition senior-yogi 2003-2026 (23-year tenure); Pilgrim-Sangha senior-leader; Hari-ki-Pauri ghat Brahmakund-cohort senior-administrator; future-Sanctuary Pilgrim-Sangha senior-yogi representative at North-cluster delegation","Sixty-three. Wears standing-Char-Dham-tradition saffron-cotton angavastram and dhoti with standing-Pilgrim-Sangha senior-yogi rudraksha-mala at left-shoulder. Survives Volume I. Per Ch 3 plan attends Sanctuary at Pilgrim-Sangha senior-yogi representative position at North-cluster delegation."
uttarakhand-r-negi,Uttarakhand,north,2,Dr. R. Negi,gsi-northern-region-senior-geologist-original-report-author,58,male,Standing Geological-Survey-of-India Northern-Region Senior-Geologist + Standing Original Landslide-Risk Warning Report Author,—,Ch 2 Beat 2 (GSI report submission March 7 2026 4:11 p.m.) — active through Beat 4,"The 58-year-old standing-Garhwal-tradition geologist at standing-GSI Northern-Region since 2003 (23-year career). Standing-23-page Rambara-Lincholi-Gaurikund corridor landslide-risk-assessment report-author dated March 7 2026 identifying high-risk landslide-vulnerability at blasting-induced micro-fracture cascade with 300-400 mortality-projection. Receipt-acknowledgment GSI-CDA-2026-0311 at Char-Dham Yatra Authority Hardwar 4:14 p.m. March 7. Report intercepted at DGP-of-Roads administrative-cell March 11 11:11 a.m. by Tax-Commissioner Lalita Aulakh; replacement no-landslide-risk report substituted with Bhopal-printing-press forged-signature matching cross-network forensic-pattern; original destroyed at Aulakh cross-cut shredder noon. Confirmed substitution at Kasturika telephone cross-reference 4:51 p.m. May 23 2026 post-landslide. Delivered original-draft and GSI Northern-Region permanent-record archive cross-reference to Madhmaheshwar-residence 11:11 a.m. May 24 2026. Standing-amicus-curiae position at Brahmakund-pavilion at Hari-ki-Pauri ghat assembly May 27.","Standing-Garhwal-tradition geologist; GSI Northern-Region 2003-2026 (23-year career); Mr. K. Negi (43, Madhmaheshwar State-Civil-Service administrator) younger-brother; standing-evidence-document M-24-pre-cluster cross-network forensic-anchor at standing-Bhopal-printing-press signature-forgery pattern cross-reference; future-Sanctuary GSI Northern-Region senior-geologist representative","Fifty-eight. Wears standing-GSI Northern-Region khaki field-vest with standing-Geological-Survey official-emblem at left-chest. Survives Volume I. Per Ch 3 plan attends Sanctuary as standing-Geological-Survey-of-India Northern-Region senior-geologist representative; his standing-original-report and replacement-substitution evidence-pattern is the standing-cross-region cross-network forensic-anchor at Sanctuary mediation council villain-network investigation-cell."
uttarakhand-d-bhandari,Uttarakhand,north,2,Major D. Bhandari,sdrf-garhwal-cell-senior-officer-search-and-rescue,43,male,Standing State-Disaster-Response-Force Garhwal-Cell Senior-Officer + Standing 11-Day Search-and-Rescue Coordinator,—,Ch 2 Beat 2 (11-day search-and-rescue coordination May 23-June 3 2026),"The 43-year-old standing-IIT-Roorkee Civil-Engineering graduate 2003; State-Disaster-Response-Force Garhwal-cell since 2017 (9-year tenure). Coordinated 11-day Rambara-Lincholi search-and-rescue operation May 23-June 3 2026 at SDRF-Garhwal cell administrative deployment-protocol. Recovered 211 standing-pilgrim-bodies across 11-day window; confirmed 100 standing-permanent-burial at June 3 final completion. Standing-eastern-ghat-step witness-position at Hari-ki-Pauri ghat assembly May 27. Coordinated standing-bereaved-family residence-coordinates database transfer to Pilgrim-Sangha tour-leader cohort administrative-coordination for co-equal-healer-walk visit-protocol.","Standing-IIT-Roorkee Civil-Engineering 2003; SDRF-Garhwal cell 2017-2026 (9-year tenure); standing-Rambara-Lincholi 11-day search-and-rescue coordinator; standing-bereaved-family residence-coordinates database author for healer-walk; future-Sanctuary SDRF-Garhwal senior-officer representative","Forty-three. Wears standing-SDRF-Garhwal navy-blue uniform with standing-Major-rank shoulder-cord and standing-Disaster-Response Service-medal at left-chest. Survives Volume I."
uttarakhand-k-joshi,Uttarakhand,north,2,Dr. K. Joshi,asi-garhwal-cell-senior-archaeologist-nandi-rotation-author,61,male,Standing ASI Garhwal-Cell Senior-Archaeologist + Standing Nandi-Statue Rotation Confirmation Author,—,Ch 2 Beat 4 (Kedarnath Nandi-statue rotation confirmation 11:11-2:43 p.m. July 12 2026),"The 61-year-old standing-ASI Garhwal-cell senior-archaeologist since 2014 (12-year tenure). Standing-Pandya-era-stone-carving expertise at eighth-century-Adi-Shankaracharya-reconstruction-precedent jurisprudence. Receives Pujari Bhuvan-Chandra call 4:23 a.m. July 12 2026. Arrives at Kedarnath-Mandir 11:11 a.m. July 12. Conducts laser-rangefinder cross-reference measurement at Nandi-statue head-cervical-vertebrae position across 11:11-2:43 p.m. Confirms 25.4-millimetre east-northeast rotation at 11-degree compass-heading cross-reference. Cross-references statue-base at cement-mortar embedded-configuration (no displacement; only cervical-vertebrae cross-section rotated). Files 23-position photograph-cluster M-24A at State-Department-of-Archaeology permanent-record cell 7:11 p.m. Conducts 5-day expertise cross-reference (July 12-17): confirms no-mechanical-rotation-possibility at solid-granite cervical-vertebrae cross-section; laser-spectroscopy confirms no-fracture-line; Maw-attribution category cross-reference.","Standing-ASI Garhwal-cell senior-archaeologist 2014-2026 (12-year tenure); standing-Pandya-era-stone-carving expertise; standing-evidence-documents M-24A (23-position photograph-cluster), M-24B (laser-rangefinder cross-reference report), M-24C (5-day expertise cross-reference analysis), M-24D (laser-spectroscopy no-fracture-line cross-reference) author; future-Sanctuary ASI Garhwal-cell senior-archaeologist representative","Sixty-one. Wears standing-ASI Garhwal-cell field-jacket with standing-Archaeological-Survey official-emblem at left-chest. Survives Volume I."
uttarakhand-bhuvan-chandra,Uttarakhand,north,2,Pujari Bhuvan-Chandra,kedarnath-mandir-senior-pujari-nandi-first-observer,43,male,Standing Kedarnath-Mandir Senior-Pujari + Standing Nandi-Statue Rotation First-Observer,—,Ch 2 Beat 4 (Nandi-statue rotation observation 4:11:08 a.m. July 12 2026),"The 43-year-old standing-Kedarnath-Mandir senior-pujari since 2016 (10-year tenure). Standing-pre-dawn-puja-administration approach at standing-temple-courtyard standing-eastern-entrance position daily routine. Observed Nandi-statue head-rotation at 4:11:08 a.m. July 12 2026 at pre-dawn-puja-administration approach. Stopped at 11-metre-proximity position. Approached at 3-metre-proximity 4:11:23 a.m. Confirmed 25.4-millimetre east-northeast cervical-vertebrae cross-section rotation at visual-cross-reference protocol. Did not touch statue. Stepped back at 11-metre-proximity 4:11:43 a.m. Telephoned ASI Dr. K. Joshi 4:23 a.m.","Standing-Kedarnath-Mandir senior-pujari 2016-2026 (10-year tenure); standing-pre-dawn-puja-administration approach daily-routine first-observer of Nandi-statue rotation; future-Sanctuary Kedarnath-Mandir senior-pujari representative","Forty-three. Wears standing-Kedarnath-Mandir senior-pujari saffron-cotton angavastram with standing-Shaivite-tradition rudraksha-mala at neck and standing-Kedarnath-Mandir senior-pujari ID-badge at right-shoulder. Survives Volume I."
uttarakhand-govindananda-saraswati,Uttarakhand,north,2,Acharya Govindananda-Saraswati,jyotirmath-shankaracharya-silent-monasteries-senior-acharya,74,male,Standing Jyotirmath Shankaracharya + Standing Silent-Monasteries Senior-Monastic Authority,—,Ch 2 Beat 4 (Jyotirmath letter-of-spiritual-counsel August 11 2026),"The 74-year-old standing-Jyotirmath Shankaracharya since 2017 (9-year tenure). Standing-Adi-Shankaracharya-tradition senior-monastic authority at Jyotirmath-Badrinath-Kedarnath-Joshimath Math-network senior-position. Observed silence at May-27 Hari-ki-Pauri ghat assembly. Sent no-delegate to co-equal healer-walk. Sent no-delegate to July-23 Hardwar State-Council amended-charter ratification. Issued Jyotirmath letter-of-spiritual-counsel August 11 2026 (post-ratification): letter does not endorse, does not condemn, records amended-charter at Jyotirmath permanent-record archive at Acharya-administrative neutrality-protocol.","Standing-Jyotirmath Shankaracharya 2017-2026 (9-year tenure); standing-Silent-Monasteries senior-monastic authority; standing-Acharya-administrative neutrality-protocol observer; standing-Jyotirmath permanent-record archive standing-amended-charter record-keeper; future-Sanctuary Jyotirmath-Acharya senior-monastic representative observer-cohort","Seventy-four. Wears standing-Adi-Shankaracharya-tradition saffron-robe with standing-Jyotirmath Shankaracharya wooden-staff and standing-Adi-Shankaracharya emblem at chest. Survives Volume I. Per Ch 3 plan attends Sanctuary as Jyotirmath-Acharya senior-monastic representative observer-cohort."
uttarakhand-mrigaa-sakhi,Uttarakhand,north,2,Mrigaa-Sakhi (the Himalayan Monal),aerial-companion-bonded-bird,—,female (bird),Standing Bonded-Aerial-Companion of Kasturika Since 2011,—,Ch 2 Beat 4 (Brahmakapal-pillar perch 4:11:11-5:23:23 p.m. July 11 2026) — active through closing-image,"The standing-Himalayan-monal bonded-aerial-companion of Kasturika since 2011 (15-year companion-bond). Standing-Uttarakhand sacred-bird (Himalayan Monal; Lophophorus impejanus). Standing-Madhmaheshwar-Tunganath-corridor jacaranda-tree perch-position. Did not call across May-23 grief-vigil three-hour window (grief-acknowledgment cross-reference silence-protocol). Followed Kasturika to Hardwar Hari-ki-Pauri ghat May 27 and Char-Dham circuit healer-walk May 28-July 12 (perched at standing-residence-roof and standing-clay-floor-overlooking-perch at each standing-bereaved-family visit). Perched at Brahmakapal-pillar 3-metre-overhead position at standing-Pinda-Daan rite-administration July 11. Called standing-Char-Dham-evening dawn-cadence at 11-second repetition-cycle from 4:11:11 p.m. across 47-minute mark-formation window. Perched at Madhmaheshwar-village standing-Bhairavi-Mata-cottage eastern-veranda jacaranda-tree at closing-image July 31 sunset.","Kasturika's standing-bonded-aerial-companion 2011-2026 (15-year companion-bond); standing-Uttarakhand sacred-bird (Himalayan Monal); standing-Brahmakapal-pillar perch at July-11 mark-formation; standing-mark-confirmation indicator at thirty-seven-degree warming standing-Stage-III mark-position; standing-Madhmaheshwar-cottage jacaranda-tree perch at standing-closing-image July 31 sunset","Bonded-bird. Standing-Uttarakhand sacred-bird Himalayan Monal (Lophophorus impejanus). Survives Volume I. The standing-Mrigaa-Sakhi call-cadence across the standing-47-minute mark-formation window is the standing-Animal-Bond-Indicator standing-female-line cross-reference for Kasturika at the standing-Maw-sign-recognition cell second-order cross-reference protocol (per the Odisha sambar-deer codification)."
uttarakhand-kedarnath-nandi,Uttarakhand,north,2,The Kedarnath Nandi Head-Turn,maw-sign-24-monument-animation-opens-9th-paired-category,—,—,Standing Maw Sign #24 — The Saga's Ninth Paired-Sign Category Opening (Monument-Animation — Pair Awaiting),—,Ch 2 Beat 4 (4:11:08 a.m. July 12 2026 at Kedarnath-Mandir temple-courtyard standing-eastern-entrance position),"At 4:11:08 a.m. on July 12 2026 (the dawn following Kasturika's Stage III mark-formation at Badrinath Brahmakapal Pinda-Daan ghat 4:11:23-5:23:11 p.m. July 11) the Kedarnath-Mandir Nandi-statue at temple-courtyard standing-eastern-entrance position turns its head by 25.4 millimetres east-northeast at cervical-vertebrae cross-section rotation. The Nandi-statue is pre-1100 CE Pandya-era stone-carved standing-deity-companion at eighth-century-Adi-Shankaracharya-reconstruction-precedent configuration; one standing-solid-piece carved standing-granite at ~580 metric-tonnes standing-stone-weight and ~211 cubic-metres standing-stone-volume; standing-statue-base at cement-mortar embedded-configuration since 1882 Garhwal-restoration. Statue had been at standing-aerial-orientation standing-eastern-facing position across 1144-year recorded-history at no-displacement no-rotation configuration. Pujari Bhuvan-Chandra (Kedarnath senior-pujari since 2016; 43) first observes 4:11:08 a.m. Dr. K. Joshi (ASI Garhwal-cell senior-archaeologist since 2014; 61) confirms rotation 11:11-2:43 p.m. via laser-rangefinder; files evidence-document M-24A 7:11 p.m. 5-day expertise cross-reference confirms no-mechanical-rotation possibility, no fracture-line; Maw-attribution.","Standing-Maw-sign-recognition cell evidence-documents M-24A (23-position photograph-cluster), M-24B (laser-rangefinder cross-reference report), M-24C (5-day expertise cross-reference no-mechanical-rotation analysis), M-24D (laser-spectroscopy no-fracture-line cross-reference); pair-candidate awaiting in subsequent Ch 2 kingdom (Himachal-Pradesh Hidimba-Devi-temple pillar-shift, Kashmir Martand-Sun-Temple fragment-realignment, or Maharashtra Trimbakeshwar Tryambakeshwar-lingam cardinal-orientation-shift projected); Pujari Bhuvan-Chandra first-observer; Dr. K. Joshi cross-reference author","Saga's TWENTY-FOURTH Maw sign — first monument-animation experiment at solid-granite cervical-vertebrae cross-section rotation. OPENS the saga's ninth paired-sign category (monument-animation: the Maw alters the standing-physical-configuration of a standing-bonded-monument at the standing-aerial-elevation; distinct from Punjab reflection-substitution category at monument's reflection-medium without altering actual-monument). Catalogue now 24 Maw-signs across 24 catalogued kingdoms with 7 paired-sign categories complete (material-experiment Kerala-AP; Maw-language Mizoram-TN; shadow Arunachal-Telangana; direction-reversal Assam-Odisha; hollow-from-within Maharashtra-Bihar; substrate-voice Jharkhand-Bengal; anti-weather Meghalaya-Haryana) and 2 open (reflection-substitution Punjab + pair-candidate awaiting; monument-animation Uttarakhand + pair-candidate awaiting). 6 kingdoms remain (HP, Kashmir, Gujarat, Rajasthan, Chhattisgarh, Andaman); their signs will either complete the reflection-substitution or monument-animation pairs, extend the existing 7 categories at the 3rd-or-4th-entry expansion-protocol, or open further categories at the Maw's next experiment-vector. The standing-Maw-witness-of-the-dharma-administrator-ruling pattern (Meghalaya-Haryana anti-weather + Punjab reflection-substitution + Uttarakhand monument-animation) is the saga's emerging standing-Maw-charter-foundational-ruling acknowledgement-protocol; the Maw is now witnessing through standing-substrate (substrate-voice), standing-reflection (reflection-substitution), standing-precipitation (anti-weather), and standing-monument-animation at the standing-charter-foundational reset-moments across the 9-category cross-reference catalogue."
himachal-lama-sonam,Himachal Pradesh,north,2,Lama Sonam-of-Spiti,deceased-confidante-killed-by-storm-form,47,male,Standing Kalachakra-Tradition Senior-Lama at Tabo-Monastery (DECEASED October 23 2025 4:11:18.9 a.m.),—,Ch 1 reference (2019 Spiti-valley confidante-acquisition) — deceased October 23 2025 Beat 1,"Forty-seven at death. Standing-Kalachakra-tradition senior-Lama at Tabo-monastery since 2003 (22-year monastic-tradition tenure). Born 1978 at Spiti-valley Kibber-village to Spiti-monastic-family Tenzin-of-Spiti line (~5 generations of Spiti-monastic-line at Tabo-monastery service since 1882 British-East-India-Company Spiti-monastic registration). Elder-brother of Lama Tashi-of-Spiti (age-gap 6 years). Broke Himavati's emotional-isolation at 2019 Kalachakra-tradition Spiti-valley pilgrimage when she collapsed at Pin-valley western-slope altitude 4,711 m snow-blindness-fatigue moment. Walked her to Kaza-medical-aid station alongside Spiti-valley-trail across 2.5 days. Became Himavati's only confidante across 2019-2025 6-year window at Tabo-monastery monthly-letter exchange-protocol (~77 Sonam-to-Himavati + ~73 Himavati-to-Sonam = ~150 cumulative letters at Tabo-monastery permanent-archive). Administered pre-winter-cycle Kalachakra-tradition ritual at Tabo-monastery western-courtyard 4:08 a.m. October 23 2025 (8-minute mantra-recitation cycle). Storm-form arrived 4:11 a.m. Voice spoke at loneliness-frequency 4:11:08 a.m. Refused at Kalachakra-tradition no-storm-recruitment vow. Completed mantra cycle 4:11:11 a.m. Raised Damaru-Vajra drum at Damaru-cycle administration 4:11:13 a.m. Struck Damaru first-beat 4:11:14 a.m. Voice ceased at Damaru-beat recognition. Storm-funnel formation completed 4:11:17 a.m. Ice-shard-impact 4:11:18 a.m. (47 ice-shards × 11mm × 23m/s at cardiac-and-pulmonary trauma). Dropped Damaru 4:11:18.4 a.m. Fell to clay-floor 4:11:18.7 a.m. Died 4:11:18.9 a.m. Body found 4:11:23 a.m. by Tashi.","Standing-Kalachakra-tradition senior-Lama at Tabo 2003-2025 (22-year tenure); Spiti-monastic-family Tenzin-of-Spiti line elder; brother of Lama Tashi-of-Spiti; standing-confidante of Himavati 2019-2025 (~150 letters at Tabo monthly-exchange archive); Damaru-Vajra senior-Lama instrument-inheritor from grandfather Lama Tenzin-of-Spiti (1928-1994); Tabo-monastery grave-stupa northern-vault ashes-position","Forty-seven at death. Wore Kalachakra-tradition saffron-and-maroon Lama-robe at pre-winter-cycle configuration; mala at left-wrist; Damaru-Vajra at right-hand instrument; Vajra-and-Ghanta at western-altar position. Standing-killed at Tabo-monastery western-courtyard storm-funnel ice-shard-impact October 23 2025 4:11:18.9 a.m. Cremated at Tabo-monastery western-courtyard 11:11-4:11 p.m. October 23. Ashes at grave-stupa southern-margin northern-vault 4:23 p.m. October 23. Per restructure §6 his death is the standing-charter-foundational catalytic event that produces the standing-Himavati standing-grief-isolation cross-reference standing-charter-foundational vulnerability and the standing-eventual standing-named-grief bond Stage III formation at Council-Hall February 11."
himachal-lama-tashi,Himachal Pradesh,north,2,Lama Tashi-of-Spiti,state-hero-successor-via-paw-print-mark-transfer,41,male,Standing Kalachakra-Tradition Junior-Lama at Tabo-Monastery → Standing HP State-Hero (NEW per restructure §1; existing per Ch 2 §8 plan),—,Ch 2 Beat 1 (Lama Sonam death-discovery 4:11:23 a.m. October 23 2025) — active through Beat 4 paw-print mark-transfer,"Forty-one. Standing-Kalachakra-tradition junior-Lama at Tabo-monastery since 2007 (19-year monastic-tradition tenure). Younger-brother of Lama Sonam-of-Spiti by 6 years; both born Spiti-valley Kibber-village to Spiti-monastic-family Tenzin-of-Spiti line. Standing-Spiti-valley Kalachakra-tradition Tabo-monastery western-veranda administrator. Found brother's body 4:11:23 a.m. October 23 2025. Officiated Sonam's cremation 4:11 p.m. October 23. Carried grief privately across November 2025-January 2026 at Kalachakra-tradition Lama-discipline grief-administration protocol. Selected as Monastic-Order senior-grievance-presenter at January 23 2026 Tabo-monastery Lama-cell democratic-cross-reference. **February 11 2026 4:11-4:58 p.m.** delivers 47-minute Monastic-Order grievance-presentation at Shimla-State-Council Vidhan-Sabha Council-Hall western-wing. At thirteenth-minute (4:24 p.m.) addresses Himavati: 'Speak his name once. The Monastic-Order will accept your mediation after the once.' Receives Himavati's thirteenth-second name-speech 4:58:13 p.m. Witnesses Stage III mark-formation 4:58:13-4:58:24 p.m. Places right-palm on heart 11 sec at acknowledgment-of-the-name protocol 4:59:23-4:59:34 p.m. February 18 accompanies Himavati at Tabo grave-stupa visit; places right-palm at her palm-rest position 11 sec; stands 47-min side-by-side at 11-metre proximity. **February 27 2026 11:43:18 a.m.** feels mark-transfer alert at Tabo western-courtyard (Himavati's death). Departs 11:47 a.m.; arrives Mahesh-Singh-village 12:43 p.m. Administers body-preparation 12:47-5:47 p.m. Body transferred to Tabo 5:47 p.m. **March 4 2026 11:11-4:11 p.m.** officiates Himavati's Tabo cremation. Ashes placed at grave-stupa southern-vault adjacent to Sonam's October-23 northern-vault. **March 9 2026 4:11:11 a.m.** Hima-Putra arrives at Tabo western-courtyard 4:11:08 a.m. (11-day-post-death observation); presses right-paw-print into clay-floor at Tashi's feet 25.4-mm-deep impression 11 sec; paw-print silhouette acquires Stage III snow-leopard-foreleg-first-stroke in snow-white-and-storm-blue dual-ink across 11 sec 4:11:22-4:11:33 a.m. Tashi places right-palm on impression 11 sec 4:11:43-4:11:54 a.m. **Mark-transfer completes at Tashi's right-upper-back** in same dual-ink configuration. Accepts HP state-hero seat at Kalachakra-tradition Buddhist-Lama state-hero successor pattern. Inherits Damaru-Vajra at standing-senior-Lama permanent-instrument inheritance-protocol. Per Ch 3 plan attends Sanctuary at Himalayan-monastic-tradition state-hero cohort alongside Lobsang of Sikkim.","Spiti-monastic-family Tenzin-of-Spiti line younger-brother of Lama Sonam; standing-Kalachakra-tradition junior-Lama at Tabo 2007-2026 (19-year tenure) → standing-acting-senior-Lama post-March-11 senior-Lama-conclave; standing-Damaru-Vajra inheritor; standing-Stage III mark-inheritor via paw-print mark-transfer March 9; future-Sanctuary Himalayan-monastic-tradition cross-region cohort with Lobsang of Sikkim (Beyul-Kshetra) — the saga's first cross-region monastic-tradition state-hero pair-instance; future-Sanctuary North-cluster delegation alongside Bhairava-Ji (Uttarakhand State-Hero deferential-successor), Kasturika (Uttarakhand Guru of Healer-Line), Kurukshetraa (Haryana Regent of Yamunadatta), and Panchanada (Punjab abandoned-consensus jathedar)","Forty-one. Wears Kalachakra-tradition saffron-and-maroon Lama-robe at pre-paw-print-mark-transfer Lama-administration; post-paw-print-mark-transfer transitions to state-hero-Lama-syncretic robe at snow-white-and-storm-blue dual-band shoulder-stole at amended-charter Eighth-Provision standing-state-hero-Lama dual-administration recognition. Per restructure §1 he is New Male Character introduced at Ch 2 Stage III for male-led North-cluster succession (existing per Ch 2 §8 plan; expanded at restructure). Survives Volume I."
himachal-ranveer-singh-negi,Himachal Pradesh,north,2,Senapati Ranveer-Singh-Negi,valley-warriors-senior-delegate,58,male,Standing Sangla-Valley Kinnauri-Pahari Senapati + Standing Valley-Warriors Senior Delegate,—,Ch 2 Beat 1 (Sangla-valley warrior-clan 23-junior-warrior storm-recruitment loss August-October 2025) — active through Beat 4 amended-charter ratification,"Fifty-eight. Standing-Sangla-valley Kinnauri-Pahari Senapati since 2014 (12-year tenure). Standing-Bushahr-State warrior-clan-tradition senior-delegate at standing-pre-1857 Bushahr-State Kinnauri-Pahari-Kalachakra syncretic-tradition cross-reference. Lost 23 standing-junior-warriors to storm-form recruitment at Sangla-valley warrior-clan across August-October 2025. Delivered Valley-Warriors grievance-presentation at Shimla-State-Council February 11 2026 5:11-5:58 p.m. Acknowledged Himavati's Stage III mark-formation at 4:59:43 p.m. with namaste-mudra at 3-metre-east position for 11 seconds at Sangla-valley Pahari-tradition standing-acknowledgment-of-the-state-hero-speech protocol. Hosted Himavati at Sangla-village residence February 21-26 for 6-day Valley-Warrior cohort-consequences mediation. Attended Mahesh-Singh-village avalanche aftermath February 28-March 1. Attended Tabo-monastery cremation March 4 with 47 Sangla-valley warrior-cohort. Counter-signed amended-charter at Shimla-State-Council April 23 2026.","Standing-Sangla-valley Kinnauri-Pahari Senapati 2014-2026 (12-year tenure); standing-Bushahr-State warrior-clan-tradition senior-delegate; standing-23-junior-warrior storm-recruitment loss-cohort senior-spokesman; standing-Valley-Warriors grievance-presentation senior-delegate; future-Sanctuary Valley-Warriors senior-delegate cross-region acknowledgment representative at North-cluster delegation","Fifty-eight. Wears Kinnauri-Pahari traditional dress (white cotton kurta with green-and-red Kinnauri-cap; Pahari ceremonial sword at left-shoulder; Bushahr-State warrior-clan crest at right-collar). Survives Volume I. Per Ch 3 plan attends Sanctuary at North-cluster delegation as Valley-Warriors senior-delegate."
himachal-pema-of-komic,Himachal Pradesh,north,2,Lama Pema-of-Komic,acting-senior-lama-tabo-interregnum,67,male,Standing Komic-Monastery Senior-Lama + Standing Tabo-Monastery Acting Senior-Lama (October 23 2025-March 11 2026 interregnum),—,Ch 2 Beat 1 (October 25 2025 senior-Lama-conclave selection) — active through Beat 4 (March 11 2026 yields to Tashi),"Sixty-seven. Standing-Komic-monastery senior-Lama since 1994 (32-year monastic-tradition tenure). Standing-Spiti-valley Kalachakra-tradition senior-Lama at Komic-monastery 4,587 m altitude. Selected as Tabo-monastery acting-senior-Lama at Tabo-Lahaul-Spiti monastery-network senior-Lama-conclave October 25 2025 at altitude-seniority cross-reference (the standing-conclave-protocol at Lama Sonam death-replacement administrative-protocol). Administered Tabo standing-pre-winter-cycle Kalachakra-tradition ritual completion across November 2025-February 2026 interregnum. Attended Shimla-State-Council February 11 2026 at northern-altar position. Attended Himavati cremation March 4 at northern-altar position. Yielded acting-senior-Lama position to Lama Tashi-of-Spiti at Tabo-monastery senior-Lama-conclave March 11 2026 (2 days post-paw-print mark-transfer). Returns to Komic-monastery March 18 2026.","Standing-Komic-monastery senior-Lama 1994-2026 (32-year tenure); standing-Tabo-monastery acting-senior-Lama October 25 2025-March 11 2026 (4.5-month interregnum); standing-altitude-seniority cross-reference selection; future-Sanctuary Komic-monastery senior-Lama representative at North-cluster Himalayan-monastic-tradition extended-cohort observer-position","Sixty-seven. Wears Kalachakra-tradition saffron-and-maroon Lama-robe at senior-Lama configuration. Survives Volume I."
himachal-p-negi,Himachal Pradesh,north,2,Sub-Inspector P. Negi,ips-sangla-sub-district-avalanche-evacuation,43,male,Standing IPS Sangla-Sub-District Sub-Inspector + Standing Mahesh-Singh-Village Evacuation Coordinator,—,Ch 2 Beat 3 (avalanche-evacuation 11:17 a.m. February 27 2026),"Forty-three. Standing-Sangla-Sub-District IPS-cell Sub-Inspector since 2018 (8-year tenure). Standing-Sangla-village IPS-station administrator. Received IMD Kinnaur-District avalanche-warning 11:14 a.m. February 27; issued village-evacuation order 11:17 a.m.; coordinated evacuation 11:17-11:39 a.m. (189 of 211 households evacuated at 90% capacity by 11:34 a.m.; 22 households remaining at village-square assembly-coordination final-administration). Received Himavati 11:34 a.m. at village-northern-boundary. Witnessed Himavati's 11:39:58 a.m. direct-discretion order to Hima-Putra. Witnessed Hima-Putra primary-funnel deflection 11:43:12 a.m. (village-cohort survived). Witnessed Himavati's secondary-funnel impact 11:43:14 a.m. and death 11:43:18 a.m. Administered post-avalanche body-recovery 12:11 p.m.-2:43 p.m. Filed IPS Sangla-Sub-District incident-report 4:11 p.m. February 27.","Standing-IPS Sangla-Sub-District Sub-Inspector 2018-2026 (8-year tenure); standing-Mahesh-Singh-village 189/211-household evacuation-coordinator; standing-Himavati death-witness; standing-IPS-Kalachakra-tradition joint-record cross-reference; future-Sanctuary IPS Sangla-Sub-District senior-cohort representative","Forty-three. Wears IPS Himachal-Pradesh-cadre khaki uniform with Sub-Inspector shoulder-cord. Survives Volume I."
himachal-k-thakur,Himachal Pradesh,north,2,Dr. K. Thakur,iit-roorkee-zoology-tragopan-expertise,52,male,Standing IIT-Roorkee Department-of-Zoology Senior-Faculty + Standing Tara-Putri Acoustic-Spectrogram Expertise Author,—,Ch 2 Beat 4 (Tara-Putri acoustic-spectrogram analysis February 28-March 7 2026),"Fifty-two. Standing-IIT-Roorkee Department-of-Zoology faculty since 2014 (12-year career). Standing-Himalayan-bird-behaviour specialist; standing-Bombay Natural History Society senior-affiliate since 2018. Received Sub-Inspector P. Negi telephone-cross-reference 4:23 a.m. February 28 2026. Arrived Mahesh-Singh-village 11:11 a.m. February 28. Conducted acoustic-spectrogram analysis at spruce-tree perch 11-metre proximity portable-microphone-array configuration 11:11-2:43 p.m. Confirmed Tara-Putri female-bird vocalisation at male-mating-call pattern at natural-history record cross-reference at BNHS 79-year archive 1947-2026 no-precedent confirmation. Filed March-7 expertise-report (evidence-document M-25A). Conducted 23-day acoustic-monitoring across February 28-March 22 mating-call-cycle observation.","Standing-IIT-Roorkee Department-of-Zoology faculty 2014-2026 (12-year career); Himalayan-bird-behaviour specialist; BNHS senior-affiliate; standing-evidence-document M-25A author; future-Sanctuary IIT-Roorkee Department-of-Zoology senior-faculty representative","Fifty-two. Wears IIT-Roorkee Department-of-Zoology field-coat with BNHS senior-affiliate emblem. Survives Volume I."
himachal-tara-putri,Himachal Pradesh,north,2,Tara-Putri (the Western Tragopan),aerial-companion-bonded-bird-then-maw-sign-witness,—,female (bird),Standing Bonded-Aerial-Companion of Himavati Since 2014 + Standing Maw Sign #25 Witness-Singer,—,Ch 2 Beat 4 (mating-call-cadence February 28-March 22 2026),"Standing-Western Tragopan (Tragopan melanocephalus) bonded-aerial-companion of Himavati since 2014 (12-year companion-bond). Standing-Himachal-Pradesh sacred-bird. Standing-Madhmaheshwar-Tunganath-corridor spruce-tree perch standing-prior-default-residence. Did not call across October-23-grief-vigil four-month window (grief-acknowledgment cross-reference silence-protocol). Perched at Council-Hall north-eastern-column 11-metre overhead 11:11 a.m. February 11 2026 at Shimla session; called Vasant-Panchami-following dawn-cadence 11-second repetition-cycle 4:58:24-5:05:24 p.m. at Stage III mark-formation moment. Perched at Tabo-monastery grave-stupa 11-metre overhead spruce-tree perch February 18 noon-cadence visit-companion. Perched at Sangla-village Senapati Ranveer-Singh-Negi residence February 21-26 mediation-companion. Followed Himavati to Mahesh-Singh-village 11:34 a.m. February 27. Perched at village-northern-boundary 11-metre overhead spruce-tree perch across pre-avalanche window. Witnessed Himavati's death 11:43:18 a.m. February 27. Remained at spruce-tree perch from February-27-noon through February-27-overnight at grief-acknowledgment configuration. **February 28 2026 4:11 a.m.** began standing-male-mating-call-cadence (female-bird vocalisation at male-mating-call pattern — saga's standing-double-displacement creature-behaviour-anomaly). Continued mating-call across 23-day window February 28-March 22 at 23-second repetition-cycle (cumulative ~11,500 instances). Departed Mahesh-Singh-village spruce-tree perch March 3 evening for Tabo-monastery cremation-attendance arrival; resumed mating-call at Tabo spruce-tree perch from 4:11 a.m. March 4 cremation-day. Continued mating-call across cremation-administration window. Mating-call ceased at 7:18 a.m. March 22 at 23rd-day window-completion. Returned to standing-natural-cadence sunset-call from March 22.","Himavati's bonded-aerial-companion 2014-2026 (12-year companion-bond); standing-Himachal-Pradesh sacred-bird Western Tragopan (Tragopan melanocephalus); standing-Maw Sign #25 witness-singer; standing-Bombay Natural History Society 79-year archive no-precedent female-male-mating-call winter-singing instance; future-Sanctuary bonded-bird memorial-position at Tabo-monastery grave-stupa standing-eleven-metre overhead spruce-tree perch","Bonded-bird. Standing-Himachal-Pradesh sacred-bird Western Tragopan (Tragopan melanocephalus). Survives Volume I. The standing-Tara-Putri 23-day mating-call-cycle is the standing-Animal-Bond-Indicator standing-female-line cross-reference for Himavati at the standing-Maw-sign-recognition cell second-order cross-reference protocol (per the Odisha sambar-deer codification). Per Ch 3 plan she remains at Tabo-monastery grave-stupa spruce-tree perch at the standing-Himavati memorial-residence; Lama Tashi-of-Spiti administers the standing-tragopan-monitoring protocol at Tabo-monastery standing-permanent-archive."
himachal-hima-putra,Himachal Pradesh,north,2,Hima-Putra (the Snow-Leopard),bonded-animal-deity-trial-absorption-mark-transferer,—,male (snow leopard),Standing Bonded-Snow-Leopard of Himavati Since 2012 + Standing Deity-Trial Absorption Hima-Asura-Ceaser + Standing Mark-Transfer Paw-Print-Presser,—,Ch 2 Beat 3 (Mahesh-Singh-village primary-funnel deflection 11:43:12 a.m. February 27) - Beat 4 (Tabo-monastery paw-print mark-transfer 4:11:11 a.m. March 9),"Standing-Snow-Leopard (Panthera uncia) bonded-snow-leopard of Himavati since 2012 (14-year companion-bond). Standing-Himachal-Pradesh sacred-animal. Standing-Tabo-Lahaul-Spiti monastery-corridor standing-prior-default-territory. Perched at Council-Hall western-veranda observation-window 11:11 a.m. February 11 2026. Approached veranda-threshold 4:58:34 p.m.; placed right-paw on threshold for 11 seconds at acknowledgment-of-the-name protocol 4:58:43-4:58:54 p.m. Accompanied Himavati at Tabo grave-stupa February 18. Accompanied at Sangla mediation February 21-26. Arrived at Mahesh-Singh-village 11:34 a.m. February 27 at 3-metre-rear position. Received Himavati's direct-discretion order 11:39:58 a.m.: 'Save the village. Not me. Tashi will inherit.' Placed right-paw on Himavati's right-thigh 11 sec at acknowledgment-of-the-direct-discretion-order protocol 11:40:18-11:40:29 a.m. Moved to primary-funnel deflection-counter-position village-square 23-metre-southwest 11:40:41 a.m. Took deflection-stance. **11:43:11 a.m.** avalanche-trigger; **11:43:12 a.m.** deflected primary-funnel snow-ice-mass cascade at village-square impact-vector (village-cohort survived; Hima-Putra struck at shoulder-flank impact-cluster — survived with fractured-right-rib at Kalachakra-tradition Snow-Leopard-bond deity-trial absorption). Absorbed standing-Hima-Asura storm-form energy into deity-trial reservoir 11:43:18-11:43:29 a.m.; **Hima-Asura ceased 11:43:29 a.m.** at deity-trial absorption protocol. Walked 211 km from Mahesh-Singh-village to Tabo-monastery across March 7-8 (~100 km/day at snow-leopard-pace). **March 9 2026 4:11:08 a.m.** arrived at Tabo western-courtyard. **4:11:11 a.m.** pressed right-paw-print into clay-floor at Tashi's feet 25.4-mm-deep impression for 11 sec at deity-trial absorption mark-transfer protocol. Paw-print silhouette acquired Stage III snow-leopard-foreleg-first-stroke across 11 sec 4:11:22-4:11:33 a.m. in snow-white-and-storm-blue dual-ink. Bowed at Tashi at 11-degree Kalachakra-tradition Lama-acknowledgment configuration 4:12:04 a.m.","Himavati's bonded-snow-leopard 2012-2026 (14-year companion-bond); standing-Himachal-Pradesh sacred-animal Snow-Leopard (Panthera uncia); standing-deity-trial absorption-capacity bonded-animal; standing-Mahesh-Singh-village primary-funnel deflection-saver (211 households survived); standing-Hima-Asura storm-form-ceaser at deity-trial absorption; standing-mark-transfer paw-print-presser at Tabo March 9; future-Tashi standing-bonded-snow-leopard at standing-Tabo-monastery Lama-residence permanent-companion-administration","Bonded-animal. Standing-Himachal-Pradesh sacred-animal Snow-Leopard (Panthera uncia). Survives Volume I with fractured-right-rib at Kalachakra-tradition Snow-Leopard-bond deity-trial absorption injury (healed across following 8 weeks at Tabo-monastery veterinary-cell rehabilitation; standing-mobility restored at full-capacity by April 23 amended-charter ratification day). Per Ch 3 plan he is Lama Tashi-of-Spiti's standing-bonded-snow-leopard at Tabo-monastery Lama-residence permanent-companion-administration; attends Sanctuary at Tabo-monastery state-hero-Lama dual-administration companion-position alongside Tashi."
himachal-tragopan-singing,Himachal Pradesh,north,2,The Tragopan Singing in Winter,maw-sign-25-creature-behaviour-displacement-completes-pair-with-tripura,—,—,Standing Maw Sign #25 — The Saga's Tenth Paired-Sign Category Completion (Creature-Behaviour-Displacement Pair with Tripura — Female-Tragopan Sings Male-Mating-Call in Winter Across 23-Day Window),—,Ch 2 Beat 4 (4:11 a.m. February 28 2026 first male-mating-call through 7:18 a.m. March 22 23-day window completion),"At 4:11 a.m. on February 28 2026 (dawn following Himavati's death at Mahesh-Singh-village avalanche 11:43:18 a.m. February 27) the standing-Western Tragopan Tara-Putri (Himavati's bonded-aerial-companion since 2014, 12-year companion-bond) sings the standing-male-mating-call-cadence at the standing-Mahesh-Singh-village avalanche-debris-cluster northern-margin spruce-tree perch. Call is at Western-Tragopan mating-call cadence-pattern at 23-second repetition-cycle at 13-syllable mating-call vocalisation pattern at 67-dB-at-11-m-range mating-attraction broadcast configuration. Call is at male-tragopan typical-pattern; Tara-Putri is female-tragopan; female-tragopan does not sing mating-call at tragopan-species natural-history record. Western Tragopan does not sing in winter at mating-call-cycle (BNHS 1947-2026 79-year archive identifies mating-call-cycle at March-15-to-May-23 only at Western-Himalayas range; no precedent for winter-singing). IIT-Roorkee Dr. K. Thakur March-7 expertise-report (evidence-document M-25A) confirms no natural-precedent. Mating-call repeats at 23-second repetition-cycle across 23-day window February 28-March 22 (cumulative ~11,500 individual mating-call instances at 23-second repetition-cycle across 7 hours per dawn-window). Call ceases 7:18 a.m. March 22 at 23rd-day window-completion.","Standing-Maw-sign-recognition cell evidence-documents M-25A (Dr. K. Thakur March-7 expertise-report), M-25B-through-G (23-position acoustic-spectrogram cross-reference cluster), M-25H (BNHS 79-year archive cross-reference no-precedent confirmation), M-25I (Sub-Inspector P. Negi IPS service-issued radio recording 4:11:23 a.m. February 28 first observation); paired with Tripura's pigeon-broods-empty at the creature-behaviour-displacement paired-sign category (Tripura spatial-displacement object-removed; Himachal temporal-and-sex-displacement season-wrong-and-sex-wrong-double); Animal-Bond-Indicator second-order cross-reference at Tara-Putri 23-day mating-call-cycle","Saga's TWENTY-FIFTH Maw sign — first creature-behaviour-double-displacement experiment at female-male-mating-call winter-singing 23-day continuous-window. COMPLETES saga's tenth paired-sign category (creature-behaviour-displacement: Tripura spatial-displacement object-removed pigeon-broods-empty + Himachal temporal-and-sex-displacement female-tragopan-sings-male-mating-call-in-winter). Catalogue now 25 Maw-signs across 25 catalogued kingdoms with 8 paired-sign categories complete (material-experiment Kerala-AP; Maw-language Mizoram-TN; shadow Arunachal-Telangana; direction-reversal Assam-Odisha; hollow-from-within Maharashtra-Bihar; substrate-voice Jharkhand-Bengal; anti-weather Meghalaya-Haryana; creature-behaviour-displacement Tripura-Himachal) and 2 open (reflection-substitution Punjab + pair-candidate awaiting; monument-animation Uttarakhand + pair-candidate awaiting). 5 kingdoms remain (Kashmir, Gujarat, Rajasthan, Chhattisgarh, Andaman). The standing-Maw-witness-of-the-state-hero-death pattern at the standing-Himachal Tragopan-singing is the saga's standing-second standing-Maw-witness-of-state-hero-death instance (after Bengal's tidal-mudflat substrate-voice at Sundarvani-equivalent acknowledgment; the Himachal Tragopan-singing is at the standing-Himalayan-altitude scale + standing-temporal-and-sex displacement double-anomaly configuration)."
chhattisgarh-aranya-putri,Chhattisgarh,central,2,Aranya-Putri (Maina Madvi),ward,9,female,Reformers (Vana-Yuddha extraction ward),Tribal-bloodline-A (Gond-Madvi lineage of Bhairamgarh),Ch 2 Beat 2 (October-11-2025 Bhilai-Sector-7 transfer through March-11-2026 11:43 p.m. extraction),"The Standing-Ward — daughter of Dandakarni's house — taken at age-7 from Bhairamgarh-village school-veranda on October-11-2025 under Aranya-Vidya-Public-School transfer-order — held 5 months 1 day at Bhilai-Sector-7 detention-block — extracted at 11:48:34 p.m. March-11-2026 by Vana-Senapati's third-arrow company. Bears the Standing-Counter-Mark of the Saga: a 23-petal forest-flower behind right-ear in clay-brown single-ink applied by Mata Sundari-Madvi on March-12-2026 dawn at standing-village-banyan re-naming-ceremony.","Adopted-daughter of Dandakarni (Madakam-Hidme) at age-3; biological-niece of Suresh-Madvi and Birsa-Madvi; foster-sister to 211 other tribal-children transferred under same order","Nine years old at extraction. Slight-built; brown-eyed; speaks Gondi as first-language and broken Hindi as second. Held her silence across 23 questioning-sessions at Bhilai-block. Will become a Ch-3 herald-figure for the Schedule-V tribal-zone restitution-arc."
chhattisgarh-vana-senapati,Chhattisgarh,central,2,Vana-Senapati (Madakam-Surya),new-hero,38,male,Reformers (Vana-Yuddha war-council commander; inheriting state-hero seat),A (Gond-Madvi-Bhairamgarh patrilineal),Ch 2 Beat 3 (February-23 smuggled-letter through March-11 11:43 p.m. mobilisation) — inherits state-hero seat April-11 step-back ceremony,"The Standing-Successor — Dandakarni's cousin-brother (mother's-brother's-son) — Vana-Vikas Manch field-coordinator since 2019 — commands the 311-warrior Vana-Yuddha mobilisation at standing-Bhairamgarh-banyan war-council on March-11-2026 — accepts Maha-Vana-Sevaka state-hero seat at April-11 step-back ceremony when Dandakarni transitions to Aranya-Mata-the-Second","Cousin-brother of Dandakarni (mother's-brother's-son); husband to Smt. Manju-Sahu since 2017; father to two Madvi-Sahu children aged 6 and 4; uncle by adoption to Aranya-Putri","Thirty-eight years old. Forest-tracker since age-12. Karpa-stroke (heavy curved Gond machete) and Kuthar-stroke (Gond war-axe) trained at Bastar Vana-Akhada from age-14. Bears the standing-Stage-III buffalo-foreleg-first-stroke mark in forest-green-and-clay-brown dual-ink from 12:11:23 a.m. March-12-2026 inheritance-ceremony at standing-Bhilai-perimeter banyan. Will lead the Ch-3 Schedule-V restitution-petition before the Supreme-Court."
chhattisgarh-mira-salam-devi,Chhattisgarh,central,2,Smt. Mira Salam-Devi,new-hero,34,female,Reformers (Vana-Yuddha war-council ritual-officiant),Tribal-bloodline-A (Halba-Salam lineage of Kanker),Ch 2 Beat 3 (March-11-2026 war-council ritual-officiation) — continues into Ch 3 Schedule-V restitution-arc,"The Standing-Officiant — Halba-tribal-ritualist of Kanker — officiates the dawn smearing-of-clay rite at standing-Bhairamgarh-banyan on March-11-2026 — applies the standing-March-12 12:11:23 a.m. dual-ink Stage-III mark on Vana-Senapati at standing-Bhilai-perimeter banyan","Wife of Salam Birsa-Da (Halba-tribal-elder of Kanker); foster-mother to four Salam-clan orphans; sister-in-law to Dr. P. Pradhan's late wife","Thirty-four years old. Carries the standing-Halba-tradition single-ink clay-brown line at her own right-shoulder applied at age-16 first-blood ceremony. The new-female-role-introduction per §5 restructure: ritual-officiant — not warrior — but indispensable to the bond-transfer-mechanic."
chhattisgarh-lakshmi-devi,Chhattisgarh,central,2,Smt. Lakshmi-Devi Madvi,supporting-hero,52,female,Reformers (Vana-Vikas Manch women's-wing convenor),Tribal-bloodline-A (Gond-Madvi-Bhairamgarh matrilineal-collateral),Ch 2 Beat 1 (2017 adoption-witness) through Beat 4 (April-11 step-back-ceremony witness-elder),"The Standing-Elder — Dandakarni's adoptive-paternal-aunt — Vana-Vikas Manch women's-wing convenor since 2019 — witnesses the 2017 Aranya-Putri adoption — convenes the standing-Bhairamgarh-women's-circle 23-day vigil at standing-Bhilai-perimeter from February-23-2026 — witness-elder at April-11 step-back ceremony","Adoptive-paternal-aunt of Dandakarni; mother of Vana-Senapati; mother-in-law to Smt. Manju-Sahu; grandmother to two Madvi-Sahu children","Fifty-two years old. The standing-matriarch of the Madvi household at Bhairamgarh-village. Maintains the standing-clay-pot of charter-foundational forest-water drawn from Indravati-tributary at 2017 adoption-night and refilled at every annual-renewal."
chhattisgarh-suresh-madvi,Chhattisgarh,central,2,Suresh Madvi,supporting-hero,41,male,Reformers (Vana-Yuddha war-council second-in-command under Vana-Senapati),A (Gond-Madvi-Bhairamgarh patrilineal),Ch 2 Beat 3 (March-11-2026 mobilisation 211-warrior column commander) — continues into Ch 3,"The Standing-Second — Aranya-Putri's biological-paternal-uncle (her late father's brother) — commands the standing-211-warrior southern-perimeter column at Bhilai-Sector-7 razing — first to reach the children's-dormitory at 11:46:11 p.m. March-11-2026","Brother of late Ramesh-Madvi (Aranya-Putri's biological-father, deceased 2022 to Vana-Raksha mercury-poisoning at Surguja); brother to Birsa-Madvi; biological-paternal-uncle to Aranya-Putri","Forty-one years old. Bears the standing-mercury-poisoning-survival-scar at left-forearm from same 2022 batch that killed his brother. Carries the standing-private-Karpa machete inscribed with brother's name in Gondi-script."
chhattisgarh-birsa-madvi,Chhattisgarh,central,2,Birsa Madvi,supporting-hero,37,male,Reformers (Vana-Yuddha war-council third-in-command; reconnaissance commander),A (Gond-Madvi-Bhairamgarh patrilineal),Ch 2 Beat 3 (February-23 smuggled-letter courier through March-11 11:43 p.m. mobilisation),"The Standing-Reconnaissance — Aranya-Putri's biological-paternal-uncle (junior) — Bhilai-Sector-7 perimeter-mapping over February-23 through March-10 — carries the standing-Sundarvani-Sarus-pigeon February-23 cross-region correspondence from Bengal-courier-relay","Junior-brother of Ramesh-Madvi (deceased) and Suresh-Madvi; unmarried; biological-paternal-uncle to Aranya-Putri","Thirty-seven years old. Sarus-pigeon handler at Bastar-relay since 2021. Maintains the standing-cross-region-correspondence line with Bengal-courier-relay, Bihar-Vajra-Bhumi relay, and Jharkhand-Vana-Agni relay. Will be Ch-3 cross-region-coordination officer."
chhattisgarh-lt-cdr-kashyap,Chhattisgarh,central,2,Lt. Cdr. Pradeep Kashyap,supporting-casualty,38,male,Non-aligned (Bhilai-Sector-7 night-duty officer at 11:43 p.m. attack-moment),—,Ch 2 Beat 4 (11:43:23 p.m. March-11-2026 collateral pillar-collapse mortality at Bhilai-Sector-7 mess-block),"The Standing-Collateral — CISF Bhilai-Sector-7 night-duty officer — non-combatant at 11:43:23 p.m. pillar-collapse mortality at south-mess-block — only-staff-casualty across the standing-no-staff-deaths protocol — his name carved on the standing-Bhairamgarh-banyan memorial-board on April-11 step-back day at the standing-third-line-from-top","Husband of Smt. Sushila Kashyap (CISF widow, Raipur); father to twins aged 4 (CISF Kindergarten Bhilai); son of Smt. Rama-Devi Kashyap (Korba, retired ICDS supervisor)","Thirty-eight years old. The Saga's standing-no-staff-deaths protocol was violated only at his death — by pillar-collapse not by warrior-stroke — and Vana-Senapati's standing-April-11 acceptance-speech names the violation as the standing-tax-on-this-bond. Honoured by Vana-Vikas Manch women's-wing 11-month memorial-fund."
chhattisgarh-manju-sahu,Chhattisgarh,central,2,Smt. Manju-Sahu (Madvi by marriage),supporting-hero,33,female,Reformers (Bhairamgarh women's-circle 23-day vigil convenor; standing-warrior at March-11 northern-perimeter column),Tribal-bloodline-A (Sahu-Halba lineage of Kondagaon by marriage into Madvi-Gond-Bhairamgarh),Ch 2 Beat 3 (February-23 vigil-convening through March-11 11:43 p.m. mobilisation),"The Standing-Wife-and-Warrior — Vana-Senapati's wife since 2017 — convenes the 23-day Bhairamgarh women's-circle vigil at Bhilai-Sector-7 perimeter from February-23-2026 — commands the standing-71-woman northern-perimeter column at 11:43 p.m. March-11 razing — accepts the standing-Stage-II clay-brown single-ink at left-shoulder from Smt. Mira Salam-Devi on March-12 dawn","Wife of Vana-Senapati since 2017; mother to two Madvi-Sahu children aged 6 and 4; daughter-in-law to Smt. Lakshmi-Devi; sister-in-law to Suresh and Birsa","Thirty-three years old. ASHA-worker at Bhairamgarh-PHC since 2018. The new-female-role-introduction per §5 restructure: married-warrior-and-vigil-convenor — bears Stage-II not Stage-III to keep the state-hero seat distinct from the consort-warrior seat."
chhattisgarh-sundari-madvi,Chhattisgarh,central,2,Mata Sundari-Madvi,supporting-hero,67,female,Reformers (standing-village-banyan re-naming-ceremony officiant; tribal-elder council convenor),Tribal-bloodline-A (Gond-Madvi-Bhairamgarh senior-matriarchal),Ch 2 Beat 1 (2017 adoption-naming) through Beat 4 (March-12 dawn re-naming; April-11 step-back),"The Standing-Grandmother — 67-year-old senior-matriarch of Bhairamgarh-village — names Maina Madvi as Aranya-Putri at 2017 adoption-ceremony — re-names her at standing-March-12 dawn re-naming-ceremony at standing-village-banyan — applies the standing-23-petal forest-flower counter-mark behind Aranya-Putri's right-ear in clay-brown single-ink","Senior-matriarch of Madvi-Bhairamgarh; mother-figure to Dandakarni since 2017 adoption-rite; grandmother-figure to Aranya-Putri; co-officiant with Smt. Mira Salam-Devi at March-12 inheritance-ceremony","Sixty-seven years old. The Saga's first standing-named-grandmother-figure — speaks Gondi only — wears the standing-23-bangle wrist-set of charter-foundational mother-rite. Maintains the standing-village-name-register going back to 1947 in palm-leaf bound volume."
chhattisgarh-dr-pradhan,Chhattisgarh,central,2,Dr. P. Pradhan,supporting-hero,46,male,Non-aligned (Bhilai-Sector-7 medical-block in-charge during March-11 razing) — declares for Reformers post-extraction,—,Ch 2 Beat 4 (11:43 p.m. March-11 medical-block stand-down through April-11 Bhairamgarh witness-testimony),"The Standing-Doctor — JLN Hospital Bhilai senior-resident on deputation to Bhilai-Sector-7 medical-block — orders the standing-stand-down of nursing-staff at 11:43:11 p.m. preventing mass-staff-casualty — refuses to attempt resuscitation on the killed Mahesh Vana-Sevaka at 11:48:23 p.m. — accompanies the 211 extracted children to Bastar-PHC at dawn","Brother-in-law of late Mrs. Pradhan (deceased 2024 to JLN Hospital workplace-attack engineered by Vana-Raksha network); brother-in-law to Smt. Mira Salam-Devi","Forty-six years old. Anaesthesiology specialist with 16-year Bhilai-circle service. His March-11 stand-down order is the Saga's standing-medical-corps non-combatant-protocol citation. Testifies April-11 to Standing-Maw-sign-recognition cell on 211-children intake medical-status."
chhattisgarh-vana-pati-buffalo,Chhattisgarh,central,2,Vana-Pati (the Standing Wild-Buffalo),mythic-creature-bonded,11,male,Reformers (Vana-Senapati's bonded-buffalo),—,Ch 2 Beat 4 (March-21-2026 211-buffalo arrival from Burma-Mongolia northern-corridor; lead-buffalo of the convergence),"The Standing-Bonded-Buffalo — 11-year-old lead-bull of the 211 Wild-Buffalo arrival convergence on March-21-2026 — bonds to Vana-Senapati at standing-Indravati-tributary first-water-rite on March-23 dawn — accompanies the standing-Maha-Vana-Sevaka at every standing-village-banyan war-council henceforth","Lead-bull of the standing-211 Burma-Mongolia migrant-cohort; bonds to Vana-Senapati at Indravati-tributary; sole-pair with the standing-Maina-Sakhi Hill-Myna","Eleven years old at arrival. Horn-span 47 inches. Bears the standing-natural-forehead-whorl in the shape of the Bhairamgarh village-banyan-leaf — recognised by Mata Sundari-Madvi at first-water-rite as the standing-charter-foundational sign. The Saga's first standing-mythic-creature-bond paired with the buffalo-migration Maw."
chhattisgarh-maina-sakhi,Chhattisgarh,central,2,Maina-Sakhi (the Standing Hill-Myna),mythic-creature-bonded,—,female,Reformers (Aranya-Putri's bonded-Hill-Myna),—,Ch 2 Beat 4 (April-13-2026 23-day perch-refusal completion; arrives at Aranya-Putri's right-shoulder on April-14 dawn),"The Standing-Bonded-Hill-Myna — arrives at standing-Bhairamgarh-banyan on April-14-2026 dawn — perches on Aranya-Putri's right-shoulder bearing the Standing-Counter-Mark — speaks the standing-three-word Gondi phrase 'Vana-Putri Aaye' across the standing-village-circle — sole-pair with Vana-Pati the Standing Wild-Buffalo","Sole-pair with Vana-Pati Wild-Buffalo; bonds to Aranya-Putri at standing-village-banyan; perch-mate to Mata Sundari-Madvi's 23-bangle wrist-set","Age unknown. The Saga's first standing-mythic-Hill-Myna-bond paired with the 5-species perch-refusal Maw. Speaks 23 distinct Gondi phrases by April-23 dawn. Maintains the standing-cross-region creature-correspondence with HP's tragopan and Bengal's Royal-Bengal-tiger."
chhattisgarh-buffalo-perch-refusal,Chhattisgarh,central,2,The Buffalo Migration and Five-Species Perch-Refusal,maw-sign-26-creature-behaviour-displacement-third-entry-expansion,—,—,Standing Maw Sign #26 — The Saga's Creature-Behaviour-Displacement Three-Entry Expansion (Following Tripura-Heron + Himachal-Tragopan; The Saga's Standing Witness-of-State-Hero-Death Third Instance at the Step-Back of Dandakarni Following Bengal-Substrate-Voice and Himachal-Creature-Behaviour),—,Ch 2 Beat 4 (March-21 211-buffalo NORTH arrival through April-13 23-day 5-species perch-refusal completion),"Beginning on March-21-2026 at dawn (9 days 10 hours after Mahesh-Vana-Sevaka 11:48:23-p.m. March-11 death and 8 days 22 hours after Vana-Senapati 12:11:23-a.m. March-12 Stage-III inheritance-ceremony), 211 Wild-Buffalo of the Bos-arnee subspecies arrive at the Indravati-tributary Bhairamgarh-bend from the NORTH along the Burma-Mongolia migratory-corridor — a 4,711 km reverse-direction migration against the standing-historical south-from-Manipur-and-northeast-corridor pattern. Bharatiya Vana Sanrakshan Sanstha aerial-survey confirms cohort-count at 211 with lead-bull Vana-Pati at 11-year-age and 47-inch-horn-span. Concurrent across March-22 through April-13 23-day window, 5 distinct bird-species (Hill-Myna, Indian-Roller, Crested-Serpent-Eagle, Malabar-Trogon, Indian-Pitta) refuse all 23 designated official-perches across Bhilai-municipal-roost-survey and instead converge to standing-Bhairamgarh-banyan single-perch — confirmed at 23 standing-survey-stations across Bastar-circle by Indian Bird Conservation Network observation-log. The Maw has demonstrated its capacity to displace creature-behaviour both at mass-migration scale (211 Wild-Buffalo at 4,711 km reverse-corridor) and at multi-species perch-refusal scale (5 species at 23-day window) in standing-witness of the state-hero-seat transition from Dandakarni to Vana-Senapati — making this the Saga's Third Witness-of-State-Hero-Death entry expansion (after Bengal-substrate-voice and Himachal-creature-behaviour) at the creature-behaviour-displacement category.","Standing-Maw-sign-recognition cell evidence-documents M-26A (BVSS aerial-survey March-21 dawn cohort-count and lead-bull biometric), M-26B (Bombay Natural History Society migratory-corridor reverse-direction confirmation at 4,711 km), M-26C-through-G (Indian Bird Conservation Network 23-station perch-refusal log March-22 through April-13), M-26H (Bastar-circle DFO standing-Bhairamgarh-banyan single-perch convergence-confirmation), M-26I (Standing-Maw-sign-recognition cell witness-of-state-hero-death three-entry-expansion classification memorandum issued April-23-2026). This is the Saga's third-entry expansion at the creature-behaviour-displacement category and the third-entry of standing-Maw-witness-of-state-hero-death (after Bengal-substrate-voice tidal-mudflat-sub-sound and Himachal-tragopan-winter-singing); the witness here being at a step-back rather than a death — establishing the standing-precedent that the Maw witnesses inheritance-transitions of the state-hero seat at the same recognition-grade as deaths."
gujarat-asha-ben,Gujarat,west,2,Asha-Ben Karsanbhai Modhwadia,new-pastoral-elder,47,female,Reformers (Maldhari-Samaj-Sasan-Gir-State-Forest-Service Joint-Pastoral-Administration cell co-chair),Tribal-bloodline-A (Modhwadia-clan Maldhari-pastoral 11-generation lineage of Khambhalia 1856 standing-pre-State-Formation Saurashtra-Kathiawar),Ch 2 Beat 2-4 (April-11-2026 bill-tabling reception through July-11-2026 step-back-ceremony charter-witness administration and July-23-2026 Joint-Pastoral-Administration co-chair recognition),"The Standing-Pastoral-Elder — Khambhalia-village Modhwadia-clan elder — leader of 211-Maldhari-women cohort Khambhalia-to-Gandhinagar 211-km walk June 11-23 2026 — convenor of 23-Modhwadia-women senior-cohort standing-Kapadiyu-stick standing-cranial-circle simultaneous-strike formation Sachivalaya 4th-floor southern-corridor 5:47:23 p.m. June 23 — saga's first standing-female-collective enforcement-execution at 23-member formation-strike pattern at Schedule-VI tribal-pastoral standing-judicial-tradition cross-reference — Maldhari-Samaj-Sasan-Gir-State-Forest-Service Joint-Pastoral-Administration co-chair from July 23 2026 — new-female-visible-seat per restructure §5","Daughter of Karsanbhai Modhwadia (78, deceased 2019; standing-charter-witness at Saraswati 2013 conferral at Sasan-Gir Maldhari-Samaj senior-council standing-lion-pride-consent ratification); mother to Bharti-Ben (24, ASHA-worker Khambhalia-PHC); aunt to Birsa-Bharwad (23, Bharwad-clan Maldhari-courier); sister-by-clan to Kankuben Bharwad (52, Bharwad-clan senior-cohort delegate at 23-Modhwadia-women senior-cohort), Lalita-Ben Rabari (49, Rabari-clan senior-cohort delegate), Hansa-Ben Charan (53, Charan-clan senior-cohort delegate), Sushila-Ben Ahir (47, Ahir-clan senior-cohort delegate); 211-Maldhari-women cohort senior-administrative-officer","Forty-seven years old. The Saga's first standing-named Maldhari-pastoral-elder — Saurashtra-Kathiawar 5-clan cohort-representative — fluent Gujarati-Saurashtra-dialect; broken-Hindi at standing-administrative-formality cross-reference. Wears standing-Modhwadia-clan standing-saffron-and-vermillion-ghagra pastoral-festival attire at standing-charter-witness ceremonial-cross-reference. Carries standing-1856-vintage Modhwadia-clan coexistence-charter standing-original-leaf-bound copy at standing-Schedule-VI tribal-pastoral standing-charter-witness administrative-cross-reference (returned-custody from Saraswati Madhavi-line residence May 11 2026; circulates at standing-pastoral-village standing-pilgrimage-residence cross-reference). Holds standing-Kapadiyu-stick at standing-47-inch wooden-herding-stick standing-Schedule-VI tribal-pastoral protected-implement cross-reference. Per Ch 3 plan attends Sanctuary spring-2026 at West-cluster delegation behind Simhavikrama at standing-Maldhari-pastoral-elder recognition-position; carries 1856 Modhwadia coexistence-charter to Sanctuary at Schedule-VI standing-charter-foundational protection-cross-reference recognition-administration."
gujarat-simhavikrama,Gujarat,west,2,Simhavikrama (existing — full Ch 2 introduction),new-state-hero-successor,39,male,Reformers (Gujarat state-hero seat from July 11 2026; West Regional Dominant from Ch 3),A (standing-desert-edge-of-the-line Saurashtra-Sutapathi-line Bloodline-A Krishna-mapped),Ch 2 Beat 3-4 (June-22 Vatva-stretch standing-warrior-escort-formation through July-11-step-back-ceremony state-hero seat acceptance through July-23 Wildlife-Board ratification-session Joint-Pastoral-Administration co-chair recognition),"The Standing-Cousin-Successor — Saraswati's first-cousin at standing-desert-edge-of-the-line Bloodline-A — Junagadh-Sasan-Gir warrior-administration senior-officer since 2014 — walked standing-warrior-escort-formation at standing-Saraswati-3-metre-rear at Vatva-to-Sachivalaya 23-km final-stretch June 22-23 — Stage III lion-foreleg-first-stroke at right-upper-back 4:11:11-4:11:22 a.m. June 24 in sandy-gold-and-saffron dual-ink at Sasan-Gir Asiatic-Lion visual-anchor at standing-cousin-inheritance configuration per restructure §1 — accepts Gujarat state-hero seat July 11 2026 at Sasan-Maldhari-Samaj senior-council standing-recognition-ceremony — administers Pride-Charter ratification at July 23 Wildlife-Board ratification-session — per D9 carries standing-Goan-Gaur secondary-bond at standing-double-bond-mechanic configuration post-Sagaradeva Ch-3-death — becomes West Regional Dominant after Maharashtra absorption post-Shivagati duel-death Ch 3","First-cousin to Saraswati (Gujarat state-hero stepping-back to Simha-Mata-the-First) + Krishnaveni (AP deceased Ch 1) + Krishnadevaraya-Bhrata (Karnataka standing-Bloodline-A Krishna-mapped + Maha-Adhipati Vol I); maternal-nephew to Yajna-Devi (Haryana Sannihit-Sarovar Bloodline-B matriarch through standing-1947-pre-State-Formation cross-Bloodline marriage); standing-Sasan-Gir lion-pride at standing-Simha-Pati 11-year-old standing-pride-male-lead bonded-companion since 4:11 a.m. June 24 cousin-inheritance ceremony; standing-Goan-Gaur secondary-bond awaits at Ch-3 Sagaradeva mortality-cross-reference; standing-Tanaji-the-Second (Maharashtra vassal under Gujarat from Ch 3 post-Shivagati-death)","Thirty-nine years old. Yudhishthira-mapped (reluctant administrator). Forest-warrior since age 14 at standing-Junagadh-Sasan-Gir warrior-administration cadet-training. Standing-Sasan-Sanctuary forest-warrior cohort senior-commander; standing-Maldhari-pastoral-coexistence-jurisdiction standing-charter-foundational defender across 23 standing-administrative-incidents 2014-2025 cross-reference. Bears standing-Stage III lion-foreleg-first-stroke at standing-right-upper-back in standing-sandy-gold-and-saffron dual-ink at standing-Sasan-Gir Asiatic-Lion visual-anchor from 4:11:11-4:11:22 a.m. June 24 2026 standing-cousin-inheritance ceremony at standing-Bloodline-A primogeniture-precedence dharma-administration cross-reference per restructure §1 male-led-succession. Will be saga's standing-second hero with standing-double-bond at standing-D9 configuration post-Sagaradeva Ch-3-death (first is Krishnadevaraya-Bhrata at standing-Karnataka standing-Krishnaveni river-bond inheritance post-Ch-1)."
gujarat-acharya-janardanan-trivedi,Gujarat,west,2,Acharya Janardanan-Trivedi,supporting-hero,61,male,Reformers (Gujarat-State-Wildlife-Board chairman; standing-charter-witness at Saraswati 2013 conferral),A (standing-Vadodara Trivedi-line standing-academic-administrative-tradition),Ch 2 Beat 2-4 (April-11-bill-tabling emergency-session chairman through July-23 ratification-session amended Section-47 clause-cluster administration),"The Standing-Chairman-Charter-Witness — Gujarat-State-Wildlife-Board chairman since 2019 — standing-charter-witness at Saraswati 2013 conferral at Sasan-Gir Maldhari-Samaj senior-council standing-lion-pride-consent ratification — delivered bill-text to Saraswati at Dwarka-Madhavi-line residence 7:11 p.m. April 11 via standing-courier-protocol — convened Wildlife-Board emergency-session April 11 and Pride-Vote session June 23 — administered standing-secret-ballot 70-member-quorum vote-protocol 5:00-5:23 p.m. June 23 — tabulated 47-23 vote-result at 5:23:11 p.m. — convened ratification-session July 23 2026 at standing-amended Section-47 clause-cluster ratification","Husband of Smt. Lalita-Trivedi (58, retired Gujarat-State-Govt-Education-Cell since 2018); father to Pratik-Trivedi (32, lawyer at Bombay-High-Court) and Riya-Trivedi (28, Gujarat-State-Forest-Service Range-Officer at Velavadar-Blackbuck-Sanctuary); standing-mentor at Gujarat-State-Wildlife-Board secretariat administrative-staff (~23 standing-administrative-officers across 7-year chairman-tenure)","Sixty-one years old. Standing-Vadodara-University Conservation-Biology since 1989 (37-year academic-tenure). Standing-Sasan-Gir Asiatic-Lion 1998-monograph senior-author cross-reference. Standing-Wildlife-Board chairman since 2019 7-year tenure. Per Ch 3 plan administers Wildlife-Board standing-quarterly-charter-witness reporting-cross-reference at standing-Maldhari-Samaj-Sasan-Gir-State-Forest-Service Joint-Pastoral-Administration cell administrative-protocol."
gujarat-adv-kp-trivedi,Gujarat,west,2,Adv. K. P. Trivedi,supporting-hero,54,male,Reformers (Saraswati legal-counsel; Schedule-VI tribal-pastoral specialisation),—,Ch 2 Beat 2-3 (April-23 + May-11 objection-petitions filing through May-23 stay-order argument before Justice K. M. Patel),"The Standing-Counsel — Gujarat-State-High-Court Bar since 1998 — Schedule-VI tribal-pastoral specialisation since 2007 — filed standing-objection-petitions on Saraswati behalf April 23 + May 11 2026 at Section-47 ultra-vires claim under Schedule-VI cross-reference — filed standing-1856 Modhwadia-clan coexistence-charter at historical-record exhibit-cluster + standing-IUCN endangered-species genetic-isolation cross-reference at scientific-record exhibit-cluster — standing-stay-order argued before Justice K. M. Patel single-bench May 23 2026","Cousin to Acharya Janardanan-Trivedi (Wildlife-Board chairman) at standing-Vadodara Trivedi-line distant-collateral; husband to Smt. Priyaben Trivedi (51, Gandhinagar-public-school-teacher); father to twins aged 19 (NLSIU Bengaluru law-students); Bar Council of Gujarat senior-advocate","Fifty-four years old. Twenty-eight-year Gujarat-State-High-Court Bar practice. Standing-Schedule-VI tribal-pastoral specialisation since 2007 (19-year specialisation). Per Ch 3 plan continues at standing-Maldhari-Samaj-Sasan-Gir-State-Forest-Service Joint-Pastoral-Administration cell standing-legal-counsel administrative-protocol; cross-references with Bihar Adv. for Vajramukha (rebuilding-bond legal-precedent) + Chhattisgarh Adv. for Dandakarni (destroyed-town bond legal-precedent) at standing-cross-region legal-precedent administrative-cross-reference."
gujarat-vivek-khambhata,Gujarat,west,2,Range-Officer Vivek Khambhata,supporting-hero,51,male,Reformers (Junagadh-Sasan-Gir-Forest-Division standing-acting-leader from June 24; Maldhari-Samaj-Sasan-Gir-State-Forest-Service Joint-Pastoral-Administration co-chair from July 23),A (standing-Junagadh-Mahuva Khambhata-line standing-Forest-Service-tradition since 1962),Ch 2 Beat 4 (post-Kala-Simha-death June 24 onwards standing-acting-leader cross-reference) — continues into Ch 3,"The Standing-Acting-Leader — Junagadh-Sasan-Gir-Forest-Division Range-Officer since 2014 — standing-Junagadh-Sasan administrative-cell senior-Range-Officer — standing-Maldhari-pastoral-coexistence-jurisdiction administrative-cooperation across 23 incidents 2014-2025 (his administrative-record at standing-co-operation with Maldhari-Samaj senior-council was the standing-baseline against which Kala-Simha's 2022-2024 administrative-cell deviation was measured at State-CID investigation-cell evidence-cluster) — standing-acting-leader of Junagadh-Sasan-Forest-Division at post-Kala-Simha administrative-vacuum from June 24 — Pride-Charter ratification co-administrator at Maldhari-Samaj-Sasan-Gir-State-Forest-Service Joint-Pastoral-Administration cell co-chair from July 23 — restructure §5 new-male-visible-seat recognition","Father to Hardik-Khambhata (24, Gujarat-State-Civil-Service trainee) and Khushi-Khambhata (21, Veterinary-Science Junagadh); brother-in-law to Smt. Mira Modhwadia (49, Khambhalia-Modhwadia-clan cousin to Asha-Ben; cross-clan marriage at standing-Bharwad-Modhwadia inter-clan tradition cross-reference); married to Smt. Hetal-Khambhata (47, retired Junagadh-District-Court stenographer)","Fifty-one years old. Twelve-year Junagadh-Sasan-Gir-Forest-Division administrative-tenure. Standing-Junagadh-Mahuva Khambhata-line standing-Forest-Service-tradition since 1962 (father Late R. S. Khambhata, Junagadh-Sasan-Range-Officer 1962-1989; grandfather B. R. Khambhata, Junagadh-State Forest-Department 1934-1948 standing-pre-Independence-Princely-State cross-reference). Standing-State-CID investigation-cell standing-cooperating-witness at standing-cross-network funding-trail evidence-document E-27/2026 administrative-cooperation protocol."
gujarat-dr-yv-jhala,Gujarat,west,2,Dr. Y. V. Jhala,supporting-hero,61,male,Reformers (Wildlife-Institute-of-India Asiatic-Lion-specialist 1987 onwards),—,Ch 2 Beat 3 (June-23 Wildlife-Board cross-examination 3:34-4:11 p.m.) — continues into Ch 3,"The Standing-Scientist — Wildlife-Institute-of-India Asiatic-Lion-specialist since 1987 — 2018 Asiatic-Lion-population-genetic-isolation monograph author — filed standing-IUCN endangered-species genetic-isolation cross-reference + standing-Kuno-Palpur 1995-Supreme-Court second-home feasibility-failure-analysis at Wildlife-Board cross-examination June 23 — standing-scientific-record exhibit-cluster lead-author","Husband to Dr. Geeta-Jhala (56, WII-faculty Mammalian-Ecology since 1992); father to Dr. Manas-Jhala (32, Stanford-Postdoc-Conservation-Genetics) and Diya-Jhala (28, NCBS-Bengaluru-PhD-Wildlife-Ecology); standing-WII-Asiatic-Lion-research-cell senior-PhD-supervisor (~23 standing-PhD-students across 39-year career)","Sixty-one years old. Thirty-nine-year Asiatic-Lion specialisation since 1987. Padma-Shri 2018 cross-reference recognition. Standing-Sasan-Gir population-genetic-monitoring administrative-cross-reference custodian. Per Ch 3 plan continues at standing-Maldhari-Samaj-Sasan-Gir-State-Forest-Service Joint-Pastoral-Administration cell standing-scientific-cell administrative-cross-reference."
gujarat-simha-pati,Gujarat,west,2,Simha-Pati (the Standing-Sasan-Gir Pride-Male-Lead),mythic-creature-bonded,11,male,Reformers (Sasan-Gir lion-pride bonded-companion),—,Ch 2 Beat 2-4 (April-12 lion-pride-consent ratification gesture through July-23 charter-foundational ratification at Sasan-Sanctuary southern-perimeter),"The Standing-Pride-Male-Lead — 11-year-old Sasan-Gir Asiatic-Lion standing-pride-male-lead since 2018 conferral — standing-pride-composition 47 Sasan-Gir Asiatic-Lion individuals at Simha-Pati lead-male + 23 pride-female-cohort + 11 male-cubs + 13 female-cubs at Sasan-Sanctuary standing-charter-foundational coexistence-zone — Saraswati 2013 conferral-witness (at 2-year-old male-cub age at standing-pride-female-cohort) — touched-forehead to Saraswati right-hand April 12 4:23 a.m. at Sasan-Sanctuary northern-perimeter standing-charter-foundational lion-pride-consent ratification gesture — walked Junagadh-Sasan-perimeter-to-Dwarka 211-km lion-pride parallel-walk June 22-24 — touched-forehead to Simhavikrama right-hand July 23 4:53 a.m. at Sasan-Sanctuary southern-perimeter standing-charter-foundational lion-pride-consent ratification gesture","Pride-male-lead since 2018 (prior pride-male-lead Vana-Simha-the-Elder stepped down to pride-elder-seat at age 14); sole-bonded to Saraswati 2013-2026 (cousin-inheritance-transfer at 4:11 a.m. June 24); sole-bonded to Simhavikrama from 4:11 a.m. June 24 standing-cousin-inheritance ceremony; pride-female-cohort 23-individuals (lead-female Simha-Mata-the-Pride-Internal at 12-year-old; her daughters Simha-Putri-1 at 9 + Simha-Putri-2 at 7 + Simha-Putri-3 at 5 + ~19 other pride-female-cohort)","Eleven years old. Asiatic-Lion (Panthera leo persica) Sasan-Gir endemic-population. Adult-male body-mass 175 kg + standing-mane-length 11 inches at standing-pride-male-lead-coloration cross-reference. Standing-natural-forehead-whorl in the shape of the standing-Madhavi-line standing-conferral-anniversary candle-flame at standing-charter-foundational visual-anchor (recognised by Mata Sundari-Modhwadia 47-elder at 2013 conferral as standing-pride-male-lead standing-charter-foundational sign). Standing-territorial-range Sasan-Sanctuary 211-sq-km core-area + Khambhalia-Maldhari-pastoral-coexistence-zone seasonal-foraging-zone. Per Ch 3 plan continues at standing-Sasan-Gir lion-pride-male-lead standing-charter-foundational coexistence-zone administrative-protocol."
gujarat-birsa-bharwad,Gujarat,west,2,Birsa-Bharwad,supporting-hero,23,male,Reformers (standing-Sasan-Maldhari-Courier Bharwad-clan; Bharwad-Modhwadia inter-clan standing-courier-tradition since 1923),Tribal-bloodline-A (Bharwad-clan Maldhari-pastoral lineage of Khambhalia at standing-Bharwad-Modhwadia inter-clan cross-reference),Ch 2 Beat 2-3 (April-11 news-delivery + May-11 smuggled-petition courier through June-22 211-km walk cohort-perimeter escort-position),"The Standing-Maldhari-Courier — 23-year-old standing-Bharwad-clan Maldhari-pastoral-courier at Sasan-Gir Modhwadia-elders message-runner cross-reference — standing-Bharwad-Modhwadia inter-clan standing-courier-tradition since 1923 cross-reference — delivered standing-news of Kala-Simha bill-tabling to Asha-Ben April 11 4:11 p.m. — carried Asha-Ben smuggled-petition + 47 forced-eviction-notice copies to Saraswati at Dwarka-Madhavi-line residence May 11 6:11 a.m. — walked at standing-cohort-perimeter at Khambhalia-to-Gandhinagar 211-km walk at standing-Maldhari-pastoral-courier escort-position — carried Saraswati standing-three-line reply + Madhavi-line returned-custody of 1856 Modhwadia coexistence-charter to Khambhalia-Modhwadia-elders residence May 12 dawn","Nephew to Asha-Ben Karsanbhai Modhwadia (Asha-Ben standing-aunt at standing-Bharwad-Modhwadia inter-clan marriage of his mother Smt. Kankuben Bharwad to Bharwad-clan elder Karman-Bharwad 2001); cousin to Bharti-Ben Asha-Ben-daughter (24, ASHA-worker); unmarried; standing-Bastar-Sarus-pigeon-cohort relay-trainee under Birsa-Madvi Bastar-Maldhari-courier (Chhattisgarh; cross-region courier-relay training 2025-2026)","Twenty-three years old. Bharwad-clan Maldhari-pastoral-courier at Sasan-relay since 2019 (7-year courier-tenure). Maintains standing-cross-region-correspondence line with Chhattisgarh Birsa-Madvi (Bastar-relay) + Rajasthan Bhairon-Singh-of-the-Aravalli (Aravalli-relay) at standing-Maldhari-pastoral cross-region courier-tradition cross-reference. Will be Ch-3 cross-region-coordination courier-officer at standing-West-cluster Sanctuary delegation administrative-cross-reference."
gujarat-dr-r-bhatia,Gujarat,west,2,Dr. R. Bhatia,supporting-hero,53,male,Reformers (ASI Junagadh-cell senior-archaeologist; Maw sign #27 first-observer),—,Ch 2 Beat 4 (June-24 4:23 a.m. photographic-survey first-observation through evidence-cluster M-27B-through-G ASI 23-photographic-survey-position),"The Standing-Archaeologist — ASI Junagadh-cell senior-archaeologist since 2008 — standing-Somnath-Jyotirlinga temple-eastern-courtyard standing-photographic-survey first-observer 4:23 a.m. June 24 2026 — confirmed standing-13-segment crown standing-stone-carving configuration in Arabian-Sea reflection-medium across 11-minute reflection-substitution window 4:11:11-4:22:22 a.m. June 24 — confirmed standing-actual standing-Somnath-Jyotirlinga remained at post-1947 Prabhashankar-Sompura reconstruction-configuration with standing-7-segment standing-modern-Sompura-design crown — authored standing-evidence-document M-27B-through-G ASI 23-photographic-survey-position evidence-cluster","Husband to Dr. Sumitra-Bhatia (48, MS-University Vadodara History Department); father to Aditya-Bhatia (22, Delhi-University Archaeology) and Riya-Bhatia (18, Junagadh-University Pre-Med); ASI Mumbai-Circle senior-affiliate at standing-Western-India heritage-documentation cross-reference; cousin to Dr. M. Bhattacharya (IIT-Gandhinagar Optical-Physics) at standing-Vadodara-Junagadh academic-network","Fifty-three years old. Eighteen-year ASI Junagadh-cell tenure. Standing-Junagadh-University Archaeology since 2008 cross-reference. Standing-Somnath-Trust-ASI Joint-Heritage-Documentation cell standing-charter-witness from July 11 2026. Per Ch 3 plan continues at standing-Somnath-Trust-ASI Joint-Heritage-Documentation cell administrative-protocol."
gujarat-dr-m-bhattacharya,Gujarat,west,2,Dr. M. Bhattacharya,supporting-hero,49,male,Reformers (IIT-Gandhinagar Optical-Physics; Maw sign #27 expertise-report author),—,Ch 2 Beat 4 (June-28 expertise-report M-27A standing-no-optical-mechanism-identification at 1002-year temporal-gap reflection-substitution),"The Standing-Optical-Physicist — IIT-Gandhinagar Department-of-Optical-Physics since 2014 — IIT-Gandhinagar Optical-Physics specialist at standing-reflection-medium standing-optical-mechanism cross-reference — authored standing-evidence-document M-27A standing-IIT-Gandhinagar June-28 expertise-report at standing-1002-year temporal-gap reflection-substitution standing-no-optical-mechanism-identification configuration — confirmed Maw-attribution category cross-reference at standing-reflection-substitution paired-sign-category cross-reference (saga's 7th paired-sign category completion with Punjab Golden-Temple-1577-return)","Husband to Dr. Pritha-Bhattacharya (45, IIT-Gandhinagar Computer-Science Department); father to Arjun-Bhattacharya (16, DPS-Ahmedabad) and Maya-Bhattacharya (12, DPS-Ahmedabad); cousin to Dr. R. Bhatia (ASI Junagadh-cell senior-archaeologist) at standing-Vadodara-Junagadh academic-network","Forty-nine years old. Twelve-year IIT-Gandhinagar faculty-tenure. Standing-IIT-Mumbai PhD Optical-Physics 2008. Standing-Indian-Society-of-Optical-Physics senior-affiliate. Per Ch 3 plan continues at standing-Somnath-Trust-IIT-Gandhinagar Joint-Optical-Physics-Documentation cell standing-Maw-sign-recognition administrative-cross-reference."
gujarat-acharya-brahmacharya,Gujarat,west,2,Acharya Brahmacharya,supporting-hero,74,male,Reformers (Somnath-Trust senior-administrator; standing-Maw-sign-recognition charter-amendment author),—,Ch 2 Beat 4 (June-24 4:43 a.m. temple-courtyard arrival + July-11 standing-charter-amendment letter administration),"The Standing-Spiritual-Authority — Somnath-Trust senior-administrator since 1996 — standing-Veraval-Junagadh-coast standing-Somnath-Jyotirlinga first-Jyotirlinga charter-foundational temple-position administrator — witness at temple-courtyard arrival 4:43 a.m. June 24 2026 confirming standing-actual-monument remained at post-1947-reconstruction configuration at standing-Arabian-Sea reflection-only substitution — issues standing-Somnath-Trust standing-Maw-sign-recognition standing-charter-amendment letter July 11 2026 (standing-temple amendment-clause: 1024-CE pre-Mahmud-of-Ghazni-raid 13-segment crown standing-historical-record at standing-Arabian-Sea reflection-medium standing-Maw-witness administrative-cross-reference)","Lifelong-celibate Acharya-tradition (Sanskrit-name standing-spiritual-discipline at Brahmacharya standing-discipline-tradition); senior-disciple to late Acharya Vasudev-Trivedi (Somnath-Trust founding-Acharya 1947-1989); standing-mentor to Somnath-Trust senior-administrative-staff (~47 standing-administrative-officers across 30-year tenure); standing-cross-region spiritual-counsel correspondence with Acharya Govindananda-Saraswati (Jyotirmath Shankaracharya, Uttarakhand) + Maharishi Kankuben (Kanchi-Sankaracharya, Karnataka)","Seventy-four years old. Thirty-year Somnath-Trust senior-administrator tenure since 1996. Standing-Sanskrit-pandit standing-Veda-tradition recognition. Standing-Vedic-University-Pune 1968-Veda-tradition-ratification cross-reference. Per Ch 3 plan attends Sanctuary at West-cluster delegation as standing-Somnath-Trust standing-spiritual-counsel observer at standing-non-administrative-non-voting observer-cross-reference."
gujarat-inspector-mk-parmar,Gujarat,west,2,Inspector M. K. Parmar,supporting-hero,47,male,Non-aligned (Gandhinagar-Sachivalaya 4th-floor senior-Inspector; Schedule-VI tribal-pastoral standing-jurisdiction-precedence administrative-protocol enforcer) — declares for Reformers via Schedule-VI jurisdiction recognition,—,Ch 2 Beat 3-4 (June-23 5:43 a.m. Section-144 prohibitory-order administrator through 6:11 p.m. FIR Section-302 IPC standing-judicial-execution administrative-cross-reference filer),"The Standing-Inspector — Gujarat-State-Police Gandhinagar-Sachivalaya senior-Inspector since 2019 — standing-Section-144 prohibitory-order administrator at Sachivalaya entrance-plaza 5:43 a.m. June 23 (enforcement suspended at 6:23 a.m. at Schedule-VI tribal-pastoral standing-jurisdiction-precedence administrative-protocol) — standing-4th-floor senior-Inspector duty-station observer at 23-member Maldhari-women cohort entry 5:43 p.m. June 23 (did not intervene at Schedule-VI tribal-pastoral standing-jurisdiction-cross-reference administrative-protocol) — filed standing-Gandhinagar-Sachivalaya FIR Section-302 IPC standing-judicial-execution administrative-cross-reference 6:11 p.m. June 23 at 23-member Maldhari-women cohort under Asha-Ben standing-collective-actor designation per Schedule-VI tribal-pastoral standing-judicial-tradition cross-reference","Husband to Smt. Rama-Parmar (43, Gandhinagar-municipal-school teacher); father to Bhavik-Parmar (19, Gujarat-State-Police cadet trainee at standing-father-administrative-tradition cross-reference) and Aanya-Parmar (15, Gandhinagar-public-school); brother to ASI Karan-Parmar (Junagadh-Sasan-perimeter Forest-Service-Police standing-coordination-cell); standing-Schedule-VI tribal-pastoral standing-jurisdiction-protocol cross-reference cell familiarity since 2019","Forty-seven years old. Seven-year Sachivalaya cell-tenure. Twenty-three-year Gujarat-State-Police service. Standing-Schedule-VI tribal-pastoral standing-jurisdiction-protocol cross-reference cell familiarity at standing-State-Police standing-Constitution-of-India Article-244 administrative-protocol cross-reference. Per Ch 3 plan continues at Sachivalaya 4th-floor administrative-protocol; cross-references with State-CID investigation-cell at standing-cross-network funding-trail evidence-document E-27/2026 cooperation-protocol."
gujarat-somnath-reflection,Gujarat,west,2,The Somnath Jyotirlinga Sea-Reflection Returns to 1024 CE,maw-sign-27-reflection-substitution-completes-pair-with-punjab,—,—,Standing Maw Sign #27 — The Saga's Seventh Paired-Sign Category Completion (Reflection-Substitution Pair With Punjab — Somnath-Jyotirlinga Arabian-Sea Reflection Returns to 1024 CE Pre-Mahmud-of-Ghazni-Raid Configuration With 13-Segment Crown Intact For Eleven Minutes),—,Ch 2 Beat 4 (4:11:11 a.m. June 24 2026 first observation through 4:22:22 a.m. June 24 2026 reflection-substitution completion at 11-minute window),"Beginning at 4:11:11 a.m. on June 24 2026 (11 hours 11 minutes after the standing-Gujarat-State-Wildlife-Board Pride-Vote 5:00 p.m. June 23 administrative-completion at the standing-Maldhari-pastoral-coexistence-clause preservation-ratification), the standing-Somnath Jyotirlinga at the standing-Veraval-Junagadh-coast standing-Arabian-Sea reflection-medium at the standing-12-Jyotirlinga first-Jyotirlinga standing-charter-foundational temple-position reflects a configuration not at the standing-actual-post-1947-reconstruction Pune-architect Prabhashankar-Sompura design but at the standing-1024-CE pre-Mahmud-of-Ghazni-raid configuration with the standing-13-segment crown standing-stone-carving intact at the standing-cardinal-east-facing standing-temple-summit position. The standing-reflection-substitution duration is 11 minutes 4:11:11-4:22:22 a.m.; the standing-actual standing-Somnath-Jyotirlinga at the standing-temple-courtyard remains at the standing-post-1947 Prabhashankar-Sompura reconstruction-configuration with the standing-7-segment standing-modern-Sompura-design crown (distinct from standing-monument-animation Uttarakhand-Kedarnath-Nandi head-turn at standing-actual-monument cross-reference). The standing-Maw has demonstrated the capacity to substitute the standing-pre-historical configuration of a standing-bonded-monument in the standing-monument's reflection-medium at the dawn-window across a 1002-year temporal-gap reflection-substitution at the Arabian-Sea reflection-medium without standing-optical-mechanism identification.","Standing-Maw-sign-recognition cell evidence-documents M-27A (IIT-Gandhinagar Dr. M. Bhattacharya June-28 expertise-report no-optical-mechanism-identification at 1002-year temporal-gap), M-27B-through-G (ASI Junagadh-cell Dr. R. Bhatia 23-photographic-survey-position evidence-cluster across 11-minute reflection-substitution window 4:11:11-4:22:22 a.m. June 24); M-27H (Somnath-Trust senior-administrator Acharya Brahmacharya temple-courtyard arrival 4:43 a.m. June 24 confirmation of standing-actual-monument post-1947 Prabhashankar-Sompura reconstruction-configuration); paired with Punjab's Golden-Temple-1577-return at the standing-Amritsar-Sarovar reflection-medium at the standing-Sikh-charter ratification-day dawn-window (Punjab 449-year temporal-gap 1577-2026; Gujarat 1002-year temporal-gap 1024-2026 at standing-bonded-monument reflection-medium standing-pre-historical-configuration substitution-anomaly at standing-charter-foundational state-hero-transition dawn-window). Saga's standing-fourth standing-Maw-witness-of-state-hero-transition instance (after Bengal substrate-voice at Sundarvani death-acknowledgment; Himachal tragopan-singing at Himavati death-acknowledgment; Chhattisgarh buffalo-migration-and-perch-refusal at Dandakarni step-back-acknowledgment; Gujarat Somnath-Jyotirlinga reflection-substitution at Saraswati step-back-and-cousin-inheritance-acknowledgment)."
rajasthan-ratan-singh,Rajasthan,west,2,Ratan-Singh-of-the-Ledger,supporting-hero,47,male,Reformers (Mrigatrishna 30-year continuous strategy-counsel; Formal Rajasthan governor from August 23 2026),A (Jaisalmer-Bhati-line standing-charter-foundational ledger-archivist tradition since 1196 Rao-Jaisal-foundation-period),Ch 2 Beat 2-4 (April-11 standing-conferral-anniversary dawn-window 7-metre-rear position through May-July forensic-archivist cross-reference cell administration through August-11 47-min exhibit-cluster presentation through August-23 formal-Rajasthan-governorship acceptance),"The Standing-Strategist-Counsel-Governor — Jaisalmer-Bhati-line standing-charter-foundational ledger-archivist 30-year continuous-counsel to Mrigatrishna since her 1996 conferral — administers standing-forensic-archivist exhibit-cluster M-28A-through-M-28O cross-reference cell May-July 2026 — delivers 47-minute forensic-archivist exhibit-cluster presentation 11:34 a.m.-12:21 p.m. August 11 at Mahapanchayat-of-Twelve-Houses public-record review — accepts standing-formal-Rajasthan-governorship under Simhavikrama West-Regional-Dominant administration per restructure §1 male-led-succession at Chittorgarh standing-charter-foundational ceremony August 23 2026 — saga's SECOND standing-cousin-or-counsellor-inheritance administrative-protocol after Gujarat Simhavikrama cousin-inheritance — standing-counsellor-inheritance-of-formal-governorship-only configuration (mark stays at Mrigatrishna)","Husband to Smt. Bhanwari-Devi-Ratan-Singh (44, retired Jaisalmer-District-Court stenographer); father to Karan-Singh-of-the-Ledger (23, NLSIU Bengaluru law-student) and Priyanka-Devi (20, IIT-Jodhpur Civil-Engineering); nephew to Late R. K. Bhati-of-the-Ledger (Jaisalmer-Bhati-line senior-archivist 1962-1996; Mrigatrishna 1996-conferral standing-charter-witness senior-administrative-officer); standing-30-year continuous-counsel administrative-cell at Mrigatrishna 1996-2026 cross-reference; standing-7-metre-rear Marudhar-ledger-administration position at Mrigatrishna standing-charter-foundational ceremonial-attendance protocol","Forty-seven years old. Thirty-year Mrigatrishna continuous-counsel administrative-cell tenure. Standing-Jaisalmer-Bhati-line standing-charter-foundational ledger-archivist tradition since 1196 standing-Rao-Jaisal-foundation-period cross-reference (Bhati-Rajput-clan founded standing-Jaisalmer in 1196 CE; standing-ledger-archivist-line at standing-charter-foundational ledger-keeping tradition since 1196 standing-Rao-Jaisal-foundation cross-reference). Mahapanchayat-of-Twelve-Houses standing-charter-foundational ledger-archivist senior-administrative-officer. Yudhishthira-mapped (reluctant administrator) per relationship-graph standing-Mahabharata-mapping cross-reference. Per Ch 3 plan continues at formal-Rajasthan-governor under Simhavikrama-administration at West-cluster delegation Sanctuary administrative-cross-reference."
rajasthan-karni-bai,Rajasthan,west,2,Smt. Karni-Bai,new-pastoral-elder,61,female,Reformers (Mahapanchayat-of-Twelve-Houses Schedule-VI Charan-clan 11-delegate senior-administrative-officer from August 23 2026),Tribal-bloodline-A (Charan-clan-pastoral-tradition since 1303 standing-Mewar-charter cross-reference; Bikaner-village Charan-clan elder),Ch 2 Beat 2-4 (April-11-2026 triple-cohort smuggled-petition delivery through August-12-11:43-a.m. Bharatpur-Mahapanchayat-archival-cell bow-and-arrow simultaneous-volley through August-23 Mahapanchayat-charter ratification standing-permanent-delegate-seat administration),"The Standing-Charan-Pastoral-Elder — Bikaner-village Charan-clan elder — files Charan-elder smuggled-petition leaf to Mrigatrishna April 11 2026 (47 standing-Charan-clan rural-pastoral-family residence eviction-notices at Bikaner-Jodhpur 2-district) — leads standing-11-Charan-archer-cohort at standing-23-member Charan-Bhil-Meghwal triple-cohort bow-and-arrow simultaneous-volley at Bharatpur Mahapanchayat-archival-cell 11:43 a.m. August 12 2026 (saga's FIRST standing-multi-community-triple-cohort enforcement-execution at standing-23-arrow standing-cardiac-region simultaneous-volley pattern at standing-1303-Mewar-charter standing-charter-foundational cohort-justice protocol cross-reference) — standing-Mahapanchayat-of-Twelve-Houses Schedule-VI Charan-clan 11-delegate cohort senior-administrative-officer from August 23 2026 — new-female-visible-seat per restructure §5","Wife of Late Khojibhai Karni (1948-2023, 78 at death; standing-Bikaner-Charan-clan senior-elder; standing-charter-witness at Mrigatrishna 1996 conferral at Chittorgarh-Vijay-Stambh courtyard); mother to Karam-Singh Karni (38, Bikaner-Charan-clan-pastoral senior-cooperative administrative-officer) and Smt. Sunaina-Bai (32, Bikaner-Mahila-Samaj senior-administrative-officer); grandmother to 5 standing-grandchildren at Bikaner-village pastoral-cooperative cohort","Sixty-one years old. Born 1965 at Bikaner-village Charan-clan family. Standing-Charan-clan-pastoral-tradition since 1303 standing-Mewar-charter cross-reference (the standing-Charan-clan-pastoral-tradition is at the standing-Mewar-charter-foundational pastoral-protection cross-reference at standing-Maharana-Hammir-Singh 1303-Mewar-charter ratification administrative-cross-reference recognition). Per Ch 3 plan attends Sanctuary at West-cluster delegation behind Simhavikrama at standing-Charan-clan-pastoral-elder recognition-position alongside Asha-Ben Karsanbhai Modhwadia (Gujarat Maldhari-pastoral-elder) at standing-West-cluster pastoral-elder cohort-cross-reference; cross-region pastoral-elder cohort-correspondence administered."
rajasthan-bhairon-singh-aravalli,Rajasthan,west,2,Bhairon-Singh-of-the-Aravalli,new-pastoral-elder,54,male,Reformers (Mahapanchayat-of-Twelve-Houses Schedule-V Bhil-tribal 7-delegate senior-administrative-officer from August 23 2026; Aravalli-Sarus-pigeon relay-cohort senior-administrative-officer; cross-region courier-correspondent),Tribal-bloodline-A (Bhil-tribal-Aravalli-corridor pastoral-tradition since 1100-CE Bhil-foundation-period cross-reference; Udaipur-Aravalli Bhil-village elder),Ch 2 Beat 2-4 (April-11-2026 Aravalli-Sarus-pigeon smuggled-petition delivery through August-7-cross-region cascade-alert administration through August-11-12 Aravalli-corridor convoy administration through August-23 Mahapanchayat-charter ratification),"The Standing-Bhil-Tribal-Pastoral-Elder — Udaipur-Aravalli Bhil-village elder — Aravalli-corridor pastoral-tradition senior-administrative-officer since 2014 — Aravalli-Sarus-pigeon relay-cohort senior-administrative-officer at standing-cross-region courier-correspondence with Birsa-Bharwad at Gujarat-Sasan-relay (cross-clan Bharwad-Modhwadia inter-clan tradition since 1923) and Birsa-Madvi at Chhattisgarh-Bastar-relay — files Bhil-tribal-elder smuggled-petition leaf to Mrigatrishna April 11 2026 (119 standing-Bhil-tribal rural-pastoral-family residence eviction-notices at Udaipur-Aravalli 1-district) — administers Aravalli-Sarus-pigeon cross-region cascade-alert from Chittorgarh-Mahapanchayat-archival-cell secretariat August 7 2026 at 14-bonded-kingdom senior-guardians cross-reference — leads standing-7-Bhil-tribal-archer-cohort at 23-member triple-cohort bow-and-arrow simultaneous-volley at Bharatpur August 12 — administers standing-vehicle-cohort convoy across Chittorgarh-Bharatpur 311-km Aravalli-corridor 12-hour overnight-window August 11-12 — standing-Mahapanchayat-of-Twelve-Houses Schedule-V Bhil-tribal 7-delegate cohort senior-administrative-officer from August 23 2026","Husband to Smt. Geeta-Devi-Bhairon (51, retired ANM-Udaipur-rural-health-cell); father to Lakshman-Singh-of-the-Aravalli (24, Aravalli-Sarus-pigeon junior-relay-officer trainee at Birsa-Bharwad cross-region courier-tradition training cross-reference) and Smt. Rinku-Bai (21, NLSIU Bengaluru law-student); standing-Aravalli-Sarus-pigeon cross-region courier-cohort senior-correspondent","Fifty-four years old. Born 1972 at Udaipur-Aravalli Bhil-village. Standing-Bhil-tribal-Aravalli-corridor pastoral-tradition since 1100-CE Bhil-foundation-period cross-reference (the standing-Bhil-tribal-tradition at the standing-Aravalli-corridor standing-pre-Rajput-era Bhil-foundation-period 1100-CE cross-reference). Standing-Schedule-V tribal-pastoral standing-charter-foundational protection per Constitution-of-India Article-244 administrative-cross-reference. Standing-Aravalli-Sarus-pigeon cross-region cascade-alert administrative-administrator. Per Ch 3 plan attends Sanctuary at West-cluster delegation as standing-Bhil-tribal-pastoral-elder recognition-position; continues at standing-Maldhari-pastoral cross-region standing-courier-protocol with Birsa-Bharwad/Birsa-Madvi cross-region tri-relay cell."
rajasthan-lakshmi-devi-meghwal,Rajasthan,west,2,Smt. Lakshmi-Devi-Meghwal,new-pastoral-elder,47,female,Reformers (Mahapanchayat-of-Twelve-Houses Meghwal-Dalit 5-delegate senior-administrative-officer from August 23 2026),Dalit-bloodline-A (Meghwal-Dalit-Marwar standing-rural-cobbler-and-weaver tradition since 1456-Marwar-Mathania-charter cross-reference; Mathania-village Meghwal-Dalit elder),Ch 2 Beat 2-4 (April-11-2026 triple-cohort smuggled-petition delivery through August-12 bow-and-arrow simultaneous-volley through August-23 Mahapanchayat-charter ratification),"The Standing-Meghwal-Dalit-Pastoral-Elder — Mathania-village Meghwal-Dalit elder — Marwar-rural-cobbler-and-weaver tradition senior-administrative-officer — files Meghwal-Dalit-elder smuggled-petition leaf to Mrigatrishna April 11 2026 (45 standing-Meghwal-Dalit rural-cobbler-and-weaver residence eviction-notices at Pali-Sirohi 2-district) — leads standing-5-Meghwal-Dalit-archer-cohort at 23-member triple-cohort bow-and-arrow simultaneous-volley at Bharatpur August 12 — standing-Mahapanchayat-of-Twelve-Houses Meghwal-Dalit 5-delegate cohort senior-administrative-officer from August 23 2026 — new-female-visible-seat per restructure §5","Wife to Suresh-Lal Meghwal (51, Mathania-Meghwal-Dalit cobbler-and-weaver cooperative senior-administrative-officer); mother to Pravin Meghwal (24, Jaipur-Engineering-College graduate at standing-Meghwal-Dalit-Marwar cobbler-and-weaver cooperative administrative-trainee) and Kavita Meghwal (19, Jodhpur-Polytechnic textile-design); senior-administrative-officer of standing-Mathania-Meghwal-Dalit Mahila-Samaj 211-member cooperative since 2019","Forty-seven years old. Born 1979 at Mathania-village Meghwal-Dalit family. Standing-Meghwal-Dalit-Marwar standing-rural-cobbler-and-weaver tradition since 1456-Marwar-Mathania-charter cross-reference (the standing-Mathania-craft-tradition at standing-Rao-Jodha-of-Marwar 1459-Marwar-foundation-period cross-reference; the standing-1456-Mathania-charter at standing-pre-Rao-Jodha standing-charter-foundational craft-recognition cross-reference). Per Ch 3 plan attends Sanctuary at West-cluster delegation as standing-Meghwal-Dalit-pastoral-elder recognition-position; new-female-visible-seat per restructure §5 at standing-Dalit-craft cross-tradition cohort-recognition."
rajasthan-acharya-bhairavanand,Rajasthan,west,2,Acharya Bhairavanand-Maharaj,supporting-hero,76,male,Reformers (Mewar-Trust senior-administrator; Mahapanchayat-of-Twelve-Houses senior-administrator),A (Chittorgarh Bhairavanand-line standing-Mewar-Trust standing-Acharya-tradition since 1962),Ch 2 Beat 3-4 (August-11 Mahapanchayat-of-Twelve-Houses convening through August-23 ratification-session amendment administration),"The Standing-Mahapanchayat-Senior-Administrator — Mewar-Trust senior-administrator since 1992 (34-year administrative-tenure) — Mahapanchayat-of-Twelve-Houses senior-administrator since 2009 — convenes Mahapanchayat-of-Twelve-Houses public-record review August 11 2026 at Chittorgarh-Vijay-Stambh courtyard — administers standing-secret-ballot 211-delegate cohort vote-protocol 5:00-5:23 p.m. August 11 — tabulates 188-23 vote-result at 5:23:11 p.m. — convenes ratification-session August 23 2026 at amended 1956-Republic-of-India-Mahapanchayat-charter ratification — convenes standing-Marudhar-Strategist-Counsellor-Elder seat-recognition ceremony and standing-formal-Rajasthan-governorship Ratan-Singh seat-recognition ceremony August 23 2026","Lifelong-celibate Acharya-tradition; senior-disciple to late Acharya Govindanand-Maharaj (Mewar-Trust founding-Acharya 1962-1991); standing-mentor to Mewar-Trust senior-administrative-staff (~47 standing-administrative-officers across 34-year tenure); standing-cross-region spiritual-counsel correspondence with Acharya Brahmacharya (Somnath-Trust, Gujarat) + Acharya Govindananda-Saraswati (Jyotirmath Shankaracharya, Uttarakhand)","Seventy-six years old. Thirty-four-year Mewar-Trust senior-administrator tenure since 1992. Seventeen-year Mahapanchayat-of-Twelve-Houses senior-administrator since 2009. Standing-Sanskrit-pandit standing-Veda-tradition recognition. Standing-Vedic-University-Banaras 1968-Veda-tradition-ratification cross-reference. Per Ch 3 plan administers standing-Mahapanchayat standing-quarterly-charter-witness reporting-cross-reference at standing-State-Government cooperation-protocol; attends Sanctuary at West-cluster delegation as standing-Mewar-Trust standing-spiritual-counsel observer."
rajasthan-dr-r-singh-chouhan,Rajasthan,west,2,Dr. R. Singh-Chouhan,supporting-hero,58,male,Reformers (ASI Chittorgarh-cell senior-archaeologist; Maw sign #28 first-observer),—,Ch 2 Beat 4 (August-12 4:43 a.m. Vijay-Stambh courtyard laser-survey first-observation through evidence-cluster M-28B-through-G ASI 23-laser-survey-position),"The Standing-Archaeologist — ASI Chittorgarh-cell senior-archaeologist since 2008 — standing-Vijay-Stambh standing-quarterly-laser-survey protocol cross-reference administrator since 2014 — Vijay-Stambh courtyard standing-laser-survey first-observer 4:43 a.m. August 12 2026 — confirmed standing-47-millimetre anti-clockwise rotation at standing-cervical-cross-section standing-storey-3-to-storey-4 transition position via standing-3D-laser-scanning cross-reference at standing-pre-rotation August-7-2026 baseline-laser-survey — authored standing-evidence-document M-28B-through-G ASI 23-laser-survey-position evidence-cluster","Husband to Dr. Sunita-Singh-Chouhan (54, Chittorgarh-University Conservation-Biology); father to Aditya-Singh-Chouhan (24, Delhi-University Archaeology) and Ria-Singh-Chouhan (20, IIT-Jodhpur Civil-Engineering); ASI Western-India-Circle senior-affiliate at standing-Mewar-Marwar heritage-documentation cross-reference","Fifty-eight years old. Eighteen-year ASI Chittorgarh-cell tenure. Standing-Chittorgarh-University Archaeology since 2008 cross-reference. Standing-Mewar-Trust-ASI Joint-Heritage-Documentation cell standing-charter-witness from August 23 2026. Per Ch 3 plan continues at Mewar-Trust-ASI Joint-Heritage-Documentation cell administrative-protocol."
rajasthan-dr-k-vaishnavi,Rajasthan,west,2,Dr. K. Vaishnavi,supporting-hero,51,female,Reformers (IIT-Jodhpur Civil-Engineering stone-masonry-and-historical-monument specialist; Maw sign #28 expertise-report author),—,Ch 2 Beat 4 (August-18 expertise-report M-28A standing-no-mechanical-mechanism-identification at 1,260-metric-tonne sandstone rotation 11-second window),"The Standing-Civil-Engineer-Stone-Masonry-Specialist — IIT-Jodhpur Department-of-Civil-Engineering since 2014 — stone-masonry-and-historical-monument specialist at standing-Rajasthan-Mewar-Marwar-stone-masonry-historical-monument cross-reference — authored standing-evidence-document M-28A standing-IIT-Jodhpur August-18 expertise-report at standing-1,260-metric-tonne sandstone-carved-tower standing-cervical-cross-section rotation 11-second-window standing-no-mechanical-mechanism-identification configuration — confirmed Maw-attribution category cross-reference at standing-monument-animation paired-sign-category cross-reference (saga's 9th paired-sign category completion with Uttarakhand Kedarnath Nandi head-turn)","Husband to Dr. Vikram-Vaishnavi (53, IIT-Jodhpur Mechanical-Engineering Department); mother to Aanya-Vaishnavi (18, IIT-Madras Civil-Engineering preparation cohort) and Yuvraj-Vaishnavi (15, DPS-Jodhpur); standing-cross-region civil-engineering cohort senior-affiliate at Indian-Society-of-Civil-Engineers standing-historical-monument standing-restoration-engineering cell since 2018","Fifty-one years old. Twelve-year IIT-Jodhpur faculty-tenure. Standing-IIT-Mumbai PhD Civil-Engineering 2010 at standing-stone-masonry-historical-monument-restoration-engineering specialisation. Padma-Shri 2024 cross-reference recognition. Per Ch 3 plan continues at standing-Mewar-Trust-IIT-Jodhpur Joint-Civil-Engineering-Documentation cell standing-Maw-sign-recognition administrative-cross-reference."
rajasthan-bhanwari-devi,Rajasthan,west,2,Smt. Bhanwari-Devi,supporting-hero,43,female,Reformers (Bharatpur Mahapanchayat-archival-cell junior-archivist; standing-acting-leader from August 12 2026; cooperating-witness with Ratan-Singh forensic-archivist cross-reference cell),A (Bharatpur Mahapanchayat-archival-cell Bhanwari-line standing-archival-administrative-tradition since 1962),Ch 2 Beat 2-4 (March-23-2025 standing-internal-investigation-petition filing through May-July-2026 cooperating-witness administrative-cooperation through August-12 pre-emptive-evacuation standing-acting-leader recognition through August-23 standing-acting-leader ratification),"The Standing-Junior-Archivist-Cooperating-Witness — Bharatpur Mahapanchayat-archival-cell junior-archivist since 2014 (12-year cell-tenure) — witnesses standing-211-certificate-cluster signature-stamp standing-Maru-Yama-administered replication-pattern at March 23 2025 administrative-week — files standing-internal-administrative-cell standing-investigation-petition at Mahapanchayat-of-Twelve-Houses standing-administrative-investigation-cell at Bharatpur-Mahapanchayat-cell senior-administrative-officer standing-administrative-cooperation-protocol — administratively-disregarded at Bharatpur-Mahapanchayat-cell senior-administrative-officer level under Maru-Yama senior-archivist administrative-influence cross-reference — standing-cooperating-witness with Ratan-Singh forensic-archivist cross-reference cell at standing-internal-investigation-petition recovery and standing-handwriting-analysis cross-reference administrative-cooperation across May-July 2026 — standing-acting-leader of Bharatpur Mahapanchayat-archival-cell at standing-post-Maru-Yama administrative-vacuum from August 12 2026 via pre-emptive-evacuation administrative-cross-reference (9:11 a.m. August 12 evacuated rest-of-cell before 11:11 a.m. triple-cohort arrival)","Husband to Pradeep-Bhanwari (45, Bharatpur-State-Civil-Service deputy-secretary-cooperative); mother to Sneha-Bhanwari (19, Jaipur-University Law) and Aakash-Bhanwari (17, Bharatpur-DPS); standing-Bhanwari-line Bharatpur-archival-administrative-tradition since 1962 (her father Late D. R. Bhanwari standing-Bharatpur Mahapanchayat-archival-cell junior-archivist 1962-1989; standing-charter-witness at standing-Bharatpur-Mahapanchayat-archival-cell standing-administrative-cooperation tradition cross-reference)","Forty-three years old. Twelve-year cell-tenure. Standing-Bharatpur Mahapanchayat-archival-cell Bhanwari-line standing-archival-administrative-tradition since 1962. Standing-cooperating-witness with Ratan-Singh administrative-cooperation administrative-cross-reference. Per Ch 3 plan continues at Bharatpur Mahapanchayat-archival-cell standing-reform-faction administrative-cross-reference at standing-3-witness administrative-signature-protocol implementation under amended 1956-charter; cross-references with State-CID investigation-cell at cross-network funding-trail evidence-document E-28/2026 cooperation-protocol."
rajasthan-dr-k-iyer,Rajasthan,west,2,Dr. K. Iyer,supporting-hero,49,male,Reformers (Delhi Forensic Sciences Laboratory handwriting-analysis specialist; standing-211-certificate-cluster handwriting-analysis 98.7%-confidence cross-reference author),—,Ch 2 Beat 3 (June-23-July-16 23-day forensic-analysis window M-28E-through-28G author),"The Standing-Forensic-Handwriting-Analyst — Delhi-Forensic-Sciences-Laboratory handwriting-analysis specialist since 2008 — standing-211-certificate-cluster signature-replication standing-handwriting-analysis cross-reference administrator at standing-23-day forensic-analysis window June 23-July 16 2026 — authored standing-evidence-document M-28E-through-28G standing-DFSL forensic-analysis report at standing-211-certificate-cluster standing-junior-archivist signature-stamp standing-Maru-Yama-administered-replication-handwriting cross-reference confidence at 98.7% standing-handwriting-analysis cross-reference","Husband to Dr. Sumitra-Iyer (47, AIIMS-Delhi Forensic-Medicine Department); father to Arjun-Iyer (22, IIT-Delhi Chemical-Engineering) and Maya-Iyer (16, DPS-RK-Puram); standing-DFSL-Delhi senior-affiliate at standing-Indian-Forensic-Sciences-Society standing-handwriting-analysis cell senior-administrative-officer since 2014","Forty-nine years old. Eighteen-year DFSL cell-tenure. Standing-Delhi-University PhD Forensic-Sciences 2006 at standing-handwriting-analysis-and-document-examination specialisation. Per Ch 3 plan continues at standing-State-CID investigation-cell cross-network funding-trail evidence-document E-28/2026 forensic-handwriting-analysis cross-reference administrative-cooperation protocol."
rajasthan-marudhar-sakhi,Rajasthan,west,2,Marudhar-Sakhi (the Standing-Bonded-Camel),mythic-creature-bonded,23,female,Reformers (Mrigatrishna standing-bonded-camel since 2003),—,Ch 2 Beat 2-4 (April-11 conferral-anniversary dawn-witness through August-12 mark-formation 3-metre-rear position through August-23 step-back ceremony bonded-camel-consent ratification gesture),"The Standing-Bonded-Camel — 23-year-old standing-bonded-camel since 2003 conferral-anniversary at Mrigatrishna 7-year-tenure recognition cross-reference — female-Camelus-dromedarius Thar-desert-Bikaner-cohort heritage-bloodline at standing-charter-foundational pastoral-companion cross-reference — standing-3-metre-rear position at Mrigatrishna ceremonial-attendance across April-11 + August-11 + August-12 + August-23 + November-23 cross-reference — touches forehead to Mrigatrishna right-hand at August-23 step-back ceremony 11:13:11-23 a.m. at standing-Suryavamshi-Rajput tradition standing-charter-foundational bonded-camel-consent ratification gesture","Bonded-camel since 2003 (prior bonded-camel Marudhar-Pati-the-Elder stepped down at age 18 to standing-pride-elder pastoral-companion seat in 2003); sole-bonded to Mrigatrishna 2003-2026 + retained at Marudhar-Strategist-Counsellor-Elder seat continuous-bond cross-reference; standing-camel-cohort 23 standing-Marudhar-cohort Bikaner-Chittorgarh pastoral-corridor sub-cohort","Twenty-three years old. Camel (Camelus dromedarius) Thar-desert-Bikaner-cohort heritage-bloodline. Standing-natural-forehead-whorl in the shape of standing-Chittorgarh-Vijay-Stambh standing-storey-9 standing-acanthus-leaf carving-pattern at standing-charter-foundational visual-anchor (recognised by Mata Karni-Bai-the-Elder at 2003 conferral-anniversary as standing-charter-foundational bonded-camel standing-pride-of-the-line sign). Standing-territorial-range Chittorgarh-Bikaner pastoral-corridor 311-sq-km core-area + Mahapanchayat-of-Twelve-Houses standing-charter-foundational ceremonial-tour standing-cross-region pasture-zone. Per Ch 3 plan continues at standing-Marudhar-Strategist-Counsellor-Elder seat standing-bonded-camel administrative-cross-reference; Sanctuary attendance at West-cluster delegation behind Mrigatrishna at standing-bonded-pastoral-companion recognition-position."
rajasthan-karni-sakhi,Rajasthan,west,2,Karni-Sakhi (the Standing-White-Headed-Vulture),mythic-creature-bonded,11,female,Reformers (Mrigatrishna standing-bonded-aerial-companion since 2015),—,Ch 2 Beat 2-4 (April-11 conferral-anniversary Aravalli-Sarus-pigeon receiver through August-23 step-back-ceremony 23-second cadence-cycle administration),"The Standing-Bonded-Aerial-Companion — 11-year-old standing-bonded-aerial-companion since 2015 conferral-anniversary at Mrigatrishna 19-year-tenure recognition cross-reference — White-headed-vulture (Trigonoceps occipitalis) Aravalli-corridor-Rajasthan endemic-population at standing-charter-foundational bonded-aerial-companion cross-reference (Karni-Mata tradition standing-charter-foundational vulture-companion recognition at Deshnoke-Karni-Mata-temple 14th-century-CE standing-charter-foundational bird-sanctuary tradition cross-reference) — receives standing-Aravalli-Sarus-pigeon at Vijay-Stambh storey-9 perch-position 4:23 a.m. April 11 2026 — calls 23-second cadence-cycle at standing-formal-Marwari-mantra-tradition acknowledgement-cross-reference at standing-mark-formation 4:11 a.m. August 12 and step-back ceremony 11:14:11-34 a.m. August 23","Sole-pair with Marudhar-Sakhi standing-bonded-camel; bonds to Mrigatrishna at 2015-conferral-anniversary; perch-mate to Mata Karni-Bai-the-Elder at standing-Deshnoke-Karni-Mata-temple standing-charter-foundational bird-sanctuary tradition cross-reference","Eleven years old. White-headed-vulture (Trigonoceps occipitalis). Standing-female-vulture at standing-23-second cadence-cycle standing-formal-Marwari-mantra-tradition acknowledgement-call cross-reference. Standing-Vijay-Stambh storey-9 perch-position standing-charter-foundational aerial-companion position. Standing-cross-region aerial-correspondence with Maina-Sakhi Hill-Myna at Chhattisgarh (Aranya-Putri standing-bonded-Hill-Myna) + Sasan-Gir lion-pride at Gujarat. Per Ch 3 plan continues at standing-Marudhar-Strategist-Counsellor-Elder seat standing-bonded-aerial-companion administrative-cross-reference."
rajasthan-inspector-mk-sharma,Rajasthan,west,2,Inspector M. K. Sharma,supporting-hero,46,male,Non-aligned (Bharatpur-District Police senior-Inspector; Schedule-V/Schedule-VI multi-tradition standing-jurisdiction-precedence administrator) — declares for Reformers via multi-tradition standing-charter-foundational defensive-protection clause recognition,—,Ch 2 Beat 4 (August-12 11:48 a.m. archival-cell arrival through 12:11 p.m. FIR Section-302 IPC standing-judicial-execution administrative-cross-reference filer),"The Standing-Inspector — Bharatpur-District Police senior-Inspector since 2019 — walks to Bharatpur Mahapanchayat-archival-cell southern-window 11:48 a.m. August 12 2026 at standing-senior-Inspector duty-station administrative-protocol — confirms Maru-Yama mortality 11:53 a.m. — files standing-Bharatpur-District FIR Section-302 IPC standing-judicial-execution administrative-cross-reference 12:11 p.m. August 12 at standing-23-member Charan-Bhil-Meghwal triple-cohort standing-collective-actor designation per Schedule-V/Schedule-VI multi-tradition standing-judicial-tradition cross-reference — standing-FIR active but non-enforceable at standing-multi-tradition standing-charter-foundational defensive-protection clause per Constitution-of-India Article-244 + Rajasthan-State-Government 1956-Mahapanchayat-charter ratification administrative-cross-reference","Husband to Smt. Anita-Sharma (44, Bharatpur-Municipality-Education-Cell senior-administrative-officer); father to Akshay-Sharma (18, Bharatpur-District-Engineering-College preparation cohort) and Bhavya-Sharma (15, Bharatpur-DPS); brother to ASI Karan-Sharma (Aravalli-corridor State-Police standing-coordination-cell); standing-Schedule-V/Schedule-VI multi-tradition standing-jurisdiction-protocol cross-reference cell familiarity since 2019","Forty-six years old. Seven-year Bharatpur-District cell-tenure. Twenty-three-year Rajasthan-State-Police service. Standing-Schedule-V/Schedule-VI multi-tradition standing-jurisdiction-protocol cross-reference cell familiarity at standing-State-Police standing-Constitution-of-India Article-244 + 1956-Mahapanchayat-charter ratification administrative-protocol cross-reference. Per Ch 3 plan continues at Bharatpur-District administrative-protocol; cross-references with State-CID investigation-cell at standing-cross-network funding-trail evidence-document E-28/2026 cooperation-protocol."
rajasthan-vijay-stambh-rotation,Rajasthan,west,2,The Chittorgarh Vijay-Stambh 47-mm Anti-Clockwise Rotation,maw-sign-28-monument-animation-completes-pair-with-uttarakhand,—,—,Standing Maw Sign #28 — The Saga's Ninth Paired-Sign Category Completion (Monument-Animation Pair With Uttarakhand — Chittorgarh Vijay-Stambh 9-Storey Carved-Stone-Tower Storey-3-to-Storey-4 Cervical-Cross-Section Rotates 47 Millimetres Anti-Clockwise Across Eleven-Second Window At Cardinal-East-Facing Position In Permanent-Rotated Configuration),—,Ch 2 Beat 4 (4:11:11 a.m. August 12 2026 first rotation-observation through 4:11:22 a.m. August 12 2026 rotation-completion at 11-second window at permanent-rotated configuration),"Beginning at 4:11:11 a.m. on August 12 2026 (simultaneous with the standing-Stage III camel-foreleg-first-stroke formation at Mrigatrishna's standing-right-upper-back at the standing-Chittorgarh Vijay-Stambh courtyard cardinal-east-facing position + 7 hours 31 minutes after the standing-Mahapanchayat-of-Twelve-Houses 211-delegate-cohort vote-completion 5:23:11 p.m. August 11 + 16 hours 32 minutes after the standing-vote-administration completion at the standing-Maldhari-pastoral-coexistence-clause-equivalent Mahapanchayat-charter-foundational ratification), the standing-Chittorgarh Vijay-Stambh standing-9-storey carved-stone-tower at the standing-Maharana-Kumbha 1448-CE-construction monument-position at the standing-Chittorgarh-Fort eastern-courtyard ridge-position rotates standing-47 millimetres anti-clockwise at the standing-cervical-cross-section standing-storey-3-to-storey-4 transition position. The standing-rotation duration is 11 seconds 4:11:11-4:11:22 a.m. at the standing-storey-3-to-storey-4 transition standing-37-millimetre-thickness load-bearing-stone-band cross-reference. The standing-1,260-metric-tonne sandstone-carved 9-storey 37.19-metre-height Vijay-Stambh at the standing-Maharana-Kumbha 1448-CE Mewar-victory-commemoration construction cross-reference is at the standing-cervical-cross-section rotated-configuration; the standing-rotation is at the standing-anti-clockwise vector at the standing-cardinal-east-facing position; the standing-rotation is at the standing-permanent configuration (the standing-rotation does not reverse at the standing-following-dawn cross-reference; the standing-post-2026-August-12 4:11:22-a.m. configuration is the standing-permanent-rotated configuration at the standing-Maw-attribution recognition-cross-reference).","Standing-Maw-sign-recognition cell evidence-documents M-28A (IIT-Jodhpur Civil-Engineering Dr. K. Vaishnavi 49 August-18 expertise-report no-mechanical-mechanism-identification at 1,260-metric-tonne sandstone-carved-tower rotation 11-second window), M-28B-through-G (ASI Chittorgarh-cell Dr. R. Singh-Chouhan 58 23-laser-survey-position evidence-cluster across storey-3-to-storey-4 transition 360-degree-circumference rotation-confirmation 4:43-7:11 a.m. August 12), M-28H (Mewar-Trust senior-administrator Acharya Bhairavanand-Maharaj 76 Vijay-Stambh courtyard arrival 7:23 a.m. confirming standing-actual-monument permanent-rotated configuration); paired with Uttarakhand's Kedarnath-Nandi head-turn 25.4 mm east-northeast at standing-cervical-vertebrae cross-section rotation at standing-temple-courtyard standing-eastern-entrance standing-aerial-elevation position (Uttarakhand 580-metric-tonne solid-granite at Himalayan-altitude scale; Rajasthan 1,260-metric-tonne sandstone-carved-tower at desert-monument scale; both signs at standing-bonded-monument standing-actual-monument-mass-rotation configuration at standing-charter-foundational state-hero-transition dawn-window). **All standing-Chapter-Two paired-sign categories are now at standing-completion configuration except the standing-creature-behaviour-displacement category at three-entry-expansion configuration.** Saga's standing-fifth standing-Maw-witness-of-state-hero-transition instance (after Bengal substrate-voice at Sundarvani death-acknowledgment; Himachal tragopan-singing at Himavati death-acknowledgment; Chhattisgarh buffalo-migration-and-perch-refusal at Dandakarni step-back-acknowledgment; Gujarat Somnath-Jyotirlinga reflection-substitution at Saraswati step-back-and-cousin-inheritance-acknowledgment; Rajasthan Vijay-Stambh monument-animation at Mrigatrishna step-back-and-counsellor-inheritance-acknowledgment)."
